Date,MKT,VIX,RATE,USD,COM
2015-01-05,-0.018059356538306814,2.1299991607666016,-0.0839998722076416,0.0032937573159006472,0.0
2015-01-06,-0.009419285831372859,1.2000007629394531,-0.07599997520446777,0.0013132277324241493,-0.014721381698559077
2015-01-07,0.012461342003904363,-1.8100013732910156,-0.009000062942504883,0.004262288411458259,0.0
2015-01-08,0.01774471644621367,-2.299999237060547,0.06200003623962402,0.005223673524016537,-0.0032016791182064575
2015-01-09,-0.008013383691143017,0.5399990081787109,-0.04500007629394531,-0.004655194244775451,-0.0037473069422181426
2015-01-12,-0.007833470579377333,2.0500011444091797,-0.05900001525878906,0.00043507629394334835,0.0
2015-01-13,-0.0028129002899863753,0.9599990844726562,-0.02199995517730713,0.0035876732943747047,0.0
2015-01-14,-0.006036941621750724,0.9200000762939453,-0.05299997329711914,-0.0016248932992243281,-0.09081141744388632
2015-01-15,-0.00916062632101422,0.9099998474121094,-0.06200003623962402,0.002061575569249241,0.033687925074115554
2015-01-16,0.013114103757420503,-1.4399986267089844,0.040000081062316895,0.001840803159222082,0.019439688795727994
2015-01-20,0.002132670267536607,-1.0600013732910156,-0.008000016212463379,0.005728560613076139,-0.014582177789925321
2015-01-21,0.005048255966022985,-1.039999008178711,0.046000003814697266,-0.0016120528851081284,-0.002845716444450197
2015-01-22,0.014870852212753638,-2.450000762939453,0.042999982833862305,0.01442407229150966,-0.00684936279098225
2015-01-23,-0.005482689061349633,0.26000022888183594,-0.07899999618530273,0.008064538979819513,-0.02816090700348839
2015-01-26,0.0023415242068955955,-1.1399993896484375,0.010999917984008789,-0.0021052310341282965,0.008870468355044236
2015-01-27,-0.013190825720244437,1.6999988555908203,-0.00299990177154541,-0.008227915438626554,-0.019343489685615056
2015-01-28,-0.01282391681488182,3.220001220703125,-0.10100007057189941,0.004786264557582243,0.001195484656958845
2015-01-29,0.009243423915737292,-1.6800003051757812,0.027000069618225098,0.003281439129756425,-0.004179086258162323
2015-01-30,-0.012574577415603194,2.2099990844726562,-0.07600009441375732,0.00021106006244542286,0.0
2015-02-02,0.012383963726042113,-1.539999008178711,-0.001999974250793457,-0.0031645890516904807,0.029676251588885316
2015-02-03,0.014460797229370215,-2.1000003814697266,0.10699999332427979,-0.009523825670676223,0.009606984571798538
2015-02-04,-0.003807652495932401,1.0,0.01700007915496826,0.004166660213742013,0.0
2015-02-05,0.010095233784456648,-1.4799995422363281,0.018000006675720215,0.007553985536862484,0.013264102665074162
2015-02-06,-0.0027654555464470265,0.4400005340576172,0.12299990653991699,0.0,-0.008537257890474548
2015-02-09,-0.004475715276854086,1.2599983215332031,0.009999990463256836,-0.002639915607775989,0.005740550001823053
2015-02-10,0.010653533089749478,-1.3199996948242188,0.043000102043151855,0.003282214907409209,-0.013127827410210346
2015-02-11,0.0005802398151879551,-0.2700004577636719,-0.003000020980834961,0.002427139324125527,0.004048565131153703
2015-02-12,0.009616521960134072,-1.6199989318847656,-0.002000093460083008,-0.009474697822076439,0.019585261557257816
2015-02-13,0.00411632959284991,-0.6500005722045898,0.034999966621398926,0.0011690999535862723,0.0
2015-02-17,0.001573069168548713,1.1100006103515625,0.12400007247924805,-0.001486193144203174,-0.022598955290241363
2015-02-18,9.495333571063469e-05,-0.35000038146972656,-0.07899999618530273,0.001488405201809817,0.018497203253473815
2015-02-19,-0.0007135768971633372,-0.15999984741210938,0.04699993133544922,0.0021231909141845584,0.0022700911619508712
2015-02-20,0.006000631126797051,-0.9899997711181641,0.019999980926513672,-0.0015889991891343547,-0.006794956564076693
2015-02-23,-0.00014219277702665067,0.26000022888183594,-0.07399988174438477,0.0033952222262516596,-0.0051311372799426325
2015-02-24,0.002841198808349432,-0.8700008392333984,-0.07099997997283936,-0.0008459535932415774,0.0
2015-02-25,-0.0008502500296745374,0.15000057220458984,-0.01900005340576172,-0.0029632636853327288,0.030372421554415885
2015-02-26,-0.0011813597595731196,0.06999969482421875,0.04700005054473877,0.011463770741429569,0.0322580610941392
2015-02-27,-0.0034058228629536558,-0.5699996948242188,-0.01399993896484375,-0.0004197808284502891,-0.03124999678854279
2015-03-02,0.0063133430096535825,-0.3000001907348633,0.0820000171661377,0.0022047147976131942,0.0
2015-03-03,-0.004103860478329113,0.8199996948242188,0.037999868392944336,-0.0008380665390944619,0.0
2015-03-04,-0.004215708106400706,0.36999988555908203,0.0009999275207519531,0.006185824955703856,0.0
2015-03-05,0.0010938881886173313,-0.18999958038330078,-0.010999917984008789,0.004272126992808545,0.0022247450804089297
2015-03-06,-0.01406430676363657,1.1599998474121094,0.12800002098083496,0.012865797141533797,-0.01997783580501855
2015-03-09,0.004144588309866082,-0.1399993896484375,-0.04500007629394531,-0.00030737971570538036,0.022083770839079975
2015-03-10,-0.01622240791185603,1.630000114440918,-0.0690000057220459,0.010554426143486673,-0.023822626925339097
2015-03-11,-0.002341321402867913,0.18000030517578125,-0.01699995994567871,0.011965121398424206,0.003972740720213475
2015-03-12,0.012713997917674913,-1.4500007629394531,-0.013000011444091797,-0.006513041142311438,0.0
2015-03-13,-0.006132333892245434,0.5799999237060547,0.016000032424926758,0.011901162753565897,0.022611622750388083
2015-03-16,0.013360418067482449,-0.3900003433227539,-0.01399993896484375,-0.007276022561654494,0.0
2015-03-17,-0.0029720537672672798,0.05000019073486328,-0.039999961853027344,-0.00010042305606128288,-0.009950265542149839
2015-03-18,0.012021186708669696,-1.6899995803833008,-0.10700011253356934,-0.01044274851265492,-0.021775510495316452
2015-03-19,-0.004561591313367863,0.09999942779541016,0.026000022888183594,0.005580876766431153,0.0
2015-03-20,0.008827188187550572,-1.0499992370605469,-0.04700005054473877,-0.012008020487734639,0.04394979666923815
2015-03-23,-0.00194867745590388,0.3899993896484375,-0.014999985694885254,-0.008987895515247146,0.06451603820453511
2015-03-24,-0.005619155361185957,0.21000003814697266,-0.03699994087219238,0.0016490123067331997,-0.03133018615899652
2015-03-25,-0.014653840889983782,1.8199996948242188,0.0419999361038208,-0.0021607066488064097,0.0
2015-03-26,-0.00238124924865335,0.3600006103515625,0.08700001239776611,0.004743236425550856,0.010604392848272415
2015-03-27,0.0022897248719562224,-0.7300004959106445,-0.05900001525878906,-0.001539424488100849,0.0
2015-03-30,0.012199789758973623,-0.5599994659423828,0.015000104904174805,0.007092223608933246,-0.013641145654092024
2015-03-31,-0.008739326864919184,0.7799997329711914,-0.029000043869018555,0.003878314353936707,-0.011170164521000836
2015-04-01,-0.0035364037103953194,-0.18000030517578125,-0.06599998474121094,-0.0017283262290608281,-0.008606769558839211
2015-04-02,0.003597412066265626,-0.4399995803833008,0.03600001335144043,-0.007638252177939897,0.0
2015-04-06,0.006733140778863778,0.06999969482421875,0.0,-0.00338671821414549,0.0
2015-04-07,-0.002646183638454702,0.039999961853027344,-0.01100003719329834,0.007414284998226828,0.01247962769548816
2015-04-08,0.003376749272617996,-0.8000001907348633,0.001999974250793457,0.0024532133218599927,-0.01178988827189098
2015-04-09,0.004423749738923677,-0.8899993896484375,0.06299996376037598,0.011114550532038914,0.0
2015-04-10,0.005457265287588164,-0.5100002288818359,-0.006999969482421875,0.0023194404905708677,0.00596522233281771
2015-04-13,-0.004523168993890603,1.359999656677246,-0.011999964714050293,0.0010061220921138148,-0.005929849462374404
2015-04-14,0.0019133077134982912,-0.26999950408935547,-0.034999966621398926,-0.007337378060241151,-0.024945823129001177
2015-04-15,0.004486760636775999,-0.8299999237060547,-0.004000067710876465,-0.004353992465316425,0.016129083587911763
2015-04-16,-0.00028508558423057107,-0.23999977111816406,-0.02199995517730713,-0.009254588072447056,0.021346435680176024
2015-04-17,-0.011503624993836836,1.2899999618530273,-0.02799999713897705,0.0010264676247240256,0.0
2015-04-20,0.009136907422947926,-0.5900001525878906,0.04499995708465576,0.004306868465932201,-0.010718154586008222
2015-04-21,-0.0011911688396821773,-0.05000019073486328,0.021000027656555176,0.00040842265193208327,-0.01354279590459373
2015-04-22,0.004913815848295533,-0.5399999618530273,0.0559999942779541,0.0004081780441169691,-0.008786373171678963
2015-04-23,0.002516185205480692,-0.23000049591064453,-0.02499997615814209,-0.007549458162747991,0.01717459204399918
2015-04-24,0.0023208763032502855,-0.18999958038330078,-0.029999971389770508,-0.0037006642153472047,0.0
2015-04-27,-0.00415787680047075,0.8299999237060547,0.006999969482421875,-0.0015476839528766329,0.021241796115657907
2015-04-28,0.003178872573472491,-0.7100000381469727,0.04900002479553223,-0.00702697456613488,0.0
2015-04-29,-0.004114603170765063,0.9800004959106445,0.06200003623962402,-0.010094636572757332,0.0053333536783854996
2015-04-30,-0.010020530502167113,1.1599998474121094,0.010999917984008789,-0.005466823564401313,0.02758623062283072
2015-05-01,0.010841495325123907,-1.8500003814697266,0.0710000991821289,0.007399625675768018,0.024780563832712987
2015-05-04,0.002847280957525733,0.15000057220458984,0.017999887466430664,0.0018887754397869383,-0.010579394850658286
2015-05-05,-0.011451735261592266,1.4600000381469727,0.0410001277923584,-0.0036657529452234217,0.007637552471511988
2015-05-06,-0.004117092846139592,0.8399991989135742,0.06399989128112793,-0.010511931345231651,-0.006569027897984303
2015-05-07,0.00398940261062819,-0.01999950408935547,-0.0559999942779541,0.005205625278463133,-0.0010173172898727545
2015-05-08,0.013166716986507954,-2.270000457763672,-0.03399991989135742,0.0017966409216940704,0.0
2015-05-11,-0.004772619669192957,0.9900007247924805,0.12399983406066895,0.002320932783819396,0.0
2015-05-12,-0.0029918869853833296,0.009999275207519531,-0.01399993896484375,-0.005052134997800994,0.003564139358431362
2015-05-13,0.00019084392339019374,-0.09999942779541016,0.02200007438659668,-0.009626531730307586,0.0005073683077798652
2015-05-14,0.010427512148545093,-1.0200004577636719,-0.042999982833862305,-0.0027772070989386943,-0.0005071110157219838
2015-05-15,0.0010838058554114571,-0.3599996566772461,-0.09800004959106445,-0.0023564826399404826,0.0
2015-05-18,0.0031069630686926253,0.34999942779541016,0.08699989318847656,0.011273384782462426,-0.0025367447682904665
2015-05-19,-0.0003287201755912683,0.12000083923339844,0.03400015830993652,0.01146612351275822,-0.02848420499942661
2015-05-20,-0.0007038427066511366,0.029999732971191406,-0.01100015640258789,0.0018893703318807464,-0.0036649054149826554
2015-05-21,0.002912210125592951,-0.7700004577636719,-0.06599998474121094,-0.001990516690270283,0.01471354541218517
2015-05-22,-0.0023885549892666003,0.020000457763671875,0.029999971389770508,0.007873188989933277,-0.022268271210166835
2015-05-26,-0.01075173930019746,1.9300003051757812,-0.07799983024597168,0.013436109643002903,0.0
2015-05-27,0.009492215233106505,-0.7899999618530273,-0.002000093460083008,0.0007194213014256601,0.0010593463269448211
2015-05-28,-0.0011285177880324682,0.039999961853027344,-0.004999876022338867,-0.004108057046274927,0.0
2015-05-29,-0.006212821555324433,0.5299997329711914,-0.03500008583068848,-0.0006187228817002843,-0.02116400140760355
2015-06-01,0.002036532861379614,0.13000011444091797,0.0969998836517334,0.004953004946864237,0.0
2015-06-02,-0.000992596770144516,0.26999950408935547,0.07400012016296387,-0.015915423159172604,0.0
2015-06-03,0.002649322629424855,-0.5799999237060547,0.09999990463256836,-0.0038605502016407778,-0.0010811058250633776
2015-06-04,-0.00844644068829159,1.0500001907348633,-0.05900001525878906,-0.00010476732065134442,-0.018939415050838848
2015-06-05,-0.0017133054323142938,-0.5,0.09500002861022949,0.008904237191212694,0.0
2015-06-08,-0.006149413512245183,1.0799999237060547,-0.020999908447265625,-0.010486912391639014,0.0
2015-06-09,-0.0001442288734913033,-0.8199996948242188,0.03600001335144043,-0.0013641645188814389,0.017650392552986727
2015-06-10,0.01199363289859634,-1.25,0.06099987030029297,-0.005463871525386743,0.0
2015-06-11,0.003223237158139103,-0.36999988555908203,-0.09500002861022949,0.0034865486078672348,0.0
2015-06-12,-0.007654794798629183,0.9299993515014648,0.002000093460083008,-0.0001053078108754768,0.0
2015-06-15,-0.004285361125480058,1.6100006103515625,-0.026999950408935547,-0.001684781089320353,-0.033604380140666135
2015-06-16,0.005451344960887505,-0.5799999237060547,-0.039999961853027344,0.002004033818151063,0.0
2015-06-17,0.0016173347495436197,-0.3100004196166992,-0.012000083923339844,-0.007368388928865155,0.0
2015-06-18,0.010399376327354437,-1.3100004196166992,0.04500007629394531,-0.002757180570691631,0.0
2015-06-19,-0.004439340806766778,0.7700004577636719,-0.0840001106262207,0.0005316399604056166,-0.048794214411447046
2015-06-22,0.005123192944141319,-1.2200002670288086,0.09299993515014648,0.0025508077639004867,0.004717089349841386
2015-06-23,0.0007076590073427091,-0.630000114440918,0.04900002479553223,0.011661173038999717,0.032863816658137424
2015-06-24,-0.0072625091243135875,1.1500005722045898,-0.037999868392944336,-0.001781391264819021,0.0005681948105162871
2015-06-25,-0.0030403434773464966,0.75,0.021999835968017578,-0.0007348277687849736,0.0
2015-06-26,-0.0001905519045946047,0.010000228881835938,0.08300018310546875,0.0029414725508514206,0.09596811857664367
2015-06-29,-0.020970286816519912,4.829999923706055,-0.14499998092651367,-0.007122659437321932,0.0
2015-06-30,0.0020932649079083987,-0.6200008392333984,0.003999948501586914,0.007384712960030404,-0.08341962521487323
2015-07-01,0.008015318484283052,-2.1399993896484375,0.08299994468688965,0.008587283623087583,0.006783432914755361
2015-07-02,-0.0009155262939944953,0.7000007629394531,-0.02500009536743164,-0.002076595922666402,0.002245980725818386
2015-07-06,-0.0028461174672547163,0.2199993133544922,-0.11499977111816406,0.001976926856722905,-0.04145656892457916
2015-07-07,0.006288909495621109,-0.9200000762939453,-0.04700016975402832,0.0059189997586797105,-0.03097607643128064
2015-07-08,-0.016777615932774492,3.5699996948242188,-0.02499985694885254,-0.005987424534011909,0.018697193448061755
2015-07-09,0.001809411139175543,0.3099994659423828,0.09500002861022949,0.003323291014452723,0.018354137625428812
2015-07-10,0.012591463850342377,-3.1399993896484375,0.11599993705749512,-0.0060035382195468,-0.006395384039085572
2015-07-13,0.011037299378564125,-2.9300003051757812,0.013000011444091797,0.008643151531869231,0.006436548236946837
2015-07-14,0.004338158414542326,-0.5299997329711914,-0.031000137329101562,-0.002271332018550676,-0.0023256345205246998
2015-07-15,-0.00033218957843805796,-0.1400003433227539,-0.04900002479553223,0.005070342165399699,0.0
2015-07-16,0.008024123030933694,-1.119999885559082,0.002000093460083008,0.005456670685458631,-0.009324000514850717
2015-07-17,0.0008474989771563024,-0.15999984741210938,-0.003000020980834961,0.0020478900342268958,-0.008823506972369
2015-07-20,0.0005180086383582694,0.3000001907348633,0.023000001907348633,0.001737156835121878,-0.013649824156043544
2015-07-21,-0.003951322067528573,-0.029999732971191406,-0.032000064849853516,-0.007140640181156677,0.0024066790709353914
2015-07-22,-0.0017945609324007128,-0.10000038146972656,-0.017999887466430664,0.002774033062642456,-0.01560625637834101
2015-07-23,-0.005630174493501672,0.5200004577636719,-0.04500007629394531,-0.004917989088558561,-0.018292636831624076
2015-07-24,-0.010371925747554855,1.0999994277954102,-0.006000041961669922,0.0012355345324752687,0.0
2015-07-27,-0.005817126718457577,1.8600006103515625,-0.042999982833862305,-0.007610015220344324,-0.012422407341657338
2015-07-28,0.01228300083485645,-2.160000801086426,0.02200007438659668,0.002797892674263336,0.02138365790849761
2015-07-29,0.006879072375699513,-0.9399995803833008,0.029000043869018555,0.002170163492325017,-0.005541881395094039
2015-07-30,0.0002371397696245836,-0.36999988555908203,-0.01100015640258789,0.005980554563660867,0.0
2015-07-31,-0.0015179076643355716,-0.010000228881835938,-0.06299996376037598,-0.0019474663465177677,0.0
2015-08-03,-0.0033729041396716175,0.4400005340576172,-0.05499982833862305,0.0012323622656127409,-0.018575804591123957
2015-08-04,-0.001954833812518264,0.4399995803833008,0.06099987030029297,0.004513308555212925,0.0
2015-08-05,0.003295846783769818,-0.48999977111816406,0.056999921798706055,0.00030632879815573055,-0.0050473136770131655
2015-08-06,-0.008187545657341588,1.260000228881836,-0.03399991989135742,-0.0013270442490088685,0.0057069877172557515
2015-08-07,-0.0019200317071390582,-0.38000011444091797,-0.05900001525878906,-0.0027599332250571873,-0.008196728704605416
2015-08-10,0.012599265520299552,-1.1600008010864258,0.06299996376037598,-0.0040999785413498024,0.0
2015-08-11,-0.009022999984529156,1.4800004959106445,-0.10099983215332031,0.0013379708575358418,0.0031786517603265008
2015-08-12,0.0011980698971167936,-0.10000038146972656,-0.006999969482421875,-0.010586892482313592,0.004436036101589824
2015-08-13,-0.0012446418553573313,-0.11999988555908203,0.05899977684020996,0.0019737669623447474,0.0
2015-08-14,0.003642360174312742,-0.6599998474121094,0.0070002079010009766,0.0012441964787870408,-0.007571030684244917
2015-08-17,0.005586817250652798,0.1900005340576172,-0.046000003814697266,0.0025887957004249174,-0.0108073189807264
2015-08-18,-0.00289695138754964,0.7699995040893555,0.046000003814697266,0.0015492824452769671,-0.01670952582713625
2015-08-19,-0.00790491269035043,1.4600000381469727,-0.06700015068054199,-0.005259380528104818,0.0013071571137279747
2015-08-20,-0.020881612643915415,3.8899993896484375,-0.04499983787536621,-0.007360554542934272,0.016971294651505486
2015-08-21,-0.030102386175371865,8.89000129699707,-0.03000020980834961,-0.009608335968097292,-0.010269566636432526
2015-08-24,-0.042107144565315835,12.710000991821289,-0.056999921798706055,-0.01602872765065344,-0.027885882169147558
2015-08-25,-0.011767660061472451,-4.720001220703125,0.1359999179840088,0.013074710670065492,0.03002000107646219
2015-08-26,0.038393902493848,-5.700000762939453,0.03900003433227539,0.006029828648945745,-0.025906711748779898
2015-08-27,0.024735062479994463,-4.219999313354492,-0.003999948501586914,0.005362798574273908,0.0405584879138583
2015-08-28,5.0054844496161266e-05,-0.05000114440917969,0.018000125885009766,0.005229578462588869,0.008945709056566997
2015-08-31,-0.008079182249475236,2.3800010681152344,0.01399993896484375,-0.0016647972229035801,-0.0031665732017516213
2015-09-01,-0.02984742280335284,2.969999313354492,-0.0280001163482666,-0.005211047586272555,-0.019059732852432676
2015-09-02,0.01898091858762818,-5.309999465942383,0.021000146865844727,0.0039811932421387475,0.011010367934849663
2015-09-03,0.0007162962165829789,-0.4799995422363281,-0.02500009536743164,0.006052403422439845,0.02049972168715919
2015-09-04,-0.015136462608781875,2.1899986267089844,-0.039999961853027344,-0.0018670293365679047,-0.02134338644534861
2015-09-08,0.02513117613547,-2.8999996185302734,0.06599998474121094,-0.003637182700881647,0.044259174297896386
2015-09-09,-0.013372023714065207,1.3299999237060547,-0.013000011444091797,0.0013559124586630666,-0.0006142646474234237
2015-09-10,0.005441748124237478,-1.8599987030029297,0.0409998893737793,-0.0057286015990021255,0.005531662572568985
2015-09-11,0.004544635180258938,-1.1700000762939453,-0.03899979591369629,-0.0028283746664138354,0.0
2015-09-14,-0.003710666092889725,1.0499992370605469,-0.003000020980834961,0.0006302926468635395,-0.003667565467757372
2015-09-15,0.012499051114512216,-1.7099990844726562,0.10099983215332031,0.0037795339669455252,-0.014110402024644864
2015-09-16,0.00866670595179908,-1.1900005340576172,0.02200007438659668,-0.0019872653508348215,0.0
2015-09-17,-0.002247805929852076,-0.21000099182128906,-0.08599996566772461,-0.009117534415030382,0.032980752751116116
2015-09-18,-0.016341508180329645,1.1400012969970703,-0.08699989318847656,0.003278662597441251,-0.04096387286441605
2015-09-21,0.005167653436893849,-2.1400012969970703,0.0839998722076416,0.010858093745199415,0.009422086545944008
2015-09-22,-0.012979680782612024,2.3000011444091797,-0.08899998664855957,0.004067153948595692,-0.0367143848034992
2015-09-23,-0.0015988324054071468,-0.3100013732910156,0.01900005340576172,-0.0021811288651346628,0.0
2015-09-24,-0.0036155476165128375,1.3400001525878906,-0.024000167846679688,-0.0008327451994256663,-0.005167953880604537
2015-09-25,-0.00025918377498246326,0.15000152587890625,0.04800009727478027,0.0029169578656960127,-0.007142835026105132
2015-09-28,-0.02509730644285857,4.009998321533203,-0.07299995422363281,-0.002492966366866689,-0.019620679626117243
2015-09-29,0.0005853060863214576,-0.7999992370605469,-0.0410001277923584,-0.0014578714092269296,0.010006709439289052
2015-09-30,0.018658058034709768,-2.3299999237060547,0.006000041961669922,0.004797153899265938,0.03038309297990538
2015-10-01,0.002609204996273151,-1.9500007629394531,-0.017999887466430664,-0.0016605712013354479,-0.014743621172205179
2015-10-02,0.014937872109442862,-1.6099987030029297,-0.05300009250640869,-0.0037425990353919802,0.01756671826766576
2015-10-05,0.017794820403358003,-1.3999996185302734,0.06700003147125244,0.0029218279656355595,0.009590768237694558
2015-10-06,-0.003426377917650214,-0.1400012969970703,-0.020999908447265625,-0.006763099799719452,-0.0018999197621069053
2015-10-07,0.008190825428637583,-1.0,0.026999950408935547,0.0004190332695472865,-0.0006345322802413511
2015-10-08,0.009026370038806242,-0.9799995422363281,0.046000003814697266,-0.0018848199494846396,-0.0006349351671006698
2015-10-09,0.0005962240890458048,-0.3400001525878906,-0.009000062942504883,-0.005350421085431045,0.0
2015-10-12,0.0009437679437769297,-0.9099998474121094,-0.009000062942504883,0.00031640945121136355,0.02223636509270821
2015-10-13,-0.006301996189276404,1.5,-0.034999847412109375,-0.0008434648328660144,-0.005593545788339593
2015-10-14,-0.004794023032440697,0.3600006103515625,-0.07400012016296387,-0.008758989155165375,0.0
2015-10-15,0.015354621332826612,-1.980001449584961,0.04200005531311035,0.0046843653782251415,0.0
2015-10-16,0.004546498290238121,-0.9999990463256836,0.0,0.0018014004874178369,0.008124947547912598
2015-10-19,0.0004919226427460011,-0.07000064849853516,0.005000114440917969,0.004442544583012964,-0.017358883686610538
2015-10-20,-0.0012780835264648571,0.7700004577636719,0.042999982833862305,-0.0011583889154601623,0.0
2015-10-21,-0.006203984322454836,0.9500007629394531,-0.0410001277923584,0.0021086408102715115,0.0
2015-10-22,0.01689390678494762,-2.2500009536743164,-0.004999876022338867,0.013571733242663475,0.0
2015-10-23,0.01096175011903866,0.010000228881835938,0.05799984931945801,0.007577365421244986,0.0
2015-10-26,-0.002457525882374134,0.8299999237060547,-0.02499985694885254,-0.0021633778214985577,0.0
2015-10-27,-0.001932497427705293,0.1400003433227539,-0.029999971389770508,0.000516240465029183,0.0
2015-10-28,0.011374468979502117,-1.1000003814697266,0.06399989128112793,0.008977350988664368,0.0
2015-10-29,-0.0005743999559441049,0.2799997329711914,0.08100008964538574,-0.005113520211107447,-0.011356485857642262
2015-10-30,-0.004309690932621568,0.46000003814697266,-0.02200007438659668,-0.003392288601929083,-0.016592228948050236
2015-11-02,0.01183077398748078,-0.9200000762939453,0.03600001335144043,-0.00020625728412437816,0.0
2015-11-03,0.0028995071746469314,0.3900003433227539,0.03299999237060547,0.002372881009073069,0.009085032103116175
2015-11-04,-0.003033070303290586,0.9700002670288086,0.009999990463256836,0.008130848665672596,0.006430831290599626
2015-11-05,-0.0009983756812821376,-0.46000003814697266,0.014999866485595703,-0.00010203682641474199,0.0
2015-11-06,-0.0005234689443082141,-0.7200002670288086,0.08800005912780762,0.012456618238630313,0.0
2015-11-09,-0.00933150372870073,2.190000534057617,0.009000062942504883,-0.00181525109447489,-0.04281150751598961
2015-11-10,0.0023068563438548573,-1.2300004959106445,-0.019999980926513672,0.003131921075773869,-0.012015978438046915
2015-11-11,-0.003931853117232542,0.7699995040893555,0.016000032424926758,-0.0028200098369934867,0.0
2015-11-12,-0.013959937299871661,2.3100013732910156,-0.01900005340576172,-0.003636002450098208,-0.02027028289652799
2015-11-13,-0.011228039362223385,1.7099990844726562,-0.03900003433227539,0.0034464909541986888,0.0
2015-11-16,0.015206671687524098,-1.9200000762939453,-0.006999969482421875,0.00454596007018826,-0.024137957342739935
2015-11-17,-0.0007290967974729057,0.6800003051757812,-0.012000083923339844,0.0019106477005939038,0.0
2015-11-18,0.015865748306785443,-1.989999771118164,0.00800013542175293,0.0002007856369810046,-0.023321550007245007
2015-11-19,-0.0008619848207979119,0.1399993896484375,-0.021000146865844727,-0.006623217782269375,0.007235917776986289
2015-11-20,0.003643940903884868,-1.5199995040893555,0.014000177383422852,0.005859196318529936,-0.015086209554309282
2015-11-23,-0.0011467371184096242,0.14999961853027344,-0.012000083923339844,0.0023099664320431756,-0.019693687601197496
2015-11-24,0.0013398168217420015,0.3100004196166992,-0.006999969482421875,-0.002705453549143755,0.030506012938040117
2015-11-25,-0.00014367343758181494,-0.7400007247924805,-0.010999917984008789,0.0027127928842807236,-0.014440487901144272
2015-11-27,0.0011466822584604852,-0.06999969482421875,-0.0070002079010009766,0.0022043445348844948,0.0
2015-11-30,-0.004151495213352008,1.0099992752075195,-0.006999969482421875,0.0014997153660603058,0.0029304002176475663
2015-12-01,0.009535819346737862,-1.4599990844726562,-0.06299996376037598,-0.0036936719971130128,0.006574153056721377
2015-12-02,-0.010205295045191853,1.239999771118164,0.023000001907348633,0.0019037555731655775,-0.010885313602101987
2015-12-03,-0.014002916375664975,2.200000762939453,0.15199995040893555,-0.023702321910402224,0.002201007536265953
2015-12-04,0.01950273437825145,-3.3000001907348633,-0.05499982833862305,0.007477931847985175,0.011713019707128458
2015-12-07,-0.006058131939908562,1.0299997329711914,-0.05000019073486328,0.003152060933380163,-0.01664251427751251
2015-12-08,-0.006719522881891815,1.760000228881836,0.013000011444091797,-0.0019258304718593466,0.013245055419775387
2015-12-09,-0.007779718572454852,2.010000228881836,-0.029999971389770508,-0.011374050296513616,0.0007261637527311571
2015-12-10,0.0025810312953036263,-0.2700004577636719,0.031000137329101562,0.006060646908402356,0.0007257060287098049
2015-12-11,-0.019380995703695336,5.049999237060547,-0.10000014305114746,-0.003777851106379071,0.01957943861570466
2015-12-14,0.0050523921549527895,-1.6599998474121094,0.08599996566772461,0.00030745904879281305,-0.0028449474153087184
2015-12-15,0.010497812462199496,-1.779998779296875,0.042999982833862305,0.006352487256917616,-0.022111298822749648
2015-12-16,0.014632150681856304,-3.0900001525878906,0.01900005340576172,-0.0035634134572513076,0.01094089118256103
2015-12-17,-0.015238236772454505,1.0799999237060547,-0.04900002479553223,0.014304627129820613,-0.01659448397789265
2015-12-18,-0.01781501584473366,1.760000228881836,-0.03900003433227539,-0.005741913106673158,0.02861337784653073
2015-12-21,0.008248486889117057,-2.0,-0.0019998550415039062,-0.0024315893737604233,0.017831668462005013
2015-12-22,0.009074799448413051,-2.1000003814697266,0.04200005531311035,-0.0022344223313913725,-0.021723924994553334
2015-12-23,0.012383499458798797,-1.0300006866455078,0.02499985694885254,0.001017899799425459,0.010028677861045221
2015-12-24,-0.0016508321719261865,0.1700000762939453,-0.020999908447265625,-0.003660697522502643,0.0035460450856619197
2015-12-28,-0.002284680339667,1.1700000762939453,-0.018000125885009766,-0.0006124227998818288,-0.015547655073176792
2015-12-29,0.010671732820367597,-0.8299999237060547,0.0820000171661377,0.0018382384450745803,0.0222540889555618
2015-12-30,-0.007087712647523947,1.210000991821289,-0.003999948501586914,0.0017329069479052883,0.0
2015-12-31,-0.010003280080943866,0.9199981689453125,-0.03399991989135742,0.0036633827480339054,0.0021067898263844587
2016-01-04,-0.013979905633484058,2.490001678466797,-0.024000167846679688,0.0024333924753885405,-0.02873165998136762
2016-01-05,0.0016914443850997163,-1.3600006103515625,0.003000020980834961,0.005360561996294644,0.0
2016-01-06,-0.012613985997643185,1.25,-0.0709998607635498,-0.002213291924807903,0.0036075174583987124
2016-01-07,-0.02399185575591878,4.399999618530273,-0.023999929428100586,-0.009679361580144707,-0.03306973710949057
2016-01-08,-0.010976191793095391,2.020000457763672,-0.023000001907348633,0.003257989114713755,-0.0007435114515724761
2016-01-11,0.0009899368211512272,-2.710000991821289,0.0279998779296875,0.001928175762542672,-0.020089249443388524
2016-01-12,0.008068339368642263,-1.8299999237060547,-0.0559999942779541,0.002430850355609415,-0.008352289752468933
2016-01-13,-0.02494055286605612,2.75,-0.03600001335144043,-0.00040417212320875695,-0.0053599269716247955
2016-01-14,0.01641658957941372,-1.269998550415039,0.032000064849853516,0.0016172650583370363,0.010777547789802888
2016-01-15,-0.021466001814177127,3.0699996948242188,-0.06500005722045898,-0.0013119109720691746,-0.012185822240483812
2016-01-19,0.001330972129090835,-0.970001220703125,0.002000093460083008,-0.001311590791062467,0.1094834269127769
2016-01-20,-0.012814764191342531,1.5400009155273438,-0.051000118255615234,0.0010101876581380953,-0.079916646613439
2016-01-21,0.00560167670083489,-0.8999996185302734,0.03500008583068848,-0.0003027427632006363,-0.0022658408980212874
2016-01-22,0.02051568124230707,-4.350000381469727,0.029000043869018555,0.005148416604076722,0.01059805775310152
2016-01-25,-0.015116719381955246,1.8099994659423828,-0.026000022888183594,-0.0021090598083387535,-0.0052434941197230245
2016-01-26,0.013642983268246756,-1.6499996185302734,-0.0280001163482666,0.0,0.014307269418529334
2016-01-27,-0.010883390235533086,0.6100006103515625,0.006999969482421875,-0.004629620386946032,0.01113582892031828
2016-01-28,0.00520939160524847,-0.6900005340576172,-0.015999913215637207,-0.003943370916393629,0.0
2016-01-29,0.024377295316090786,-2.219999313354492,-0.054000020027160645,0.01116636331608123,0.0
2016-02-01,-0.00036129527017125795,-0.220001220703125,0.034999966621398926,-0.006123889234151525,0.0073421719757689186
2016-02-02,-0.018022223904576862,2.0,-0.10199999809265137,-0.0013131035698784599,-0.011661796231637989
2016-02-03,0.005995356192591839,-0.3299999237060547,0.01700007915496826,-0.015980598636215815,0.0
2016-02-04,0.0015680089465350822,0.1900005340576172,-0.01700007915496826,-0.008428406692443047,0.039085524820815065
2016-02-05,-0.019050204665999382,1.539999008178711,-0.015999913215637207,0.005804888063726699,-0.017033340562035537
2016-02-08,-0.013461202527415783,2.6200008392333984,-0.11300003528594971,-0.004740792438006403,0.0028880838087588234
2016-02-09,5.368694614604763e-05,0.5400009155273438,-0.006000041961669922,-0.005177591400849946,-0.027357818937966627
2016-02-10,-0.0008623612828188021,-0.25,-0.023999929428100586,-0.001873636991231109,-0.021465577863800656
2016-02-11,-0.01300852037129463,1.8499984741210938,-0.06099998950958252,-0.0034414624377431258,0.012102862646013346
2016-02-12,0.020617665888162273,-2.739999771118164,0.10399997234344482,0.0043952052016567045,0.008221199980299243
2016-02-16,0.01687776725547896,-1.289999008178711,0.029999971389770508,0.009272758475936671,0.0
2016-02-17,0.01633508238878023,-1.8000011444091797,0.04100000858306885,-0.0008258679548505121,0.025203866446004364
2016-02-18,-0.004096089333051833,-0.6700000762939453,-0.060000061988830566,0.0016530223287680723,-0.0007230823526394037
2016-02-19,-0.00046847768027036274,-1.1099987030029297,-0.010999917984008789,-0.003610092678063115,-0.0021707477303656297
2016-02-22,0.014479181857457002,-1.1500015258789062,0.018000006675720215,0.008074521652356337,0.025380738392887903
2016-02-23,-0.012629482042096574,1.6000003814697266,-0.021000027656555176,0.0010269676148724205,-0.0056577030950237805
2016-02-24,0.004575557494022275,-0.26000022888183594,-0.003000020980834961,-0.0002052141133775942,0.004267387208514606
2016-02-25,0.012111656006298377,-1.6099987030029297,-0.04499995708465576,-0.0017442865846732936,-0.01983000957794301
2016-02-26,-0.0023012458772275757,0.6999988555908203,0.06499993801116943,0.00883955804562353,0.01878614349821528
2016-02-29,-0.007842394333125169,0.7399997711181641,-0.02199995517730713,0.0006112843368415444,-0.0007092360717223523
2016-03-01,0.023507060150347092,-2.8499984741210938,0.09399998188018799,0.0014255105483507169,0.014194450468363096
2016-03-02,0.0044924445748659725,-0.6100006103515625,0.0140000581741333,-0.0014234813606558427,0.011896436441410696
2016-03-03,0.003919641171293842,-0.3899993896484375,-0.018000006675720215,-0.006516641845174642,0.015214402935575633
2016-03-04,0.0032535844420809035,0.15999984741210938,0.05299997329711914,-0.0023573163641794626,0.021117129393593226
2016-03-07,0.000797732107398863,0.48999977111816406,0.018999934196472168,-0.0027737482353007437,0.01067377250534629
2016-03-08,-0.010917439363073767,1.3199996948242188,-0.06999993324279785,0.0014422518809991125,-0.024422435305313517
2016-03-09,0.004939547874368788,-0.3299999237060547,0.059999942779541016,-0.00041148972229265723,0.008795677725955242
2016-03-10,0.0008023872450293457,-0.29000091552734375,0.037000060081481934,-0.011320350878350038,-0.012072455199053755
2016-03-11,0.01613710356465381,-1.5499992370605469,0.04799997806549072,0.0010408917918054428,0.012219980364537975
2016-03-14,-0.001282645922955239,0.4200000762939453,-0.01399993896484375,0.004679261580583294,0.002012054545821984
2016-03-15,-0.001629119107492638,-0.07999992370605469,-0.004000067710876465,0.00010344138430795624,-0.0013386549297911277
2016-03-16,0.005787004293990927,-1.8500003814697266,-0.021000027656555176,-0.007658055312045997,0.011394106931946757
2016-03-17,0.006343934120355499,-0.5500001907348633,-0.034999966621398926,-0.011784307650542725,0.013916503381277812
2016-03-18,0.003929792310078284,-0.4199991226196289,-0.031999945640563965,0.002427139324125527,0.0019607668364187703
2016-03-21,0.0014189844543406327,-0.23000049591064453,0.05199992656707764,0.0031582593799830416,-0.0026092604078342685
2016-03-22,-0.0005378095605172994,0.38000011444091797,0.011999964714050293,0.003777947391045755,-0.0026160864586541877
2016-03-23,-0.006599172350463367,0.7699995040893555,-0.059999942779541016,0.004181929111320315,-0.026229483182312885
2016-03-24,-0.0004430505090872172,-0.19999980926513672,0.02499997615814209,0.0009369738160458496,-0.0033670161246094343
2016-03-28,0.0005908481041665414,0.5,-0.029999971389770508,-0.002080267833491578,0.006081091312703624
2016-03-29,0.009250238768997443,-1.4200000762939453,-0.0559999942779541,-0.008130068370315602,-0.012760277345649662
2016-03-30,0.004387582004356183,-0.25999927520751953,0.016000032424926758,-0.0033628342991139926,-0.011564631190457364
2016-03-31,-0.00242687792429086,0.3899993896484375,-0.04400002956390381,-0.002636018659356698,0.0
2016-04-01,0.0068119998436964035,-0.8499994277954102,0.006000041961669922,0.0003172260265686955,-0.00825876722397867
2016-04-04,-0.0032379776515233383,1.0199995040893555,-0.013000011444091797,-0.001162551333317663,-0.0027758474862309424
2016-04-05,-0.009987844657817435,1.3000001907348633,-0.05200004577636719,0.0012696552161171049,-0.006263058685082923
2016-04-06,0.010921072821261646,-1.3299999237060547,0.02799999713897705,-0.0021134624753987863,-0.00490193950512452
2016-04-07,-0.011965983298706573,2.0699996948242188,-0.06400001049041748,0.0005295250619106184,-0.029556655535992182
2016-04-08,0.002696863961992202,-0.8000001907348633,0.029000043869018555,-0.0025402782031807014,0.005801299777183244
2016-04-11,-0.0023473556258301054,0.9000005722045898,0.003999948501586914,-0.003077259360155793,0.002883919407574931
2016-04-12,0.009313194901916733,-1.4099998474121094,0.057000041007995605,0.00010646233693845097,0.028756331890183784
2016-04-13,0.010100737169918883,-1.010000228881836,-0.01900005340576172,0.008301391942284297,0.012578570665498612
2016-04-14,4.813265637126918e-05,-0.11999988555908203,0.01900005340576172,0.0016888712868607936,0.0027605219106183743
2016-04-15,-0.0011057858987626457,-0.10000038146972656,-0.029000043869018555,-0.0021075297620746225,-0.009635195610551484
2016-04-18,0.007026749102255092,-0.26999950408935547,0.021000027656555176,-0.0022175194428720735,0.0069492303967741975
2016-04-19,0.0031544006621531118,-0.1100006103515625,0.009999990463256836,-0.005397338537050489,0.023464469148273492
2016-04-20,0.0009528238526630428,0.039999961853027344,0.07099997997283936,0.005426627884859592,-0.0013485842341366405
2016-04-21,-0.005378540141631416,0.6700000762939453,0.016000032424926758,0.0011641508396491584,0.012153905901518103
2016-04-22,0.0,-0.7299995422363281,0.018000006675720215,0.00549687400474097,0.001334253373519667
2016-04-25,-0.0017229228181416811,0.8599996566772461,0.01399993896484375,-0.0029437174159613333,-0.007994662473634229
2016-04-26,0.0014861957635221579,-0.11999988555908203,0.029000043869018555,-0.0028468647563468785,0.0
2016-04-27,0.002058262950525691,-0.18999958038330078,-0.07099997997283936,-0.0019033552475059556,-0.009402306252164427
2016-04-28,-0.009075823495579005,1.4499998092651367,-0.02199995517730713,-0.006674406796182919,0.0027118618205441702
2016-04-29,-0.005398813838962124,0.4799995422363281,-0.01900005340576172,-0.007252562816581043,0.018255609091282432
2016-05-02,0.007948569925030569,-1.0199995040893555,0.046000003814697266,-0.00483460000842606,-0.001328051607330627
2016-05-03,-0.008703482198091805,0.9200000762939453,-0.06500005722045898,0.003346704061106376,-0.020611730079984958
2016-05-04,-0.005578108276702132,0.4499988555908203,-0.015999913215637207,0.0025822881156134514,-0.01493545961923981
2016-05-05,-0.0001949872981584777,-0.1399993896484375,-0.037000060081481934,0.006439133635501415,-0.017918692266062908
2016-05-06,0.003659008935761765,-1.1899995803833008,0.032000064849853516,0.001172964510379737,-0.002105244419030927
2016-05-09,0.0008261860088782935,-0.15000057220458984,-0.01900005340576172,0.0027692207681400127,0.0
2016-05-10,0.012433896930680088,-0.9399995803833008,0.0,0.0014869823407273053,-0.024613247179836928
2016-05-11,-0.009354636100569746,1.0599994659423828,-0.023000001907348633,-0.004984634808988808,0.0
2016-05-12,0.0002906321235607301,-0.2799997329711914,0.019999980926513672,0.003410783370977555,-0.004325844732331441
2016-05-13,-0.008714163933574492,0.630000114440918,-0.05199992656707764,0.004992577265247045,0.006516958448873789
2016-05-16,0.009865210977467731,-0.3599996566772461,0.04799997806549072,-0.0004227979628927958,-0.002158254229819967
2016-05-17,-0.009333699186591882,0.8899993896484375,0.005999922752380371,-0.00021144806102291192,-0.008651758222725126
2016-05-18,0.00029297307636322323,0.38000011444091797,0.12100005149841309,0.0056054866440009565,0.0014545787464488313
2016-05-19,-0.003464909987473397,0.38000011444091797,-0.034999966621398926,0.0022086567146453184,-0.0050835618134688065
2016-05-20,0.006317339594149152,-1.130000114440918,0.003999948501586914,0.00020985038172183224,-0.006569354294955865
2016-05-23,-0.0013625112337732892,0.619999885559082,-0.010999917984008789,-0.0008393054633222263,-0.0036737133226903973
2016-05-24,0.012961911792487957,-1.3999996185302734,0.020999908447265625,0.0035702648945235005,0.011061918428356021
2016-05-25,0.00678315415368802,-0.5200004577636719,0.01100003719329834,-0.00230199038825607,0.016776042421325466
2016-05-26,0.0002869436015147109,-0.4699993133544922,-0.04700005054473877,-0.0018877850871139579,0.003586814364415325
2016-05-27,0.004298962620124858,-0.3100004196166992,0.02799999713897705,0.003677613542660607,-0.0021443697971407216
2016-05-31,-0.0019023096219387137,1.0699996948242188,-0.01699995994567871,0.0038735632284896404,-0.002865326772473198
2016-06-01,0.0020490670862454152,0.010000228881835938,0.011999964714050293,-0.00448430814383971,-0.012212649092111505
2016-06-02,0.0030435517952296376,-0.5699996948242188,-0.034999966621398926,0.001047543212655988,0.0007272893732244157
2016-06-03,-0.002986848135441811,-0.15999984741210938,-0.10699999332427979,-0.016010870849580527,0.016715082733324893
2016-06-06,0.0050886146817044065,0.17999935150146484,0.01900005340576172,-0.0013825082963480062,0.0035739951074256204
2016-06-07,0.0015610708146638341,0.40000057220458984,-0.009999990463256836,-0.0007454706462909355,-0.028490001397228015
2016-06-08,0.003259758455819828,0.029999732971191406,-0.007000088691711426,-0.002557875823089084,0.0
2016-06-09,-0.0013654284769503144,0.5600004196166992,-0.026000022888183594,0.005449323177545429,-0.011730263714014644
2016-06-10,-0.009477503643234408,2.390000343322754,-0.0409998893737793,0.005313496366713633,0.0
2016-06-13,-0.007711996105043806,3.9399986267089844,-0.023000001907348633,-0.002431244516372555,0.0
2016-06-14,-0.0019669328951084086,-0.4699993133544922,-0.005000114440917969,0.005934063179986904,0.0
2016-06-15,-0.0013936746627402075,-0.3600006103515625,-0.014999985694885254,-0.0033709016516959567,0.028931777193373254
2016-06-16,0.0029842617053030818,-0.7699985504150391,-0.031999945640563965,-0.0004227979628927958,0.0
2016-06-17,-0.003724175286498599,0.03999900817871094,0.054000020027160645,-0.0038067104950119113,-0.015861591120693963
2016-06-20,0.006440097903852138,-1.039999008178711,0.05199992656707764,-0.00636873452873199,0.012454218391564575
2016-06-21,0.0028385495646037207,0.10999870300292969,0.027000069618225098,0.004379831535536782,0.011577413237717327
2016-06-22,-0.0016313962347171973,2.690000534057617,-0.012000083923339844,-0.003190761891878946,0.010014331037693225
2016-06-23,0.013023086215774748,-3.9200000762939453,0.054000020027160645,-0.002027341431193652,0.009206807046356458
2016-06-24,-0.035909530918177834,8.510000228881836,-0.15999996662139893,0.02052815346951875,-0.02385965983072913
2016-06-27,-0.017909604260835543,-1.9099998474121094,-0.11899995803833008,0.011419633338241031,0.005751252665968876
2016-06-28,0.01803598419680652,-5.100000381469727,0.0009999275207519531,-0.003003945647163331,0.02930663717797466
2016-06-29,0.01702733497744302,-2.1100006103515625,0.016000032424926758,-0.004987047864245087,0.0006944603574134955
2016-06-30,0.013645699475802076,-1.0099992752075195,0.01100003719329834,0.003863451598113965,0.006245673389375872
2016-07-01,0.0021008027893720804,-0.8599996566772461,-0.032000064849853516,-0.005096711742046178,0.016551708352976924
2016-07-05,-0.007193650336369317,0.8099994659423828,-0.08899998664855957,0.005436452010151971,-0.02510175653354263
2016-07-06,0.005997919268154517,-0.619999885559082,0.018000006675720215,-0.0011438142086508396,-0.012526117370165735
2016-07-07,-0.0006202073623458038,-0.19999980926513672,0.001999974250793457,0.0028107878338872183,-0.01761804139484313
2016-07-08,0.014890623499868472,-1.5600004196166992,-0.020999908447265625,-0.0003114167832103387,0.0
2016-07-11,0.0035266423021014237,0.3400001525878906,0.0679999589920044,0.002803703369783861,0.01865137996472499
2016-07-12,0.007263452400039672,0.010000228881835938,0.07899999618530273,-0.0013461453228619247,0.029577470558830976
2016-07-13,-0.00013933961522760718,-0.5100002288818359,-0.04499995708465576,-0.002281223715613123,0.012311922475018333
2016-07-14,0.0055836130446391685,-0.2200002670288086,0.06299996376037598,-0.0014549925989640888,-0.006081091312703735
2016-07-15,-0.001342088515843387,-0.14999961853027344,0.06299996376037598,0.005203996570266378,0.02175388810294865
2016-07-18,0.002687369289640973,-0.23000049591064453,-0.006999969482421875,-0.00020712644524412127,-0.014637346457956446
2016-07-19,-0.0010164750911868525,-0.4699993133544922,-0.029000043869018555,0.005074622054197064,0.007427390517257715
2016-07-20,0.004162756754360508,-0.19999980926513672,0.02200007438659668,0.0015455321150725787,-0.004021475825059184
2016-07-21,-0.003776820450396623,0.9699993133544922,-0.014999985694885254,-0.0020575818366401766,0.0006729629281883032
2016-07-22,0.0044849096172310254,-0.7199993133544922,0.004999995231628418,0.004845373409310572,-0.01681237403658531
2016-07-25,-0.0027161033370989296,0.8499994277954102,0.0009999275207519531,-0.001846725176171904,0.006155961237509278
2016-07-26,0.00046178545522179704,0.18000030517578125,-0.008000016212463379,-0.00133618308350969,-0.0006798252111422931
2016-07-27,-0.0010609964705629027,-0.2200002670288086,-0.04799997806549072,-0.0011321593886935988,-0.013605429378242606
2016-07-28,0.001154701356189003,-0.1099996566772461,-0.003999948501586914,-0.003194283134880016,0.006206907075027024
2016-07-29,0.0016143207230105983,-0.8500003814697266,-0.05300009250640869,-0.012507743551706474,0.0013707679150234409
2016-08-01,-0.0008290843687606131,0.5699996948242188,0.03800010681152344,0.0018842280694637559,-0.002053369861475529
2016-08-02,-0.006406975206991183,0.9300003051757812,0.0409998893737793,-0.006791364874063177,-0.00617285000403589
2016-08-03,0.002922473183861296,-0.5100002288818359,0.005000114440917969,0.005259836028207454,0.0041408157739446505
2016-08-04,0.0010639598114867699,-0.4399995803833008,-0.03900003433227539,0.002092973867167336,0.0
2016-08-05,0.008178899616048785,-1.0299997329711914,0.07899999618530273,0.004490395734996433,-0.02268040683024819
2016-08-08,-0.0005959059667280941,0.1099996566772461,0.0009999275207519531,0.0021831695513323535,0.0
2016-08-09,0.0005962612823839919,0.15999984741210938,-0.03799998760223389,-0.00228217030312039,-0.0007032509630131578
2016-08-10,-0.0024749227695028964,0.3900003433227539,-0.03600001335144043,-0.005510488434343985,0.013370836022043697
2016-08-11,0.0046404705328473295,-0.36999988555908203,0.06400001049041748,0.002195494836618961,0.0006944603574134955
2016-08-12,-0.000868916214225468,-0.13000011444091797,-0.05799996852874756,-0.0014604567990511574,-0.02567660579299247
2016-08-15,0.002883709305571136,0.26000022888183594,0.03799998760223389,-0.0009402838083718557,0.010683733542580232
2016-08-16,-0.005157567446559375,0.8299999237060547,0.023000001907348633,-0.008783816396696564,0.009161389590217839
2016-08-17,0.001881077875374837,-0.4500007629394531,-0.014999985694885254,-0.0007384712960030182,0.0
2016-08-18,0.0022439005182777194,-0.7599992752075195,-0.02499997615814209,-0.005912136310988081,0.0
2016-08-19,-0.0014620550750248373,-0.09000015258789062,0.0419999361038208,0.0037170609654717524,0.005586586970037777
2016-08-22,-4.557425238338464e-05,0.9300003051757812,-0.03899991512298584,0.00010575078415020478,-0.021527741260733535
2016-08-23,0.002012899904625609,0.1099996566772461,0.01399993896484375,0.00021164063871559335,-0.014904189912900878
2016-08-24,-0.005114337348618658,1.0699996948242188,0.006000041961669922,0.0026443833041991383,-0.008645524824904882
2016-08-25,-0.0006888213269673482,0.18000030517578125,0.018000006675720215,-0.00021103779162068292,0.0
2016-08-26,-0.0018831599862323412,0.01999950408935547,0.05799996852874756,0.008441522423714654,-0.00799423027048185
2016-08-29,0.004924118046599979,-0.7100000381469727,-0.0690000057220459,0.00010465769867540331,-0.0007325476547225263
2016-08-30,-0.0016482604625615016,0.18000030517578125,0.004000067710876465,0.004917359402585975,-0.0007331545916515747
2016-08-31,-0.0028441882313071654,0.3000001907348633,-0.002000093460083008,-0.0003124040368351899,0.005135707574210002
2016-09-01,4.565263323375035e-05,0.05999946594238281,0.002000093460083008,-0.0038533131652032093,0.0
2016-09-02,0.004508197734447661,-1.5,0.025999903678894043,0.0024045553985363455,0.0
2016-09-06,0.003022547287287125,0.04000091552734375,-0.05299997329711914,-0.011055460877748002,0.015328470151142026
2016-09-07,-9.110815486668145e-05,-0.0800008773803711,-0.001999974250793457,0.0014764753227063387,-0.004313405219306565
2016-09-08,-0.0022833096899488314,0.5700006484985352,0.07500004768371582,0.0007371492786341083,-0.004332160141813257
2016-09-09,-0.023934686735645472,4.989999771118164,0.0559999942779541,0.0032621021001348893,-0.011602599554366488
2016-09-12,0.014347355453058652,-2.3400001525878906,0.0,-0.0025172841723106743,0.013206185155132388
2016-09-13,-0.014375685338624211,2.690000534057617,0.06199991703033447,0.005573068220827482,-0.002172388539749215
2016-09-14,-0.0003751855660586445,0.28999900817871094,-0.04499995708465576,-0.003137043092956482,0.0
2016-09-15,0.009993043939827695,-1.8400001525878906,0.01399993896484375,-0.00041960468644730575,0.02612486337646258
2016-09-16,-0.0038657387606669813,-0.9299993515014648,-0.001999974250793457,0.00860530682071392,0.004243243598697433
2016-09-19,0.00018786400216685983,0.15999984741210938,-0.004999995231628418,-0.002809325468174584,-0.0021126572798697563
2016-09-20,4.6685750197728026e-05,0.3900003433227539,-0.008000016212463379,0.001878133473014465,0.0
2016-09-21,0.011245479251532853,-2.619999885559082,-0.019999980926513672,-0.003749145943997778,-0.0014114649016221392
2016-09-22,0.0063013207651569925,-1.2799997329711914,-0.03600001335144043,-0.0021953450326949175,0.01696118242138933
2016-09-23,-0.00547902733087835,0.26999950408935547,-0.01699995994567871,0.0003143678329049493,0.0069492303967741975
2016-09-26,-0.008102535402897182,2.2100000381469727,-0.026000022888183594,-0.0017805382526465685,-0.008281565731855234
2016-09-27,0.006208029640674795,-1.3999996185302734,-0.03299999237060547,0.0013640214682890672,0.0
2016-09-28,0.004963347656496531,-0.7100000381469727,0.01100003719329834,-0.0001048002512008539,-0.0048712383703332085
2016-09-29,-0.009047056938062514,1.630000114440918,-0.009999990463256836,0.0011526837472470852,0.0034965167879690284
2016-09-30,0.007546248104803643,-0.7300004959106445,0.050999999046325684,-0.000837364771698268,0.010452934811344461
2016-10-03,-0.0024042874729519603,0.2799997329711914,0.01399993896484375,0.0030379312623993737,-0.007586183219120413
2016-10-04,-0.0050976976109478045,0.06000041961669922,0.06099998950958252,0.00386425844994287,-0.011813764575261398
2016-10-05,0.004425099830418278,-0.6400003433227539,0.03299999237060547,0.00010397946889662002,0.0007031838973101667
2016-10-06,0.0006956391788350835,-0.14999961853027344,0.026000022888183594,0.0055134341395455255,-0.0035136499416000833
2016-10-07,-0.0034291920088161953,0.6399993896484375,-0.006000041961669922,-0.00144844831097235,0.007052145673009047
2016-10-11,-0.012629410665156326,1.9799995422363281,0.03599989414215088,0.0122254490905076,0.0
2016-10-12,0.001312089596211763,0.5500001907348633,0.01900005340576172,0.002763605740990771,0.0
2016-10-13,-0.003275425286543454,0.7800006866455078,-0.039999961853027344,-0.004593289497087594,-0.027121025049999914
2016-10-14,0.0005162648530736558,-0.5699996948242188,0.0559999942779541,0.005127153580922084,-0.009292360011992185
2016-10-17,-0.003472159499556593,0.08999824523925781,-0.02799999713897705,-0.0013262319717408655,-0.0014429656987560158
2016-10-18,0.006262398368832356,-0.9299993515014648,-0.01700007915496826,0.00010217730404371572,0.0
2016-10-19,0.002667110573500553,-0.869999885559082,0.003000020980834961,-0.00030642266424218967,-0.004335290386935475
2016-10-20,-0.0018665859734144918,-0.6599998474121094,-0.004999995231628418,0.00459790472681787,0.0007257060287098049
2016-10-21,0.00046749832479764386,-0.4099998474121094,-0.006999969482421875,0.003864902914945567,0.0
2016-10-24,0.004252746601955071,-0.31999969482421875,0.023000001907348633,-0.0003039390093659833,-0.0065264795385682195
2016-10-25,-0.003350831196902382,0.4399995803833008,-0.004999995231628418,0.0005067705755117391,0.027007291292723723
2016-10-26,-0.0020073550033243848,0.7799997329711914,0.031999945640563965,-0.0009117095438839762,0.0007107483367974066
2016-10-27,-0.0026670693732395723,1.119999885559082,0.05300009250640869,0.0026361365048244156,0.008522719191002226
2016-10-28,-0.002955551347154972,0.8300008773803711,0.001999974250793457,-0.005460622093844125,0.012676077999545843
2016-10-31,4.7128451698075224e-05,0.8699989318847656,-0.01100003719329834,0.0010167613184803859,0.004867850783528249
2016-11-01,-0.007245448335647553,1.5,-0.01399993896484375,-0.007618080479924183,0.009688605202125222
2016-11-02,-0.006018491575269014,0.7600002288818359,-0.021000027656555176,-0.0030705776021897613,-0.0034270178349514735
2016-11-03,-0.00457716676750719,2.760000228881836,0.013000011444091797,-0.002464043737265942,0.008940860714029109
2016-11-04,-0.0011012560550942574,0.43000030517578125,-0.029000043869018555,-0.0009263479198514668,0.012269959389206608
2016-11-07,0.02205666747884827,-3.8000011444091797,0.04499995708465576,0.0073142998527331304,0.020875384375693917
2016-11-08,0.0045040246400180894,0.030000686645507812,0.03400003910064697,0.0008181819600474594,0.031002656448511745
2016-11-09,0.010602228629013721,-4.359999656677246,0.21000003814697266,0.006539948760032388,0.030070394343411744
2016-11-10,0.002495241060566311,0.3599996566772461,0.04500007629394531,0.0029441717312421734,0.03726710355611518
2016-11-14,0.000785255091783954,0.3099994659423828,0.10499978065490723,0.013361673070060087,-0.006042204152926223
2016-11-15,0.007802940170107409,-1.109999656677246,0.016000032424926758,0.000799139252491532,-0.003647499726941894
2016-11-16,-0.0018783516623132046,0.35000038146972656,-0.014999866485595703,0.002195840057312992,-0.01403291951197938
2016-11-17,0.005140910792492903,-0.36999988555908203,0.05299997329711914,0.004780357634029286,0.012995111002734205
2016-11-18,-0.0022376144180076274,-0.5,0.05900001525878906,0.0031717682303509243,-0.0024435499985726583
2016-11-21,0.00755127575880854,-0.43000030517578125,0.003999948501586914,-0.0015808322711405864,0.015309246856583192
2016-11-22,0.0019535573120930128,-0.010000228881835938,-0.017999887466430664,-9.898204778224784e-05,0.010856472014720397
2016-11-23,0.0005438771760337691,0.020000457763671875,0.03600001335144043,0.006532027184625866,0.02625301480004638
2016-11-25,0.0037152679382110865,-0.09000015258789062,0.014999866485595703,-0.002064887814888783,0.0238371993735913
2016-11-28,-0.0046946211234456525,0.8099994659423828,-0.05200004577636719,-0.0015764709437634528,-0.011357226349094418
2016-11-29,0.0019504712237590205,-0.25,-0.017999887466430664,-0.003947513260147972,-0.017231432492237464
2016-11-30,-0.0023991340655737936,0.43000030517578125,0.06599998474121094,0.0056474754096973445,-0.01285804867651641
2016-12-01,-0.0036755333878539798,0.7399997711181641,0.07299995422363281,-0.004532010684459631,0.024274710611498884
2016-12-02,0.0005007594188268794,0.05000019073486328,-0.05099987983703613,-0.002672251286761851,-0.007514402687840205
2016-12-05,0.006009107328912133,-1.9799995422363281,-0.003000020980834961,-0.0062518336251360385,0.020384413506960852
2016-12-06,0.0031671379616782236,-0.35000038146972656,0.008999824523925781,0.0034950916342553207,0.0005707893048259027
2016-12-07,0.013080608940062577,0.43000030517578125,-0.04900002479553223,-0.002587267512816571,-0.01312044726616457
2016-12-08,0.0024487559061416864,0.4200000762939453,0.040000200271606445,0.008380687516284624,-0.012716723876103009
2016-12-09,0.0060404394776938375,-0.8900003433227539,0.07699990272521973,0.004947066404568323,0.012880521916697862
2016-12-12,-0.0011474062104406269,0.8900003433227539,0.015000104904174805,-0.006005716374759884,-0.01445086768931425
2016-12-13,0.006673739778899179,0.07999992370605469,0.0019998550415039062,0.0006933408821214737,-0.002345982989357953
2016-12-14,-0.008254609842443195,0.4699993133544922,0.04400014877319336,0.009601120780196482,-0.0011758058491799783
2016-12-15,0.004117549354687222,-0.39999961853027344,0.05499982833862305,0.011078404445274304,-0.008828700444438065
2016-12-16,-0.0019559155956017094,-0.5900001525878906,0.01699995994567871,-0.0017453729270783258,-0.014845605566195963
2016-12-19,0.002177376075224169,-0.48999977111816406,-0.05499982833862305,0.0018455798643857158,-0.022905428849918197
2016-12-20,0.0038576358657607113,-0.26000022888183594,0.026000022888183594,0.0014543487179228265,0.005552138042629551
2016-12-21,-0.002782577281399745,-0.17999935150146484,-0.02200007438659668,-0.0026140407596835225,0.0
2016-12-22,-0.0017276196810046551,0.15999984741210938,0.006999969482421875,0.0006794767725215589,0.005521482012297296
2016-12-23,0.001464488895891014,0.009999275207519531,-0.009999990463256836,-0.0007759647347155285,-0.007321472626811376
2016-12-27,0.0024809191466699243,0.5500001907348633,0.019999980926513672,9.702462507199527e-05,0.005531662572568985
2016-12-28,-0.008264665376196967,0.9600000381469727,-0.056999921798706055,0.002329698126428914,-0.004278709792952418
2016-12-29,-0.00022266989574859508,0.4200000762939453,-0.029000043869018555,-0.005616907021650963,-0.001841662673997213
2016-12-30,-0.003655284884683807,0.6700000762939453,-0.03099989891052246,-0.002824317439281576,0.005535064656889022
2017-01-03,0.007650341230172497,-1.1899995803833008,0.003999948501586914,0.00800859165653156,-0.006727865919577081
2017-01-04,0.005948994080112513,-1.0,0.0019998550415039062,-0.004941402390799876,0.024630518729541473
2017-01-05,-0.0007942900578064016,-0.18000030517578125,-0.0839998722076416,-0.011489779359686536,-0.0096153757981291
2017-01-06,0.0035778900544658487,-0.35000038146972656,0.04999995231628418,0.006895238384392988,-0.0006068100218210581
2017-01-09,-0.0033012352181562843,0.24000072479248047,-0.04200005531311035,-0.0028370271186086704,0.00728602575812487
2017-01-10,0.0,-0.07000064849853516,0.003000020980834961,0.0007848703111466016,0.027124819698645775
2017-01-11,0.002826517104203674,-0.22999954223632812,-0.009000062942504883,-0.002254713774306527,-0.008802905975328956
2017-01-12,-0.0025102848807416756,0.2799997329711914,-0.008999824523925781,-0.00422480163424066,0.026050950263934558
2017-01-13,0.0022955567663782706,-0.3100004196166992,0.01900005340576172,-0.0016773376566820986,0.015002898443535306
2017-01-17,-0.0035231651267678687,0.6400003433227539,-0.05300021171569824,-0.008400854630928656,-0.026151278444054626
2017-01-18,0.0022095873567806734,0.6099996566772461,0.06200003623962402,0.005980249807345128,-0.0005836732062487471
2017-01-19,-0.0037042726977346563,0.3000001907348633,0.07000017166137695,0.0021797406126813357,-0.007009394471429897
2017-01-20,0.0036741227839693913,-1.239999771118164,0.007999897003173828,-0.004053422203898593,0.008235258214613905
2017-01-23,-0.002602184931974838,0.23000049591064453,-0.06399989128112793,-0.005757337839578658,0.011085212416773293
2017-01-24,0.0064117656506899046,-0.7000007629394531,0.06799983978271484,0.0018969129898662729,0.023081339889857944
2017-01-25,0.008655525185110147,-0.25999927520751953,0.05200004577636719,-0.0031888360706526786,0.0
2017-01-26,-0.0010455940602047686,-0.18000030517578125,-0.015000104904174805,0.0034989351033916094,-0.014664423891408762
2017-01-27,-0.0015698395484596839,-0.05000019073486328,-0.026999950408935547,0.0014943368199165086,0.00858623536202674
2017-01-30,-0.00620178626178447,1.3000001907348633,0.002000093460083008,-0.0009947127756425589,-0.011350780556952267
2017-01-31,-8.767924409591732e-05,0.1099996566772461,-0.032000064849853516,-0.009160591119682593,0.020665936209809166
2017-02-01,0.00039544781778677596,-0.17999935150146484,0.023000001907348633,0.0013063737375866857,-0.0056243182006644465
2017-02-02,0.0006591045954700281,0.11999988555908203,-0.003999948501586914,0.002107578138890176,-0.0124435077435332
2017-02-03,0.006893052127384225,-0.9600000381469727,0.020999908447265625,0.00020034324253015434,-0.018327589438924874
2017-02-06,-0.0017881078313081167,0.39999961853027344,-0.07799983024597168,0.0004005298330556073,0.0029172197310214365
2017-02-07,4.396234810633004e-05,-0.07999992370605469,-0.024000167846679688,0.0035031374366152335,0.0011633827686867715
2017-02-08,0.0013103763994484208,0.15999984741210938,-0.037999868392944336,0.00019944786196224307,0.017431793164931042
2017-02-09,0.00593268667267588,-0.5699996948242188,0.04399991035461426,0.0036896963610495437,-0.014277555495838201
2017-02-10,0.003946474370967845,-0.029999732971191406,0.01399993896484375,0.0014903281033764593,0.048667447360880356
2017-02-13,0.005442239036651975,0.2199993133544922,0.02500009536743164,0.0015872621812589305,0.008839770388950674
2017-02-14,0.003995320346118936,-0.3299999237060547,0.03600001335144043,0.00287243381692881,-0.02135812621905553
2017-02-15,0.0052201188003506704,1.2300004959106445,0.032000064849853516,-0.0006913550106095734,0.012311096979440883
2017-02-16,-0.000851321879545397,-0.21000003814697266,-0.05200004577636719,-0.00731367722413101,-0.014372594067924349
2017-02-17,0.001576593136607185,-0.2700004577636719,-0.02500009536743164,0.005077603489042737,-0.006730277046936517
2017-02-21,0.005955243682771005,0.07999992370605469,0.002000093460083008,0.004160533046426718,0.014680984885526716
2017-02-22,-0.0008880769765613472,0.1700000762939453,-0.009000062942504883,-0.00039460308220906626,-0.004451860142621333
2017-02-23,0.0006771672332348544,-0.029999732971191406,-0.029999971389770508,-0.002763236694337645,-0.032420343403793295
2017-02-24,0.0012686607374567949,-0.23999977111816406,-0.0710000991821289,0.0003957771887679318,0.011554059451761134
2017-02-27,0.0015629909373022777,0.619999885559082,0.05200004577636719,0.0003956960824653688,0.0017133458739779783
2017-02-28,-0.002699187441455031,0.8299999237060547,-0.010999917984008789,-9.882831115770596e-05,0.002850583492061576
2017-03-01,0.013997632942782667,-0.38000011444091797,0.10500001907348633,0.006526859323460199,0.009096068563056336
2017-03-02,-0.006297361469168927,-0.7299995422363281,0.026000022888183594,0.004126529514468347,-0.012394327512929126
2017-03-03,0.0006295699782716824,-0.8500003814697266,0.003000020980834961,-0.006457887010007379,0.007986274053890297
2017-03-06,-0.002978134238622032,0.2799997329711914,0.0019998550415039062,0.0009848185268805931,-0.018109773256511197
2017-03-07,-0.002986955475266395,0.21000003814697266,0.01699995994567871,0.0016725518493325708,-0.01613836775153943
2017-03-08,-0.001856515541925452,0.4099998474121094,0.0410001277923584,0.0025537976865270817,-0.007615651030504655
2017-03-09,0.001268092318019498,0.4400005340576172,0.046000003814697266,-0.0021553955262163527,-0.0017709967945509497
2017-03-10,0.0035044191993338636,-0.6400003433227539,-0.016000032424926758,-0.005891001306922439,0.002365518384878307
2017-03-13,0.000504750852787339,-0.3099994659423828,0.026000022888183594,0.0012839234905477337,0.011799341981630462
2017-03-14,-0.003826824654225236,0.9499998092651367,-0.013000011444091797,0.003156438187942756,0.0034985112114844785
2017-03-15,0.008653660533783691,-0.6700000762939453,-0.08700013160705566,-0.009439519304619282,0.012202266298245057
2017-03-16,-0.0019670541600965707,-0.4200000762939453,0.014000177383422852,-0.004665487697733561,-0.001722197848112228
2017-03-17,-0.0017557610188663197,0.06999969482421875,-0.021000146865844727,0.0002992561054750986,0.01150090684065841
2017-03-20,-0.0010970943374596365,0.06000041961669922,-0.0279998779296875,0.0010967159222796674,-0.015918174202193658
2017-03-21,-0.012839744425609312,1.130000114440918,-0.03699994087219238,-0.0059755610161583705,-0.014442519220862926
2017-03-22,0.002353410754827756,0.3400001525878906,-0.040000200271606445,-0.0013024472156875078,0.010551014701678296
2017-03-23,-0.001067124712246792,0.3099994659423828,0.02200007438659668,0.0008025865851701841,0.00232023875048748
2017-03-24,-0.0007263234937043839,-0.15999984741210938,-0.017999887466430664,-0.001303176423703034,-0.004629625030506013
2017-03-27,-0.0010266446305329247,-0.46000003814697266,-0.02700018882751465,-0.004617074145878086,-0.00406986041091828
2017-03-28,0.007277192338581262,-0.9700002670288086,0.03600001335144043,0.0054452044519290865,0.01692941796468639
2017-03-29,0.000934958426175303,-0.1099996566772461,-0.023000001907348633,0.0029084436685398174,-0.0011481318987415223
2017-03-30,0.003183798825439066,0.11999988555908203,0.029999971389770508,0.004100036621093706,0.0017241774312199976
2017-03-31,-0.002327390841210919,0.8299999237060547,-0.019999980926513672,-0.0005976016910645976,-0.006884729611723817
2017-04-03,-0.0017390631465217243,0.010000228881835938,-0.046000003814697266,0.0018933975515231793,-0.017908692981320473
2017-04-04,0.0006372979824995628,-0.5900001525878906,0.0,0.0,0.006470624138327219
2017-04-05,-0.002972662562567341,1.1000003814697266,0.0070002079010009766,0.00019889240983017586,0.023378118308673423
2017-04-06,0.002811101212267575,-0.5,-0.014000177383422852,0.001093880399981817,-0.008566511511682195
2017-04-07,-0.0010194552984025274,0.4799995422363281,0.029999971389770508,0.00506607872759246,-0.005760390435130325
2017-04-10,0.0005951953669722787,1.1800003051757812,-0.011999845504760742,-0.0015813763750422982,-0.012746194115707987
2017-04-11,-0.0011896076760989915,1.0199995040893555,-0.06299996376037598,-0.0030686752018915797,0.001173623787591227
2017-04-12,-0.004381925517924268,0.7000007629394531,-0.002000093460083008,0.0006950620143040265,-0.024618997036454204
2017-04-13,-0.006494847249306823,0.18999958038330078,-0.06399989128112793,-0.002182984951060729,0.0066106138453341234
2017-04-17,0.008859814973228408,-1.3000001907348633,0.019999980926513672,-0.002585466518974844,0.011343315466126436
2017-04-18,-0.0029841950029061426,-0.23999977111816406,-0.07300019264221191,-0.00797610196826204,-0.021841843421995022
2017-04-19,-0.0018386632237937794,0.5100002288818359,0.023000001907348633,0.0024120388318544794,-0.001207028251781983
2017-04-20,0.008139059292339823,-0.7800006866455078,0.03900003433227539,0.0004010518987775935,0.005438075935759068
2017-04-21,-0.0031868052125940682,0.48000049591064453,-0.003999948501586914,0.002004455603162647,0.0
2017-04-24,0.010997819763452155,-3.7899999618530273,0.03600001335144043,-0.0089018502616528,0.0030048765771160113
2017-04-25,0.005818682610624126,-0.07999992370605469,0.053999900817871094,-0.0027247618634047566,0.01617726433645572
2017-04-26,-0.0006289176079476988,0.09000015258789062,-0.015999794006347656,0.0014167110916898373,-0.0011791598758603694
2017-04-27,0.0008389611888872661,-0.49000072479248047,-0.015000104904174805,0.0012126389217081979,-0.00767420684868747
2017-04-28,-0.0021793079318335185,0.46000003814697266,-0.01399993896484375,-0.0003027733018013956,0.005353965225890267
2017-05-01,0.0025203403067046715,-0.7100000381469727,0.042999982833862305,0.0009085950037133195,0.021893541277226092
2017-05-02,0.0003768936615116125,0.48000049591064453,-0.029000043869018555,-0.0016138393554554487,-0.009843663681984527
2017-05-03,-0.0012144127055525589,0.09000015258789062,0.013000011444091797,0.0023236585142321076,-0.04093571621776115
2017-05-04,0.001173944223260781,-0.2200002670288086,0.04699993133544922,-0.004535802362613084,-0.006097584377790843
2017-05-05,0.003937031437508676,0.1099996566772461,-0.003999948501586914,-0.0011138174156762881,0.008589037027606494
2017-05-08,-0.00016670556463171948,-0.7999992370605469,0.023999929428100586,0.0050684236418265805,-0.020681273816477996
2017-05-09,-0.0009181744809770853,0.18999958038330078,0.031000137329101562,0.004437668232379011,0.0018632781730492098
2017-05-10,0.0017957439277414,0.25,0.006999969482421875,0.0008033119188322058,0.008679560091831906
2017-05-11,-0.0020427371442118814,0.3900003433227539,-0.01399993896484375,-0.0005016095443137747,0.005531662572568985
2017-05-12,-0.0016707583171816642,-0.20000076293945312,-0.06500005722045898,-0.003714141099988355,0.0036674488816594852
2017-05-15,0.005523320172517332,0.020000457763671875,0.003000020980834961,-0.0034256557973866286,0.0018270820040262592
2017-05-16,-0.0009152887656399544,0.22999954223632812,-0.009000062942504883,-0.008088191508825893,0.011550067957263321
2017-05-17,-0.017744298711432793,4.940000534057617,-0.11299991607666016,-0.007032947070774398,-0.006610499221013089
2017-05-18,0.004028607979411847,-0.9300003051757812,0.01699995994567871,0.0047218137252982295,-0.0060496296016803175
2017-05-19,0.006504181957044164,-2.619999885559082,0.011999845504760742,-0.0074580685331350205,0.02434568539869497
2017-05-22,0.005077420182541426,-1.109999656677246,0.009000062942504883,-0.0017498524577997943,0.0011883813341853067
2017-05-23,0.0022125524992329115,-0.21000003814697266,0.031000137329101562,0.0038151691521988162,-0.0035607990851065363
2017-05-24,0.0023329006532533114,-0.6999998092651367,-0.01900005340576172,-0.0011299497901975375,0.001191098828145165
2017-05-25,0.004779663082401964,-0.030000686645507812,-0.010999917984008789,0.00010286030903139398,0.0035693857940080065
2017-05-26,-0.00020673405725035732,-0.17999935150146484,-0.005000114440917969,0.0015424321427137677,-0.012448190952836446
2017-05-30,-0.0008689297085134884,0.5699996948242188,-0.03299999237060547,-0.0012320610339020543,-0.003001154712994447
2017-05-31,-0.0002484502359507701,0.029999732971191406,-0.020999908447265625,-0.0037006642153472047,0.009030681096832138
2017-06-01,0.007952310251678085,-0.5199995040893555,0.020999908447265625,0.0028889680621826397,0.0053699374319098325
2017-06-02,0.0033283341626622054,-0.1400003433227539,-0.05800008773803711,-0.00493822780462283,-0.00890205431064739
2017-06-05,-0.0007369835696016125,0.31999969482421875,0.023000001907348633,0.0008271487804485389,-0.005988046521030466
2017-06-06,-0.0031968185104847002,0.38000011444091797,-0.034999847412109375,-0.0016529303415808716,-0.0030121170638643946
2017-06-07,0.0018502388111583112,-0.05999946594238281,0.03099989891052246,0.0011382513560254104,0.007250806330231008
2017-06-08,0.0004922058358758363,-0.23000049591064453,0.016000032424926758,0.0017570870175225295,0.010797858689380435
2017-06-09,-0.0015175755438902039,0.5399999618530273,0.004999876022338867,0.003611210077728133,0.012462853395754037
2017-06-12,-0.00020547762022560256,0.7600002288818359,0.014000177383422852,-0.0013364578791443815,-0.009378654889850568
2017-06-13,0.004889850059676792,-1.0399999618530273,-0.006000041961669922,-0.0016470664373083865,-0.004141993870074745
2017-06-14,-0.0012675897831007088,0.2200002670288086,-0.0690000057220459,-0.00041246560262653276,0.0
2017-06-15,-0.0019242036123658934,0.25999927520751953,0.023999929428100586,0.0050546508296789305,-0.011289396014196651
2017-06-16,0.00021820108224845924,-0.5199995040893555,-0.004999876022338867,-0.0027711858998328287,0.0
2017-06-19,0.00832521438192213,-0.010000228881835938,0.03299999237060547,0.0038081011037651713,0.009615375798129211
2017-06-20,-0.006743948809108002,0.48999977111816406,-0.03699994087219238,0.002255728734304352,0.0
2017-06-21,-0.00024708085171798455,-0.1099996566772461,0.0019998550415039062,-0.0019437589913683384,0.001785755238567388
2017-06-22,-0.0004526599299056189,-0.2700004577636719,-0.0019998550415039062,-0.00020496764623634256,0.0
2017-06-23,0.001194120361577733,-0.45999908447265625,-0.009000062942504883,-0.002460507089572128,0.009506824012918802
2017-06-26,0.000658123909264452,-0.12000083923339844,-0.006999969482421875,0.00133604572806445,0.0017657849940944104
2017-06-27,-0.00805624651363801,1.1600008010864258,0.06099987030029297,-0.009853218530901042,0.002937675423959174
2017-06-28,0.008950503894607165,-1.0300006866455078,0.023000001907348633,-0.0043536660477949685,0.009958997031821237
2017-06-29,-0.008788760918894911,1.4099998474121094,0.046000003814697266,-0.004372782769340611,0.0
2017-06-30,0.0018643242721068098,-0.25999927520751953,0.03500008583068848,0.00031377611160943175,0.012760981222462275
2017-07-03,0.0016957458090465227,0.039999961853027344,0.04399991035461426,0.005644922281627496,-0.0108819379537054
2017-07-05,0.002312037585234572,-0.15000057220458984,-0.011999845504760742,0.00093559220520123,-0.008106618024676049
2017-07-06,-0.00914452052303072,1.4700002670288086,0.03599977493286133,-0.00488110100980732,0.004086491862368424
2017-07-07,0.006485200930146373,-1.3500003814697266,0.023000001907348633,0.0019829100606489902,0.0
2017-07-10,0.0010738660919658027,-0.07999992370605469,-0.021999835968017578,0.0004166327948893489,-0.008721018559610272
2017-07-11,-0.0007429825741359641,-0.2199993133544922,-0.009000062942504883,-0.0032275395954045605,0.0
2017-07-12,0.007514872149963603,-0.5900001525878906,-0.03500008583068848,0.0005222796414614539,0.0
2017-07-13,0.001680387613726575,-0.40000057220458984,0.021000146865844727,-0.000626344691724734,0.0
2017-07-14,0.0046640071702681585,-0.3899993896484375,-0.029000043869018555,-0.006476577090155589,0.0
2017-07-17,-0.00012197156961391009,0.3099994659423828,-0.009999990463256836,0.000210247533782848,0.03284465679469206
2017-07-18,0.0005294183262829488,0.07000064849853516,-0.046000003814697266,-0.004940540364534729,0.0022713802834963825
2017-07-19,0.005413947007853359,-0.10000038146972656,0.004999876022338867,0.0014789708877274155,0.0
2017-07-20,0.0004453979185432555,-0.21000003814697266,-0.0019998550415039062,-0.005590784721832165,-0.005099158897057476
2017-07-21,-0.0008901861049543935,-0.2200002670288086,-0.03399991989135742,-0.003500522047429455,-0.0022778479154449416
2017-07-24,-0.00024342101894614387,0.07000064849853516,0.021999835968017578,0.0004258134392991497,0.0
2017-07-25,0.0024311040767617254,0.0,0.07200002670288086,0.0007448360536694842,0.042808218059586345
2017-07-26,4.0446153716233724e-05,0.1700000762939453,-0.04399991035461426,-0.004040455826496592,0.01642031907739039
2017-07-27,-0.0009297981797270483,0.5099992752075195,0.0279998779296875,0.0020284236694823043,-0.001615443176621878
2017-07-28,-0.0011729882870911146,0.18000030517578125,-0.020999908447265625,-0.006392483168755958,0.0026968303447425512
2017-07-31,-0.000566846947982258,-0.029999732971191406,0.003000020980834961,-0.004289100543817259,0.00268957701184247
2017-08-01,0.002228832547215953,-0.1700000762939453,-0.0410001277923584,0.0018306931706648655,-0.0037553485577417334
2017-08-02,0.0004846981820338936,0.18999958038330078,0.01100015640258789,-0.002149811360490861,0.0021540611838830603
2017-08-03,-0.001939343455647058,0.15999984741210938,-0.03400015830993652,-0.0002154936126936846,-0.0016120733832120093
2017-08-04,0.001822044995624994,-0.4099998474121094,0.03900003433227539,0.007865568108357257,0.002152901813326169
2017-08-07,0.0018593208944326367,-0.09999942779541016,-0.009999990463256836,-0.001175974014057335,0.006444625482074251
2017-08-08,-0.0024611777331836615,1.0299997329711914,0.026000022888183594,0.0022476622475300356,0.010138769283788651
2017-08-09,-4.025931829254592e-05,0.14999961853027344,-0.04200005531311035,-0.0012815329705704315,-0.00528264024604308
2017-08-10,-0.014115258050963253,4.930001258850098,-0.029000043869018555,-0.0012830958243665869,-0.00531069473578849
2017-08-11,0.001476843483112722,-0.5300006866455078,-0.023000001907348633,-0.003533210124876174,0.003203490376799678
2017-08-14,0.009912874266073679,-3.1800003051757812,0.03000020980834961,0.004190387782607052,-0.001596630398283394
2017-08-15,-0.00012134432420440877,-0.28999996185302734,0.04699993133544922,0.004172901706279042,-0.006396633143354258
2017-08-16,0.001744109029426788,-0.3000001907348633,-0.039999961853027344,-0.003835914930257922,0.029506500129748536
2017-08-17,-0.015590379531603249,3.810000419616699,-0.02700018882751465,0.0013905753105476482,-0.025013102460996528
2017-08-18,-0.0015633189305673811,-1.2899999618530273,-0.004999876022338867,-0.002029506898440947,0.011223997974193711
2017-08-21,0.0007825216858980966,-1.0700006484985352,-0.01399993896484375,-0.003532075671377366,0.01691330304090033
2017-08-22,0.0104569777934862,-1.8399991989135742,0.034999847412109375,0.004833561600560143,0.003118475397928533
2017-08-23,-0.0035853282442648293,0.8999996185302734,-0.04399991035461426,-0.004275804519831006,-0.0010361943629840775
2017-08-24,-0.002330525083152013,-0.020000457763671875,0.023000001907348633,0.0013955689886044897,0.018153447181333604
2017-08-25,0.00233596911777445,-0.9499998092651367,-0.02500009536743164,-0.005789032189044141,0.0
2017-08-28,4.0847362380302954e-05,0.039999961853027344,-0.009999990463256836,-0.0057148888452145385,0.011207398375381983
2017-08-29,0.0011448997762242286,0.38000011444091797,-0.023000001907348633,0.001518266902054588,0.005541496266449286
2017-08-30,0.004737701257655713,-0.4799995422363281,0.006999969482421875,0.005739023151639655,-0.00751501129310983
2017-08-31,0.006015914362176522,-0.630000114440918,-0.021999835968017578,-0.00226097212190568,-0.0005048071252615749
2017-09-01,0.0014141509298777333,-0.46000003814697266,0.03600001335144043,0.0015107304674075728,0.007575834932263215
2017-09-05,-0.007182115012021373,2.09999942779541,-0.08700013160705566,-0.005387350642740096,0.004511285671481291
2017-09-06,0.003413829627454623,-0.5999994277954102,0.03800010681152344,-0.00021662488999318885,0.007984023957211539
2017-09-07,-0.00012152291752265398,-0.07999992370605469,-0.04699993133544922,-0.00823493475664927,-0.0034654257192545668
2017-09-08,-0.001174627254794447,0.5699996948242188,0.0,-0.0021850426189170546,-0.03129653189427206
2017-09-11,0.010666099915521254,-1.390000343322754,0.06399989128112793,0.0058031180189537235,0.01179484831981159
2017-09-12,0.003370466728238597,-0.14999961853027344,0.046000003814697266,0.0005443397716695664,-0.013684767563510447
2017-09-13,0.00048010853064672787,-0.07999992370605469,0.023999929428100586,0.006636850795910698,-0.019527193147188315
2017-09-14,-0.0003200123288960022,-0.06000041961669922,0.002000093460083008,-0.004323323724572892,-0.006813373233040765
2017-09-15,0.0013463072479811267,-0.26999950408935547,0.004999876022338867,-0.002713851417131874,0.0
2017-09-18,0.0021267423762463267,-0.020000457763671875,0.02700018882751465,0.0019592935647592125,0.0047493482303127
2017-09-19,0.0010012309011813159,0.030000686645507812,0.01399993896484375,-0.002824574987621453,0.0005251219040147692
2017-09-20,0.0003602000095468405,-0.40000057220458984,0.03399991989135742,0.007844004940861904,-0.0036745248098508654
2017-09-21,-0.0026795686505772798,-0.1099996566772461,0.0010001659393310547,-0.002702410487807061,-0.00842991840205587
2017-09-22,0.00020069327091243316,-0.07999992370605469,-0.016000032424926758,-0.0009755469889568547,0.0031880694428960688
2017-09-25,-0.0020448396775516464,0.619999885559082,-0.04200005531311035,0.005207804778879943,-0.0026482647925351044
2017-09-26,0.0006026309997821944,-0.039999961853027344,0.009000062942504883,0.003453855256924543,-0.0047796151329019265
2017-09-27,0.003894297362470267,-0.3000001907348633,0.07999992370605469,0.004194894961038198,0.0005336301496250417
2017-09-28,0.0012000730789099023,-0.31999969482421875,0.0,-0.0028920765927137326,0.0
2017-09-29,0.003514608590701185,-0.039999961853027344,0.01699995994567871,-0.00010736391910104448,0.010666707356770777
2017-10-02,0.004339037822413294,-0.06000041961669922,0.010999917984008789,0.005156808316466144,-0.001055433084878099
2017-10-03,0.002140171209542574,0.06000041961669922,-0.0029997825622558594,0.00010690611897690161,0.0
2017-10-04,0.0011861838085391874,0.11999988555908203,-0.004000186920166016,-0.0011755969938048727,0.0021129956436276576
2017-10-05,0.00592492732027039,-0.4400005340576172,0.019999980926513672,0.005349882354996449,0.027938888024756192
2017-10-06,-0.0011386292421364796,0.46000003814697266,0.019999980926513672,-0.001702810071028238,-0.0005128322503505922
2017-10-09,-0.0016512392810752452,0.6800003051757812,-0.008999824523925781,-0.0006397141368446047,0.0010261907644202317
2017-10-10,0.0026384552688483165,-0.25,-0.016000032424926758,-0.004800479608460861,0.008713484074811984
2017-10-11,0.0015710581692207626,-0.22999954223632812,0.0,-0.003537376222704669,0.009654498532078115
2017-10-12,-0.0014898832617651347,0.05999946594238281,-0.02200007438659668,0.0017212098072847404,0.009058801722430676
2017-10-13,0.0012172717155871648,-0.3000001907348633,-0.042999982833862305,-0.0003222337608072001,-0.0004986694221276178
2017-10-16,0.0013333760912697112,0.3000001907348633,0.026999950408935547,0.0020410618635819944,0.03542909441299158
2017-10-17,0.0007052508064433471,0.40000057220458984,-0.008999824523925781,0.002251276664030799,-0.010120437805911098
2017-10-18,0.000978627141554389,-0.24000072479248047,0.0409998893737793,-0.0013904937040152276,-0.007302897721173318
2017-10-19,0.0002735372894042687,-0.01999950408935547,-0.017999887466430664,-0.0009640527709591229,-0.0009808019133730195
2017-10-20,0.005160477540356423,-0.07999992370605469,0.059999942779541016,0.004610274693386485,-0.005891057157065616
2017-10-23,-0.0038893363178236218,1.0999994277954102,-0.005000114440917969,0.0025614247703404924,0.0074073885693966
2017-10-24,0.0017571407718048881,0.09000015258789062,0.029999971389770508,0.00021286611184501147,0.008333337229061488
2017-10-25,-0.004950244928142111,0.06999969482421875,0.03800010681152344,-0.002660706709620597,-0.009236778652234268
2017-10-26,0.0012926632770924318,0.07000064849853516,0.007999897003173828,0.00960411412519191,0.002453441926800304
2017-10-27,0.008176389344791923,-1.5,-0.023999929428100586,0.0032765834118368975,-0.022026468733113425
2017-10-30,-0.003725248138036652,0.6999998092651367,-0.05800008773803711,-0.0045301339387979755,0.0015015359025456476
2017-10-31,0.0015578205209765272,-0.31999969482421875,0.006000041961669922,0.0006350427489139054,-0.005497281813759636
2017-11-01,0.0013221048512503941,0.01999950408935547,0.0,0.0028555963442815635,0.00904524163951037
2017-11-02,0.00038855645273372375,-0.26999950408935547,-0.029000043869018555,-0.0013709898105500606,0.002988021223623294
2017-11-03,0.0033387141776095586,-0.7899999618530273,-0.003999948501586914,0.002640194250229211,-0.003972190969736444
2017-11-06,0.0015478439518594733,0.25999927520751953,-0.023000001907348633,-0.0023172657999340762,0.0139581602243255
2017-11-07,-0.0006953487157271843,0.49000072479248047,-0.013000011444091797,0.0020059379112922215,-0.02556541071104723
2017-11-08,0.0017009840732482573,-0.1100006103515625,0.018000125885009766,-0.0004214615318081094,0.005045428002495855
2017-11-09,-0.0036279213956881273,0.7200002670288086,0.006000041961669922,-0.004532521268333922,-0.001506058560773127
2017-11-10,-0.00030978271902337706,0.7899999618530273,0.0690000057220459,-0.0005294689799361096,-0.007038682450704492
2017-11-13,0.0009295007649494647,0.21000003814697266,0.0,0.001059418103270593,0.017215197599386833
2017-11-14,-0.002322270247065217,0.09000015258789062,-0.01900005340576172,-0.00698482429501579,-0.02239924138982563
2017-11-15,-0.005005384021082193,1.5399999618530273,-0.046000003814697266,-0.00021319697400146165,0.0005091766391351893
2017-11-16,0.008501015391302102,-1.369999885559082,0.026000022888183594,0.0012792106353811672,0.0005089175102273025
2017-11-17,-0.002938626062113814,-0.3299999237060547,-0.006999969482421875,-0.0028744452484743555,0.006103806722521199
2017-11-20,0.001706327639567684,-0.7800006866455078,0.017999887466430664,0.004484285207381644,0.005561107137736387
2017-11-21,0.006542676155216531,-0.9200000762939453,-0.009000062942504883,-0.0013818545948368621,0.013071907333348287
2017-11-22,-0.0008845420630190226,0.15000057220458984,-0.0409998893737793,-0.0077700452501474615,0.002481446419641209
2017-11-24,0.0023098217089343454,-0.21000003814697266,0.017999887466430664,-0.004934553512647821,0.010891054705211678
2017-11-27,-0.0004992800999603642,0.19999980926513672,-0.011999845504760742,0.0015092646229442064,-0.014201807759247398
2017-11-28,0.0101446581324387,0.15999984741210938,0.009999990463256836,0.003875141059618503,-0.015399874757400456
2017-11-29,-0.0006086209651114949,0.6700000762939453,0.037999868392944336,0.0,-0.010595312195060158
2017-11-30,0.008755035751491835,0.5799999237060547,0.0410001277923584,-0.002680677613912219,0.002549680545861799
2017-12-01,-0.0020752645812370796,0.15000057220458984,-0.05500006675720215,-0.0011826750653165519,0.00457783078771179
2017-12-04,-0.0012100553099252398,0.25,0.01699995994567871,0.003121645971626341,-0.0050633104541629725
2017-12-05,-0.003596468294325472,-0.35000038146972656,-0.023000001907348633,0.0020387896451787846,-0.03918577469271578
2017-12-06,0.00018977189869096023,-0.3099994659423828,-0.026000022888183594,0.0024630902088098594,0.005296630609896047
2017-12-07,0.0031530402140547142,-0.8600006103515625,0.046000003814697266,0.0020297237492512554,-0.0031611942776323954
2017-12-08,0.005453093033294554,-0.5799999237060547,0.006999969482421875,0.0010660817789729382,0.006870991556151562
2017-12-11,0.00301317526428857,-0.23999977111816406,0.002000093460083008,-0.00031947581266655867,0.008923888876762653
2017-12-12,0.0017646231499663934,0.5799999237060547,0.018000125885009766,0.0024501514947217196,0.004682630374776453
2017-12-13,-0.00011197733107359831,0.26000022888183594,-0.054000139236450195,-0.007120065672791442,0.013982416635478279
2017-12-14,-0.004086451465357799,0.3099994659423828,-0.003000020980834961,0.0006421658824551368,-0.0010214738427783976
2017-12-15,0.008327239036693967,-1.0699996948242188,0.009000062942504883,0.004706411931332033,0.022494915443312724
2017-12-18,0.0063410296115582465,0.1099996566772461,0.03699994087219238,-0.0024486676906879667,0.0034999847412109375
2017-12-19,-0.0038402011781447642,0.5,0.0710000991821289,-0.0024545969586968752,-0.0004982675153908378
2017-12-20,-0.0005237633807364528,-0.3099994659423828,0.03399991989135742,-0.0012838637532343045,0.0174476765098599
2017-12-21,0.0020596360413593917,-0.10000038146972656,-0.016000032424926758,-0.0007498628384404737,0.006859352802307317
2017-12-22,-0.0002617726738819437,0.2799997329711914,0.003999948501586914,0.000750425554676859,0.007299344596003232
2017-12-26,-0.001196347971253453,0.35000038146972656,-0.017999887466430664,-0.0009640743370292748,0.009178677280493375
2017-12-27,0.0004865151580795146,0.2200002670288086,-0.05299997329711914,-0.002466259400226156,0.00239354456055918
2017-12-28,0.002057597515954468,-0.28999996185302734,0.017999887466430664,-0.004622168234097335,0.010506175154899156
2017-12-29,-0.0037705722508956097,0.8599996566772461,-0.026999950408935547,-0.005183539259703163,-0.004725915982554119
2018-01-02,0.007157275345313074,-1.2699995040893555,0.059999942779541016,-0.0029310059097991115,-0.006647644501361016
2018-01-03,0.006325153597200206,-0.6200008392333984,-0.017999887466430664,0.0033751245850659473,-0.00525815535135743
2018-01-04,0.004215005847516551,0.07000064849853516,0.006000041961669922,-0.003363771437389085,-0.0014415559859081162
2018-01-05,0.006664086500084654,0.0,0.023000001907348633,0.0010887150330141093,-0.007699703663385127
2018-01-08,0.0018285507814899127,0.3000001907348633,0.003999948501586914,0.004132734044856923,0.0009698617653299824
2018-01-09,0.002263480213774427,0.5599994659423828,0.06599998474121094,0.002166110086385009,-0.005329394682933031
2018-01-10,-0.0015299319286018465,-0.26000022888183594,0.003999948501586914,-0.0021614281949707825,0.005845052502254866
2018-01-11,0.007296034038521082,0.06000041961669922,-0.01900005340576172,-0.005198779891848138,-0.0019369980105389262
2018-01-12,0.006519296786126727,0.2799997329711914,0.021000146865844727,-0.009580808579609412,-0.0009704248991444508
2018-01-16,-0.003418335924128324,1.5,-0.00800013542175293,-0.006375748304625617,-0.003885377518853317
2018-01-17,0.00953142664219686,0.25,0.03400015830993652,0.0016594924979729253,-0.008776221509852244
2018-01-18,-0.0016807802938130223,0.3100004196166992,0.03299999237060547,-0.00044180378973779355,0.004426962760730291
2018-01-19,0.004549775805080536,-0.9499998092651367,0.026000022888183594,0.0007734772908754017,-0.003917723967049813
2018-01-22,0.008130438086624059,-0.24000072479248047,0.0279998779296875,-0.001876981003843703,0.005408092897067451
2018-01-23,0.002122983906172271,0.07000064849853516,-0.0409998893737793,-0.0030973315771097853,-0.024938885567480473
2018-01-24,-0.00038836974345690667,0.36999988555908203,0.029999971389770508,-0.01009768790917942,0.03309928935482365
2018-01-25,0.0004235059033963484,0.1099996566772461,-0.03299999237060547,0.002017714460520681,-0.006310731345043008
2018-01-26,0.011578167168738052,-0.5,0.0409998893737793,-0.0035798153821363643,-0.0004885309827689088
2018-01-29,-0.00663013991409267,2.760000228881836,0.03699994087219238,0.0026944859615114503,-0.0014662160625237286
2018-01-30,-0.010256690479867991,0.9499998092651367,0.02700018882751465,-0.00134357989550693,-0.0039158062903106305
2018-01-31,0.0004965184795369115,-1.25,-0.006000041961669922,-0.0006727793064890131,0.0049140235673303945
2018-02-01,-0.0011352786244910318,-0.06999969482421875,0.05299997329711914,-0.005160990672587684,0.003422967834362023
2018-02-02,-0.02176986617646004,3.839999198913574,0.08100008964538574,0.005977205258164808,-0.012670576173572257
2018-02-05,-0.041822508191972974,20.010000228881836,-0.06000018119812012,0.003923835375450935,0.009871611714283413
2018-02-06,0.019702293718933728,-7.340000152587891,-0.026000022888183594,0.0004466028450016424,0.0
2018-02-07,-0.005424944398210729,-2.25,0.07600021362304688,0.007478578253456991,-0.03323550480230508
2018-02-08,-0.03750915652919862,5.729999542236328,0.006999969482421875,-0.0003323596120859973,-0.008088970771377824
2018-02-09,0.01502176006796141,-4.399999618530273,-0.02200007438659668,0.002327375337025428,-0.006116250463834683
2018-02-12,0.014684459687375861,-3.4499988555908203,0.0280001163482666,-0.002543159561308128,0.014871841821915144
2018-02-13,0.0024874631177616013,-0.6400012969970703,-0.017000198364257812,-0.0056534989624920096,0.024759967076793288
2018-02-14,0.013496291523922288,-5.709999084472656,0.07300019264221191,-0.006465933348858588,0.020216954316086166
2018-02-15,0.012759725090049523,-0.13000106811523438,-0.02200007438659668,-0.005947109429501607,0.00048333632787378455
2018-02-16,0.00029334266835268075,0.3299999237060547,-0.01399993896484375,0.005756881784770185,-0.0024155141336368313
2018-02-20,-0.006261360274251171,1.1400012969970703,0.015999794006347656,0.006958504570144353,-0.010653719971843612
2018-02-21,-0.004973994885497546,-0.5799999237060547,0.05000019073486328,0.004012490029575488,0.003426318833998465
2018-02-22,0.0012959909944842973,-1.3000011444091797,-0.026000022888183594,-0.0036634305544709367,0.005853699474799967
2018-02-23,0.01593922485555166,-2.229999542236328,-0.046000003814697266,0.0014484373639884751,-0.003879724561108633
2018-02-26,0.011612342530191944,-0.6899995803833008,-0.012000083923339844,-0.0006675295997683461,0.0004867731785564988
2018-02-27,-0.012486437370987757,2.7899999618530273,0.04900002479553223,0.006012034261434707,-0.014598503561962128
2018-02-28,-0.01013006087410051,1.260000228881836,-0.039999961853027344,0.0027667109153532987,-0.014321032865547867
2018-03-01,-0.014540795434187292,2.6199989318847656,-0.06400012969970703,-0.003200539825338189,-0.0010019314294756887
2018-03-02,0.005154870435468917,-2.8799991607666016,0.05300021171569824,-0.004207232669418914,0.0005015159786356804
2018-03-05,0.011558112498574413,-0.8600006103515625,0.023999929428100586,0.0015565864559503595,-0.005513814844353648
2018-03-06,0.0025347585025516928,-0.3699989318847656,-0.003999948501586914,-0.005106561668763998,0.0110886749829886
2018-03-07,-0.00036617918359538315,-0.6000003814697266,0.00599980354309082,0.00022312700796223162,-0.003988032195209046
2018-03-08,0.004839107913329865,-1.2199993133544922,-0.01699995994567871,0.005354789828222906,-0.018518465483576052
2018-03-09,0.01740223197467672,-1.9000005722045898,0.0280001163482666,-0.00033296058340992474,0.01988778059713936
2018-03-12,-0.001255313548853887,1.1399993896484375,-0.024000167846679688,-0.002108944608002039,-0.007499980926513716
2018-03-13,-0.006462684287067311,0.5700006484985352,-0.021999835968017578,-0.002669609117864624,0.006045286124869875
2018-03-14,-0.005131495434144706,0.8799991607666016,-0.031000137329101562,0.00044605492415028536,0.007511343567177864
2018-03-15,-0.0010897017064689374,-0.6399993896484375,0.009000062942504883,0.004905267072195407,-0.008449307614463386
2018-03-16,0.0010844437062287327,-0.7899999618530273,0.02200007438659668,0.000998490879682512,-0.01002510051583505
2018-03-19,-0.013530192223734971,3.2200002670288086,-0.003000020980834961,-0.0036573403388810988,-0.009620280205448917
2018-03-20,0.001700566964456307,-0.8199996948242188,0.03399991989135742,0.0052280446354366905,-0.00971363148755744
2018-03-21,-0.0019191303503337531,-0.3400001525878906,0.0280001163482666,-0.006528758983660343,0.01445527966781257
2018-03-22,-0.02499711452096598,5.479999542236328,-0.07500004768371582,0.0008910874598178076,-0.01781172459360647
2018-03-23,-0.021314786746754022,1.5300006866455078,-0.002000093460083008,-0.004673916827204305,-0.012953368387701336
2018-03-26,0.027358695811868117,-3.8400001525878906,0.013000011444091797,-0.004584119531727104,-0.000524846295728576
2018-03-27,-0.01701135437642154,1.4699993133544922,-0.056999921798706055,0.003818982050398656,0.0
2018-03-28,-0.0029549284069911863,0.37000083923339844,-0.010999917984008789,0.0077206533602585115,0.004201676463198689
2018-03-29,0.012777855545864192,-2.9000015258789062,-0.03400015830993652,0.0009993778561518951,0.0041840962444885665
2018-04-02,-0.021584461761081197,3.6500015258789062,-0.008999824523925781,-0.001109245395768399,0.010937451881668947
2018-04-03,0.012816910452342345,-2.520000457763672,0.051999807357788086,0.0016656734192241895,0.005152003207411715
2018-04-04,0.010699303480103284,-1.0400009155273438,0.004000186920166016,-0.0006651614259829408,-0.01588925998491153
2018-04-05,0.007891630350164602,-1.1199989318847656,0.04399991035461426,0.003550029920024178,0.00885417028847657
2018-04-06,-0.02228577684831734,2.549999237060547,-0.056999921798706055,-0.0038690965914587316,0.002581271806621377
2018-04-09,0.004928258403191554,0.2800006866455078,0.010999917984008789,-0.0029963852028863647,0.006694086521930043
2018-04-10,0.01590040194738873,-1.3000011444091797,0.010999917984008789,-0.002782724957598459,0.020460436904807144
2018-04-11,-0.005242315323180757,-0.22999954223632812,-0.006999969482421875,-0.00022320173996870363,-0.00501255025791747
2018-04-12,0.008227470789472946,-1.75,0.04400014877319336,0.0020096048430173763,-0.01763226069237045
2018-04-13,-0.00293339435213702,-1.0799999237060547,-0.005000114440917969,0.0005571370669394948,0.0030768956893529875
2018-04-16,0.008221750858756982,-0.8500003814697266,0.003000020980834961,-0.004120297706101117,0.007157530716748628
2018-04-17,0.010698375515331149,-1.3099994659423828,-0.018000125885009766,0.0010063327472158434,-0.0030457548714357685
2018-04-18,0.0007406074711209243,0.35000038146972656,0.05300021171569824,0.0011171370338001196,0.02596742590280532
2018-04-19,-0.005547660265687759,0.3599996566772461,0.04699993133544922,0.003570628040807877,-0.009429307079633742
2018-04-20,-0.008479518383803453,0.9199991226196289,0.03699994087219238,0.004225008262208174,0.0030060809640863884
2018-04-23,-0.00014986369740865868,-0.5399990081787109,0.02200007438659668,0.006864512274987966,-0.010489559791186265
2018-04-24,-0.01346747928171288,1.6800003051757812,0.009999990463256836,-0.0018694281259711287,0.012115082159935175
2018-04-25,0.002471533099650758,-0.18000030517578125,0.0409998893737793,0.0044067592891055,-0.0024937276290828425
2018-04-26,0.010165924845886076,-1.6000003814697266,-0.03399991989135742,0.004277716326436032,-0.003999996185302779
2018-04-27,0.000938548232688019,-0.8299999237060547,-0.03299999237060547,-0.00021839934031897545,-0.01957828253788818
2018-04-30,-0.0076903988246093125,0.5200004577636719,-0.020999908447265625,0.0032772058047072505,-0.001536133414783869
2018-05-01,0.001776711007977383,-0.4400005340576172,0.039999961853027344,0.006641992973380528,-0.0071794558794072705
2018-05-02,-0.006717144993863111,0.48000049591064453,-0.012000083923339844,0.0006490555972855638,0.00464876806562553
2018-05-03,-0.002204004857506159,-0.07000064849853516,-0.017999887466430664,-0.0010809477009181556,0.008226212911876862
2018-05-04,0.012946519150929037,-1.1299991607666016,-0.002000093460083008,0.0017313713491438065,-0.00356959166983728
2018-05-07,0.0033834466344135894,-0.020000457763671875,0.006000041961669922,0.0019444777548793812,0.0005116848037227673
2018-05-08,0.0,-0.039999961853027344,0.01900005340576172,0.003989247941585283,-0.0030690265106836367
2018-05-09,0.009665616872017724,-1.2899999618530273,0.034999847412109375,-0.0008591261672575845,-0.00410466519474284
2018-05-10,0.009350830612886218,-0.1900005340576172,-0.03299999237060547,-0.004191738884466778,0.0175167519454269
2018-05-11,0.003051325540847305,-0.5799999237060547,0.0,-0.0011872704645432552,0.0005063407028780276
2018-05-14,0.0004760449402159139,0.2800006866455078,0.023999929428100586,0.0005402574223973833,-0.007084989272612141
2018-05-15,-0.006886842348918343,1.6999998092651367,0.08500003814697266,0.0068042435223067965,-0.01325179499288942
2018-05-16,0.004205357539681875,-1.2100000381469727,0.015000104904174805,0.0018236233288908554,0.008780995399507052
2018-05-17,-0.0008446586136992007,0.010000228881835938,0.01399993896484375,0.0008566423768876508,0.0020480802238815876
2018-05-18,-0.002500095942128744,-0.010000228881835938,-0.04200005531311035,0.0018187457657554695,0.0
2018-05-21,0.007518065419987341,-0.3400001525878906,-0.0019998550415039062,0.0004271776568567365,0.0
2018-05-22,-0.002780038714096933,0.1400003433227539,0.0,-0.00074722133428895,0.0
2018-05-23,0.0027511475497905558,-0.6400003433227539,-0.06200003623962402,0.004273064023831097,-0.004087885792211421
2018-05-24,-0.0020485010990736185,-0.05000019073486328,-0.02200007438659668,-0.0024465838922149707,0.010261711918325922
2018-05-25,-0.0023827559744524773,0.6900005340576172,-0.04999995231628418,0.004371973421265274,0.0
2018-05-29,-0.011500778433496062,3.8000001907348633,-0.16300010681152344,0.006794769859429284,-0.013712567315407376
2018-05-30,0.013344508884402417,-2.080000877380371,0.07400012016296387,-0.007170729643001028,0.006694086521930043
2018-05-31,-0.006125769158253802,0.49000072479248047,-0.019999980926513672,-0.0016994546948083666,0.0
2018-06-01,0.009817591873837905,-1.9700002670288086,0.07299995422363281,0.0021279346971216917,0.005115109226202064
2018-06-04,0.004751324248457811,-0.7200002670288086,0.04200005531311035,-0.0018049240251968302,0.016793889573150533
2018-06-05,0.0007276664646456155,-0.3400001525878906,-0.018000125885009766,-0.0013826553718299106,0.02152153728866657
2018-06-06,0.008360852435293609,-0.7599992752075195,0.0559999942779541,-0.0024496296627350977,0.018128409701106074
2018-06-07,-0.00010840026545300141,0.48999977111816406,-0.04199981689453125,-0.0027760209915052014,-0.003849851831692508
2018-06-08,0.002956645990574769,0.05000019073486328,0.003999948501586914,0.00160601202814048,0.010627985760675474
2018-06-11,0.0013297173087463143,0.1700000762939453,0.019999980926513672,0.00032067106700450765,-0.012906331585993747
2018-06-12,0.0012926521611622555,-0.010000228881835938,0.0,0.0023509426843173475,-0.0029055431985843816
2018-06-13,-0.003191149514556124,0.5999994277954102,0.019999980926513672,-0.0009595305368539364,0.006799387499316856
2018-06-14,0.00251781812258689,-0.8199996948242188,-0.03099989891052246,0.011311466961366978,-0.014954147264247375
2018-06-15,-0.0012756531969804197,-0.1400003433227539,-0.02200007438659668,0.00021108233797106912,-0.023996070973918204
2018-06-18,-0.0020568111206358264,0.3300008773803711,0.002000093460083008,-0.00042199509590667983,-0.0030105100363094772
2018-06-19,-0.0038328282179309614,1.0399999618530273,-0.03300023078918457,0.0035883518510884116,-0.026170127619568495
2018-06-20,0.0017060298822966224,-0.5600004196166992,0.03500008583068848,-0.00031547776266893646,-0.0010336153679267879
2018-06-21,-0.006268811367617588,1.8500003814697266,-0.03099989891052246,-0.0019986831147834616,-0.0036212982462749954
2018-06-22,0.001823090239133407,-0.869999885559082,0.003000020980834961,-0.003689323214742246,0.0005192226772061659
2018-06-25,-0.013612727292800608,3.559999465942383,-0.02500009536743164,-0.002539122643812952,-0.017644013726575092
2018-06-26,0.0022139274754167104,-1.4099998474121094,0.005000114440917969,0.004242697614106783,0.006339087688865819
2018-06-27,-0.008284348149483645,1.989999771118164,-0.05300021171569824,0.006442760967314998,-0.008398942457742309
2018-06-28,0.005717777070678887,-1.0599994659423828,0.019999980926513672,0.0010494120386224104,-0.007940689432339276
2018-06-29,0.0014396084326138148,-0.7600002288818359,0.002000093460083008,-0.007967314614669596,-0.0016008904488752362
2018-07-02,0.0021376943509383572,-0.48999977111816406,0.01699995994567871,0.0025362517185891775,-0.012292867637134441
2018-07-03,-0.0035310920704633153,0.5399990081787109,-0.0279998779296875,-0.002951474655686126,-0.0027055864880447533
2018-07-05,0.00815784268699904,-1.169999122619629,0.0019998550415039062,-0.0012685814761939085,-0.028214891435332068
2018-07-06,0.008458336199286265,-1.6000003814697266,-0.008999824523925781,-0.0045517127090027865,-0.006141854343312936
2018-07-09,0.009004187407691155,-0.6800003051757812,0.028999805450439453,0.00042536064587328504,0.01966294362198706
2018-07-10,0.003598656860303917,-0.049999237060546875,0.013000011444091797,0.00031886456965368737,-0.014325081782172289
2018-07-11,-0.007314496080531252,0.9899997711181641,-0.03099989891052246,0.006481783087826987,-0.028507559881580158
2018-07-12,0.009066104070182268,-1.0500001907348633,0.010999917984008789,0.0009501302442018744,0.010932137124984642
2018-07-13,0.0007872817902498941,-0.39999961853027344,-0.021999835968017578,-0.0006328189024229491,-0.0005691650003147863
2018-07-16,-0.0008941643723885395,0.6499996185302734,0.026999950408935547,-0.002532958984375,-0.0011388696482494964
2018-07-17,0.004045541150048626,-0.7699995040893555,0.006000041961669922,0.004867200021957396,-0.009122106408734565
2018-07-18,0.0021034120980698567,0.039999961853027344,0.010999917984008789,0.001158266915211703,0.0051783749674196855
2018-07-19,-0.003771277937904438,0.7699995040893555,-0.0280001163482666,0.0009465327740583174,-0.021179103974087177
2018-07-20,-0.0011434893919171074,-0.010000228881835938,0.04800009727478027,-0.007460324662529327,0.016374197254421796
2018-07-23,0.0018598507386902163,-0.23999977111816406,0.06999993324279785,0.0022231535730257157,-0.004602987777274747
2018-07-24,0.005031993990048056,-0.21000003814697266,-0.016000032424926758,-0.0006337547243497887,0.02312147650399954
2018-07-25,0.008522367381799567,-0.11999988555908203,-0.012999773025512695,-0.002642426787730634,0.019773924239253393
2018-07-26,-0.0023591221422336606,-0.14999961853027344,0.03899979591369629,0.004133100753770602,-0.01939049800082382
2018-07-27,-0.006776290683077835,0.8899993896484375,-0.014999866485595703,-0.0007387830588307942,-0.0033899079494192907
2018-07-30,-0.005223235107371216,1.2300004959106445,0.014999866485595703,-0.0033798024270467186,0.0005669064188122963
2018-07-31,0.004929246808994536,-1.4300003051757812,-0.010999917984008789,0.0013776732998844743,0.014164306255141978
2018-08-01,-0.0016708597947393544,0.31999969482421875,0.03900003433227539,0.0013758586702470321,-0.03407814055881053
2018-08-02,0.005447866114373312,-0.9600000381469727,-0.01699995994567871,0.0058126760346468576,-0.0023135288264456433
2018-08-03,0.004284780181036396,-0.5499992370605469,-0.03299999237060547,-0.00031521256566191536,0.00927535347316577
2018-08-06,0.0036673127265862693,-0.36999988555908203,-0.015000104904174805,0.002312394598638745,-0.010913299007630939
2018-08-07,0.0033021930136327704,-0.3400001525878906,0.03500008583068848,-0.0014681143954736742,0.011033713219156027
2018-08-08,-0.0004199623512414208,-0.07999992370605469,-0.002000093460083008,-0.0012602682739299986,-0.0005743956903780933
2018-08-09,-0.0013665528949244887,0.4200000762939453,-0.03600001335144043,0.004206114955803697,0.0028736290520334773
2018-08-10,-0.006700163757329625,1.8899993896484375,-0.07799983024597168,0.009005241993210067,-0.007449917617845192
2018-08-13,-0.0037430663893222027,1.619999885559082,0.019999980926513672,0.00031131983298937627,-0.002309411598353739
2018-08-14,0.006380565048486497,-1.4699993133544922,0.017999887466430664,0.0035273780416857914,-0.01851861050099135
2018-08-15,-0.0074671642550313555,1.3299999237060547,-0.042999982833862305,-0.0003102078739797287,-0.03773581510593205
2018-08-16,0.008091291725338845,-1.1900005340576172,0.01900005340576172,-0.0005170157594734937,0.008578394133967882
2018-08-17,0.003520495269482282,-0.8099994659423828,0.0019998550415039062,-0.005690667802116356,0.021871241213565096
2018-08-20,0.0021394931647824578,-0.15000057220458984,-0.04999995231628418,-0.0020811337296331445,0.001783631818658149
2018-08-21,0.0023455946559052254,0.36999988555908203,0.021000146865844727,-0.006673611881807262,0.005341255225540964
2018-08-22,-0.0005938740510326168,-0.6099996566772461,-0.021000146865844727,-0.001154740792407849,-0.0035419935891018994
2018-08-23,-0.0013278716888950326,0.15999984741210938,-0.0019998550415039062,0.004939581851454822,0.0
2018-08-24,0.006018615283694739,-0.4200000762939453,0.004999876022338867,-0.0049153023133533535,0.008886346761648456
2018-08-27,0.007895268599359628,0.1700000762939453,0.02200007438659668,-0.0038886257556327575,0.002348737907572618
2018-08-28,0.00048328095311633845,0.3400001525878906,0.03600001335144043,-0.000633019195679263,0.005858253266404434
2018-08-29,0.00538069505340566,-0.25,0.0,-0.001266920872418642,-0.0069889830343727866
2018-08-30,-0.004048630871694381,1.2799997329711914,-0.024000167846679688,0.0012685279970152674,-0.009970679407681482
2018-08-31,3.4789001736035274e-05,-0.6700000762939453,-0.006999969482421875,0.004434102233241033,-0.009478664417471583
2018-09-04,-0.0017222925035871306,0.3000001907348633,0.04900002479553223,0.0029430185105439044,-0.02272722346723366
2018-09-05,-0.0026916662236355915,0.75,0.0,-0.003039204790319605,0.0048959561174413135
2018-09-06,-0.003010008815962806,0.7399997711181641,-0.023000001907348633,-0.0011563188639491795,0.007308211856018598
2018-09-07,-0.0019433339304142372,0.23000049591064453,0.06299996376037598,0.003683499430445103,-0.009673624298928374
2018-09-10,0.001738221983537347,-0.7200002670288086,-0.004999876022338867,-0.0023068178081918633,0.004884000476487849
2018-09-11,0.0032977105775771065,-0.9399995803833008,0.039999961853027344,-0.0009459166142070652,-0.001214978829124247
2018-09-12,0.0002423104010547128,-0.07999992370605469,-0.01399993896484375,-0.0027350569483833853,0.023722589840584396
2018-09-13,0.005914422679146547,-0.7700004577636719,0.0,-0.0027426384795421477,-0.0005941906670926533
2018-09-14,0.00017220577464160947,-0.3000001907348633,0.03099989891052246,0.0046541404394464525,-0.022592102714694695
2018-09-17,-0.005294445465493514,1.6100006103515625,0.006999969482421875,-0.004948422868936597,0.008515777682513548
2018-09-18,0.005426028664746507,-0.8900003433227539,0.04700016975402832,0.0011639044319669,0.0343787513538667
2018-09-19,0.0010657707951786666,-1.0399999618530273,0.034999847412109375,-0.0007397980637529056,-0.0017491999979091233
2018-09-20,0.008103543942309166,0.05000019073486328,-0.004999876022338867,-0.006768898667280809,0.01168217557165585
2018-09-21,-0.000913193545137525,-0.11999988555908203,-0.009999990463256836,0.0033010067778203034,0.030600502077600567
2018-09-24,-0.003322136546275334,0.5199995040893555,0.009999990463256836,0.0004245480259934542,-0.007843209748186197
2018-09-25,-0.0009281580660732702,0.2200002670288086,0.023999929428100586,-0.0013792157847037911,-0.0022585550675595645
2018-09-26,-0.0029919364527425385,0.4700002670288086,-0.0409998893737793,0.0006374714728476505,0.0016978317213340866
2018-09-27,0.0027940043252376867,-0.48000049591064453,-0.005000114440917969,0.008599612884580221,-0.015254262492971349
2018-09-28,0.00010352120839129952,-0.28999996185302734,0.0,0.0020000256990131415,0.008605829942856191
2018-10-01,0.003474034032880935,-0.11999988555908203,0.023999929428100586,0.0011555899519939405,-0.005688303862554589
2018-10-02,-0.0005826860840472126,0.05000019073486328,-0.023999929428100586,0.0022035580036507962,0.005720845771654659
2018-10-03,0.0005487786291973329,-0.4400005340576172,0.10500001907348633,0.002617526901982581,0.008532401546145874
2018-10-04,-0.007815835724419795,2.6100006103515625,0.03600001335144043,-0.00010445004184778117,-0.014664423891408762
2018-10-05,-0.005597037485243539,0.5999994277954102,0.0279998779296875,-0.0013576736649396626,-0.0068688572753998756
2018-10-08,0.0,0.869999885559082,0.00800013542175293,0.0015686455989956105,0.0040345644544756976
2018-10-09,-0.001459039334930301,0.26000022888183594,-0.02500009536743164,-0.0009397132822928089,0.012055056461132585
2018-10-10,-0.03166336649030588,7.0099992752075195,0.01699995994567871,-0.0017767367098985298,-0.017583634753213673
2018-10-11,-0.022026399128992513,2.020000457763672,-0.09200000762939453,-0.005130410241904748,0.0023095217224107234
2018-10-12,0.013888242768717696,-3.6700000762939453,0.00800013542175293,0.0021048682877564673,0.018433161496169914
2018-10-15,-0.005617049828390952,-0.010000228881835938,0.02200007438659668,-0.0015753153114462792,-0.010746636356221972
2018-10-16,0.021865901608225657,-3.6799983978271484,-0.0070002079010009766,-0.00021033599590403185,-0.0034305012422848336
2018-10-17,0.00017841825607911588,-0.220001220703125,0.023000001907348633,0.005575999603159021,-0.003442310091329448
2018-10-18,-0.014441225617539133,2.6599998474121094,-0.003999948501586914,0.00334797749208926,-0.012665584920768191
2018-10-19,-0.0005424422414466168,-0.1700000762939453,0.023000001907348633,-0.001981255874693333,0.01807577101094715
2018-10-22,-0.004488833872033138,-0.25,-0.0019998550415039062,0.0031345006230021344,-0.0011453924091453516
2018-10-23,-0.005090753559041983,1.0699996948242188,-0.03000020980834961,-0.0005208108597567485,-0.005733966651803812
2018-10-24,-0.030298625796126077,4.520000457763672,-0.04199981689453125,0.004897886881901625,-0.005190320172774543
2018-10-25,0.01794084756115466,-1.010000228881836,0.011999845504760742,0.0025925541761777637,0.004057953323143071
2018-10-26,-0.017587739071456943,-0.05999946594238281,-0.05900001525878906,-0.003309885124266887,-0.0075057253497209375
2018-10-29,-0.005540038673838454,0.5400009155273438,0.009999990463256836,0.002283117676521673,-0.012798209067373167
2018-10-30,0.014818372206689467,-1.3500003814697266,0.023000001907348633,0.004452270625630916,-0.011785436869960919
2018-10-31,0.01068111224013002,-2.1200008392333984,0.04900002479553223,0.0012369355174222108,-0.005366735249325849
2018-11-01,0.010641452775748128,-1.8899993896484375,-0.014999866485595703,-0.008751142779335197,0.022182189755113768
2018-11-02,-0.005922711686133786,0.1700000762939453,0.06999993324279785,0.0027004792223406238,0.03460411606972058
2018-11-05,0.0055169861030079925,0.4499988555908203,-0.013000011444091797,-0.001968121396357825,-0.020974996864336015
2018-11-06,0.0063277559575809494,-0.049999237060546875,0.013000011444091797,-0.00031135215123989646,-0.007527565991279017
2018-11-07,0.021409009030133097,-3.549999237060547,-0.0009999275207519531,-0.0033222559783855354,0.0023337757848171936
2018-11-08,-0.0018149872966762848,0.3599987030029297,0.020999908447265625,0.006666660308837891,-0.0034924019136546303
2018-11-09,-0.00976809617448915,0.6400012969970703,-0.04500007629394531,0.0027939183998986206,-0.016355179492972827
2018-11-12,-0.018685468031094277,3.0900001525878906,-0.0029997825622558594,0.006500848515232249,-0.004156751436457773
2018-11-13,-0.001870936123934075,-0.43000030517578125,-0.0410001277923584,-0.002460507089572128,0.0011926331077953822
2018-11-14,-0.006836823687956128,1.2299995422363281,-0.02500009536743164,-0.005138745984766602,0.016080913382520823
2018-11-15,0.010436726681755326,-1.2700004577636719,-0.0019998550415039062,0.0013429467904919612,0.01230955441941961
2018-11-16,0.002600188117433122,-1.8400001525878906,-0.04400014877319336,-0.004745683307793125,0.013317865439484322
2018-11-19,-0.016914112969592443,1.960000991821289,-0.01699995994567871,-0.0029024440318633493,-0.0005714416503905806
2018-11-20,-0.018506112216910675,2.3799991607666016,-0.008999824523925781,0.006445525537492003,-0.014865650788125406
2018-11-21,0.003407208916931914,-1.6800003051757812,0.013000011444091797,-0.0010329354058765672,0.014509576705859395
2018-11-23,-0.006678312816623677,0.720001220703125,-0.0070002079010009766,0.002171430942618846,-0.008009118610681987
2018-11-26,0.016144351891461906,-2.6200008392333984,0.018000125885009766,0.0015476839528765218,-0.006343749099399276
2018-11-27,0.003364220875396562,0.12000083923339844,-0.01699995994567871,0.003090584657473805,-0.010446912940104358
2018-11-28,0.023025372315846226,-0.5300006866455078,-0.01100015640258789,-0.005956678799365123,0.025806484090697968
2018-11-29,-0.0021849630007767518,0.3000011444091797,-0.008999824523925781,-0.00010333852811095223,-0.005717574772920231
2018-11-30,0.006095211592205052,-0.720001220703125,-0.02200007438659668,0.005063007542363662,0.0017251689303316997
2018-12-03,0.013241563730529649,-1.6299991607666016,-0.020999908447265625,-0.002364508435042212,0.013203188359873996
2018-12-04,-0.032402455430622035,4.299999237060547,-0.06800007820129395,-0.0007213488681347968,-0.025495686420206942
2018-12-06,-0.0015170761371358088,0.4500007629394531,-0.04800009727478027,-0.0016500325883797018,-0.0023256345205246998
2018-12-07,-0.023236098110682613,2.039999008178711,-0.026000022888183594,-0.0030988062176297015,0.004079236331390401
2018-12-10,0.001896807673986478,-0.5900001525878906,0.006000041961669922,0.007356740946606211,-0.013929180353710824
2018-12-11,0.00022771874415683513,-0.8799991607666016,0.023000001907348633,0.0017485925407405567,0.01530313315976728
2018-12-12,0.0050351733993605485,-0.3000011444091797,0.026999950408935547,-0.0035937824860310386,-0.0011594468268795177
2018-12-13,-0.0003391754714089368,-0.8099994659423828,0.005000114440917969,0.0002060659818399202,0.0023215854085942844
2018-12-14,-0.01846469862200073,0.9799995422363281,-0.019999980926513672,0.003915154464980253,-0.0028952601669852696
2018-12-17,-0.019618343211830647,2.8900012969970703,-0.03399991989135742,-0.003489367392920717,-0.005807112549856108
2018-12-18,-0.0010966049722794802,1.0599994659423828,-0.032000064849853516,0.00041195588214137935,-0.02920560604495792
2018-12-19,-0.014975788613754148,0.0,-0.04699993133544922,-0.0010294263408421322,0.0024066790709353914
2018-12-20,-0.016277822111784412,2.799999237060547,0.010999917984008789,-0.007831843869128163,0.007202931592585671
2018-12-21,-0.020489562184392573,1.730001449584961,0.003000020980834961,0.007062736952609949,-0.008343342745420257
2018-12-24,-0.026422872251845697,5.959999084472656,-0.042999982833862305,-0.0042285069779925966,-0.0012018360065253475
2018-12-26,0.050524744200576954,-5.659999847412109,0.04799985885620117,0.005178663741025158,0.015643700866695864
2018-12-27,0.00767742283257089,-0.4500007629394531,-0.053999900817871094,-0.005873257876357063,-0.007108941815807235
2018-12-28,-0.001290185507140662,-1.6199989318847656,-0.006999969482421875,-0.0009328769087225686,-0.0017900170785086766
2018-12-31,0.008758970211184325,-2.9200000762939453,-0.04999995231628418,-0.0022824071179188277,-0.01733407149513566
2019-01-02,0.0010403284060773732,-2.200000762939453,-0.02500009536743164,0.00675888050592488,-0.009732350499663811
2019-01-03,-0.023862665824978535,2.230001449584961,-0.10700011253356934,-0.00526752879403003,-0.011056529335618293
2019-01-04,0.03349566557207373,-4.070001602172852,0.10500001907348633,-0.0012459258667771866,0.02608696064239502
2019-01-07,0.007884549440511757,0.020000457763671875,0.023000001907348633,-0.00499015848581541,-0.004237269545069644
2019-01-08,0.009395328995765562,-0.9300003051757812,0.03400015830993652,0.0019851890421453966,0.007294767557404214
2019-01-09,0.004673469291501142,-0.48999977111816406,0.011999845504760742,-0.007090722568886321,0.006035026150360334
2019-01-10,0.0035274277025760803,-0.4799995422363281,0.003000020980834961,0.0033606352732815647,-0.009598071186552759
2019-01-11,0.00038649568526261113,-1.3099994659423828,-0.029999971389770508,0.0013606578623848176,0.005451250838291788
2019-01-14,-0.006100992625631796,0.8799991607666016,0.009000062942504883,-0.0008362269529200717,-0.010240968216103985
2019-01-15,0.011460883618275686,-0.4699993133544922,0.0009999275207519531,0.00397536245810981,0.007303647574915972
2019-01-16,0.002419942469613856,0.4400005340576172,0.019999980926513672,0.0009377548895062038,0.011480395336342264
2019-01-17,0.00758673412666977,-0.9800014495849609,0.018000125885009766,0.00010412384431268684,0.008363165565269615
2019-01-18,0.013309805453912249,-0.26000022888183594,0.034999847412109375,0.0028104157793700235,0.005924193509567965
2019-01-22,-0.013510226352975274,3.0,-0.053999900817871094,-0.0004151265066748566,-0.02120133761531995
2019-01-23,0.0020923716716563234,-1.279998779296875,0.02500009536743164,-0.0018691619882819088,0.0024066790709353914
2019-01-24,0.0005312443764926567,-0.6300010681152344,-0.043000221252441406,0.004993713210813766,-0.006002423912702559
2019-01-25,0.0084612894889462,-1.4699993133544922,0.0410001277923584,-0.008385068026794507,0.030797116263844737
2019-01-28,-0.007600214812955142,1.4500007629394531,-0.009000062942504883,-0.00041758967684546455,-0.01347390429690909
2019-01-29,-0.0013266723152361992,0.2599983215332031,-0.032000064849853516,0.0007310673088691821,0.010095016315532446
2019-01-30,0.015830745697059667,-1.4699993133544922,-0.01699995994567871,-0.005009427660846888,0.021164056761169503
2019-01-31,0.008782683188822027,-1.0900001525878906,-0.059999942779541016,0.0025173641953317727,0.0
2019-02-01,0.00048150931559387544,-0.43000030517578125,0.0559999942779541,0.0,-0.0028785919397449344
2019-02-04,0.007035242339996861,-0.4099998474121094,0.03299999237060547,0.0028248235812304845,0.01270214922514512
2019-02-05,0.004191856786965209,-0.15999984741210938,-0.02200007438659668,0.00260824208638355,0.005701166984123152
2019-02-06,-0.0013183368045747157,-0.18999958038330078,0.0,0.0033298616015107196,0.002267625675248963
2019-02-07,-0.009532910464212785,0.9900007247924805,-0.04999995231628418,0.0009334574672719143,0.002262387301373625
2019-02-08,0.0012214646412347374,-0.6500005722045898,-0.019999980926513672,0.0013469821836131768,-0.00790064306283178
2019-02-11,0.0005549638393760326,0.25,0.029000043869018555,0.004346007570342536,-0.008532401546145874
2019-02-12,0.012859132685633767,-0.5399999618530273,0.023000001907348633,-0.0036060012664826946,-0.00401604667806188
2019-02-13,0.0032470409543221557,0.2199993133544922,0.023999929428100586,0.00434286188523747,-0.0005760500305439509
2019-02-14,-0.0022184127701674328,0.5699996948242188,-0.05099987983703613,-0.0015442592476661021,0.0005763820554445243
2019-02-15,0.010897343685445149,-1.3099994659423828,0.008999824523925781,-0.000618737738824704,0.01324882109158354
2019-02-19,0.0017305993856131519,-0.029999732971191406,-0.018999814987182617,-0.00412713096817896,0.021603135728835987
2019-02-20,0.002015646831467377,-0.8599996566772461,0.006999969482421875,-0.0007252351560173009,0.014468571998698776
2019-02-21,-0.003556218530198607,0.4399995803833008,0.03399991989135742,0.001658928638382795,-0.003291248900109567
2019-02-22,0.006200187059450801,-0.9499998092651367,-0.03299999237060547,-0.0010350737344926308,0.014859683909189236
2019-02-25,0.0013613651903825463,1.3400001525878906,0.018000125885009766,-0.0010361462222323592,-0.0010846234915629083
2019-02-26,-0.0007155467387918168,0.31999969482421875,-0.037000179290771484,-0.00425270870797112,0.000542900588513362
2019-02-27,-0.0004294156301792862,-0.4700002670288086,0.057000160217285156,0.0015625158945720141,0.0065110651056834445
2019-02-28,-0.0018625779390935016,0.07999992370605469,0.017999887466430664,0.00010402637620110511,-0.007547137218676392
2019-03-01,0.006243702267988205,-1.2100000381469727,0.04400014877319336,0.0038477028192263063,-0.008147725137072959
2019-03-04,-0.0036375394656792404,1.0600004196166992,-0.03300023078918457,0.0015539368877635074,-0.0021906306147839727
2019-03-05,-0.001360159487857171,0.1099996566772461,0.0,0.0017583592098542322,0.008232795363991352
2019-03-06,-0.006056613240908892,1.0,-0.029999971389770508,0.0002065490219524957,-0.004354922158478991
2019-03-07,-0.008365665529476263,0.8500003814697266,-0.0559999942779541,0.008258443271196292,-0.0027337967143966635
2019-03-08,-0.0020002407731684047,-0.5400009155273438,-0.010999917984008789,-0.00307152071247474,-0.005482477123057161
2019-03-11,0.014501756872510096,-1.7199993133544922,0.017999887466430664,-0.0015405311866869553,0.002756402761386445
2019-03-12,0.0037707926548598003,-0.5599994659423828,-0.037999868392944336,-0.0028800532378233656,0.008246267956365738
2019-03-13,0.006619182606013574,-0.3600006103515625,0.006000041961669922,-0.004023100679042879,0.0
2019-03-14,-0.0006397412321894613,0.09000015258789062,0.01900005340576172,0.0024857364700534568,-0.013631406647765076
2019-03-15,0.004940602538872518,-0.619999885559082,-0.037000179290771484,-0.001963037913100929,0.006633440070347385
2019-03-18,0.0036258253518732797,0.2200002670288086,0.009000062942504883,-0.0008281763179956991,0.0010983228319174643
2019-03-19,0.0002481786896186833,0.46000003814697266,0.012000083923339844,-0.0014504703120344908,0.0021942356846837985
2019-03-20,-0.003010118800349293,0.34999942779541016,-0.07899999618530273,-0.006432819411244739,0.004378758713826869
2019-03-21,0.011294642415539347,-0.2799997329711914,0.0019998550415039062,0.00772762998393417,-0.007629498315348648
2019-03-22,-0.019246537906308592,2.84999942779541,-0.0820000171661377,0.0015544199572943285,-0.020318448681321266
2019-03-25,-0.0007515926417748231,-0.14999961853027344,-0.034999847412109375,-0.0008277478509223224,0.0011211018829935249
2019-03-26,0.007454025949966914,-1.6499996185302734,-0.006000041961669922,0.0017603621153829963,0.00111973962662959
2019-03-27,-0.0052292911101325945,0.4699993133544922,-0.039999961853027344,0.00031009696050565694,0.0011185938871607348
2019-03-28,0.0037904200954812506,-0.7199993133544922,0.014999866485595703,0.004443529193886686,0.005586613608986157
2019-03-29,0.00630579268060294,-0.7200002670288086,0.02500009536743164,0.0008230641313424769,0.017777760823567634
2019-04-01,0.01185917600474462,-0.3100004196166992,0.08299994468688965,-0.0003083756134181215,-0.0010917280620545977
2019-04-02,0.0004895664128923283,-0.039999961853027344,-0.016000032424926758,0.0011311116745662542,-0.006010858338188596
2019-04-03,0.0015733283608856397,0.38000011444091797,0.03600001335144043,-0.0027732566841441875,0.012094519345537291
2019-04-04,0.002653511328206015,-0.15999984741210938,-0.004999876022338867,0.0022659514780234424,-0.008690920626737597
2019-04-05,0.004840601588058879,-0.7600002288818359,-0.01100015640258789,0.0009249200446332928,-0.008219157179740977
2019-04-08,0.0007625687609511544,0.3600006103515625,0.018000125885009766,-0.0035934134357081815,0.013812154405032029
2019-04-09,-0.005125158154491438,1.0999994277954102,-0.019999980926513672,-0.00041216810169508733,0.002179782416740883
2019-04-10,0.003410730869549683,-0.9799995422363281,-0.02200007438659668,-0.000618546404153375,-0.002718827554105019
2019-04-11,-0.00027733152875408784,-0.2799997329711914,0.026999950408935547,0.0023723915850806243,-0.011450435663799996
2019-04-12,0.006766103184163708,-1.010000228881836,0.0559999942779541,-0.0021609290369746237,0.015444054032359267
2019-04-15,-0.000655031775947279,0.3099994659423828,-0.006999969482421875,-0.00030936144085014217,-0.0005431954896639724
2019-04-16,0.0006554611238112074,-0.1399993896484375,0.03900003433227539,0.0010315501506361624,-0.0010869814227353336
2019-04-17,-0.002447004874227665,0.4200000762939453,0.0,-0.00030913828332490567,0.010337352705825253
2019-04-18,0.001969329017698751,-0.5100002288818359,-0.032000064849853516,0.004741769656150252,-0.014539604857340183
2019-04-22,0.0008616959295466575,0.3299999237060547,0.029999971389770508,-0.0019493427621491977,-0.006010858338188596
2019-04-23,0.008992043722143572,-0.1400003433227539,-0.019999980926513672,0.0029810949749833338,-0.001649295534067563
2019-04-24,-0.0022195982874997355,0.8600006103515625,-0.04799985885620117,0.005431985046167709,0.006057302383030372
2019-04-25,-0.000615989554676788,0.1099996566772461,0.011999845504760742,0.001019352453379252,-0.019157108522183774
2019-04-26,0.0046568439895045,-0.5200004577636719,-0.028999805450439453,-0.0019347741131994223,0.010602708328609989
2019-04-29,0.0015676973092859647,0.38000011444091797,0.03099989891052246,-0.001530471611156714,0.001656475885469355
2019-04-30,0.0005100361428738154,0.010000228881835938,-0.026999950408935547,-0.003883070213038353,0.002205122209109067
2019-05-01,-0.007515992450276565,1.6800003051757812,0.0019998550415039062,0.002154278592951142,-0.03850389170456536
2019-05-02,-0.002159066268436316,-0.38000011444091797,0.0410001277923584,0.0014330984353532195,-0.004004559305340938
2019-05-03,0.009787793881975704,-1.5500001907348633,-0.021000146865844727,-0.0031688151097414297,0.013210772214367061
2019-05-06,-0.004114570813415486,2.5699996948242188,-0.03099989891052246,0.0,0.008503488155840344
2019-05-07,-0.016700499070976593,3.880000114440918,-0.05200004577636719,0.0011279800465351375,-0.020236120956989345
2019-05-08,-0.0013889811271969865,0.07999992370605469,0.03400015830993652,-0.00010237127027667992,-0.005163519851526632
2019-05-09,-0.003025634616642847,-0.2999992370605469,-0.02500009536743164,-0.002560950552818464,-0.0017301433899370444
2019-05-10,0.005023194180886259,-3.059999465942383,-0.002000093460083008,-0.00041081354009464555,0.002888569956778886
2019-05-13,-0.02513043410601945,4.509998321533203,-0.04999995231628418,-0.00010276519102336845,-0.02131341164888967
2019-05-14,0.009043536033654265,-2.489999771118164,0.01399993896484375,0.0021578204390790834,0.0011771899960628662
2019-05-15,0.005857699968600416,-1.6199989318847656,-0.039999961853027344,0.00041013960861269183,0.008818319606814784
2019-05-16,0.009261477835470489,-1.1500005722045898,0.026000022888183594,0.0027672096331956553,0.0005827639260349571
2019-05-17,-0.006465251618880563,0.6700000762939453,-0.012000083923339844,0.0016353604670711341,-0.0052417095042504025
2019-05-20,-0.006612065276893175,0.34999942779541016,0.023000001907348633,-0.0007142826002470848,-0.0011709869937359674
2019-05-21,0.00901593150880009,-1.359999656677246,0.010000228881835938,0.0013274507608789232,-0.003516967633097612
2019-05-22,-0.0030714948210164295,-0.19999980926513672,-0.03300023078918457,0.0005099230369440821,-0.015882379868451313
2019-05-23,-0.012218715434350824,2.1700000762939453,-0.0969998836517334,-0.002650108394791295,0.0035864539708765353
2019-05-24,0.002267855676789665,-1.0699996948242188,0.0279998779296875,-0.002452711982749878,0.007147047369949311
2019-05-28,-0.00930018178422376,1.6499996185302734,-0.0559999942779541,0.0035856825318365537,-0.00413954437941233
2019-05-29,-0.006710656349400268,0.39999961853027344,-0.031999826431274414,0.0018374878201108391,-0.010095016315532557
2019-05-30,0.002731287840511687,-0.6000003814697266,-0.009000062942504883,0.0,-0.006598716847517672
2019-05-31,-0.013475547566222934,1.4099998474121094,-0.08500003814697266,-0.003973908621091482,-0.005434791998211508
2019-06-03,-0.002542848019394084,0.15000152587890625,-0.06099987030029297,-0.006240415451166825,0.009107561149518606
2019-06-04,0.021706729136749203,-1.8900012969970703,0.037999868392944336,-0.0007206062926090606,0.003008377529230888
2019-06-05,0.008662263204755938,-0.8799991607666016,0.003999948501586914,0.003090584657473805,-0.01559689428265676
2019-06-06,0.00650267608446109,-0.15999984741210938,0.0010001659393310547,-0.003491875913468556,0.007312665469178636
2019-06-07,0.010006817897499687,0.3699989318847656,-0.039999961853027344,-0.004328539361323047,-0.00967936120785362
2019-06-10,0.004589103117617066,-0.3599996566772461,0.05899977684020996,0.0015526500872709015,0.017104383930501177
2019-06-11,-0.00024247598659110636,0.05000019073486328,-0.0029997825622558594,-0.0007234362678668615,0.004204185971651064
2019-06-12,-0.0017651078133589237,-0.07999992370605469,-0.013000011444091797,0.0032060973292622474,-0.010765454857607604
2019-06-13,0.004126260072156551,-0.09000015258789062,-0.03600001335144043,0.00010311480649960458,0.004232145764786699
2019-06-14,-0.0011048534028429424,-0.5399999618530273,0.0019998550415039062,0.0057725754691495546,-0.010836863248734785
2019-06-17,0.00038031617789169303,0.07000064849853516,-0.006999969482421875,-0.00010251241428460567,0.008520960867197003
2019-06-18,0.01047109234601562,-0.20000076293945312,-0.026000022888183594,0.0008200269891012191,0.02172604809787737
2019-06-19,0.0022569275654023002,-0.8199996948242188,-0.03099989891052246,-0.005325651846752599,-0.006497377930816284
2019-06-20,0.009554175191247571,0.4200000762939453,-0.0280001163482666,-0.005045361195495923,0.010107020177072767
2019-06-21,-0.001453119114784407,0.6499996185302734,0.06700015068054199,-0.004242947784005469,-0.009417295442469498
2019-06-24,-0.0012248428104980613,-0.1399993896484375,-0.04700016975402832,-0.0024942616994884093,0.007130174674830014
2019-06-25,-0.009807996565221355,1.0200004577636719,-0.026999950408935547,0.001875393820381488,0.00825955063993522
2019-06-26,-0.000997396423345731,-0.07000160217285156,0.05500006675720215,0.0005199190979543467,-0.0070216991317713084
2019-06-27,0.0035462705338036304,-0.3899993896484375,-0.04399991035461426,-0.00020784370914350703,0.0023571548111886997
2019-06-28,0.005145813111868902,-0.7399997711181641,-0.005000114440917969,-0.0006238193831509253,-0.002939514622949946
2019-07-01,0.009078322492764856,-1.0199995040893555,0.03399991989135742,0.007385822373436213,-0.01120274982107361
2019-07-02,0.002604440260837393,-1.130000114440918,-0.05799996852874756,-0.0011358218206994897,-0.00655936835712112
2019-07-03,0.007995187312054064,-0.3600006103515625,-0.023000001907348633,0.00041345275245396884,0.005402170072760892
2019-07-05,-0.001137974292640176,0.7100000381469727,0.09500014781951904,0.004960249804534689,-0.005970172028043397
2019-07-08,-0.005494886305082214,0.6800003051757812,-0.014000177383422852,0.0013367326829611947,-0.0006006143610181036
2019-07-09,0.0012466850055836698,0.13000011444091797,0.019999980926513672,0.001129601699056293,-0.01201916243550094
2019-07-10,0.004777975026149628,-1.0600004196166992,0.0070002079010009766,-0.004000404125492074,0.023114303432009153
2019-07-11,0.0023439530358198013,-0.09999942779541016,0.05899977684020996,-0.0005148859232639857,-0.0011890878791054327
2019-07-12,0.004477177427988144,-0.5399999618530273,-0.01399993896484375,-0.002473008610170413,0.003571510477134554
2019-07-15,0.00033299595289615347,0.28999996185302734,-0.01399993896484375,0.001239569771803728,0.005931107384402834
2019-07-16,-0.003225793762956175,0.17999935150146484,0.029999971389770508,0.004848872580453634,-0.004127340719511374
2019-07-17,-0.006804512032680732,1.1100006103515625,-0.06099987030029297,-0.0018480523855839426,0.004144446261325596
2019-07-18,0.003660611396800295,-0.4400005340576172,-0.023000001907348633,-0.004422961322532948,0.003537817012381206
2019-07-19,-0.005554929066410641,0.9200000762939453,0.009999990463256836,0.0037193987699799536,0.008813138337011583
2019-07-22,0.0024563113587339203,-0.9200000762939453,-0.005000114440917969,0.0011322759508374247,-0.008153720968337663
2019-07-23,0.007149826048054475,-0.9200000762939453,0.03099989891052246,0.004626742117606497,-0.0070464377213736995
2019-07-24,0.004699854911595747,-0.5399999618530273,-0.023999929428100586,0.00020473106793961193,0.004730923975631907
2019-07-25,-0.004777215044532768,0.6700000762939453,0.023999929428100586,0.0009208670295643984,-0.0017657849940944104
2019-07-26,0.006700262996870876,-0.5799999237060547,0.0070002079010009766,0.0019423680433348078,-0.006485772932832035
2019-07-29,-0.0018213274829408377,0.6700000762939453,-0.026000022888183594,0.0003060787536273146,0.010682510451081706
2019-07-30,-0.002454880705355267,1.109999656677246,0.006000041961669922,0.00010202097243028341,-0.014679975920144472
2019-07-31,-0.01093977883960029,2.1800012588500977,-0.040000200271606445,0.004793407207346112,-0.0047675757111096395
2019-08-01,-0.00870843911297381,1.75,-0.1269998550415039,-0.0013195011961778524,-0.014371357335468349
2019-08-02,-0.007529197162295831,-0.26000022888183594,-0.03900003433227539,-0.0029474633329233946,-0.020656030628822486
2019-08-05,-0.030073358952945606,6.979999542236328,-0.12000000476837158,-0.006116192491882444,-0.006823858847689324
2019-08-06,0.0140228641602691,-4.420000076293945,0.003999948501586914,0.0013333051632611337,0.004372248208837526
2019-08-07,0.0005909694188592773,-0.6800003051757812,-0.0549999475479126,-0.0009218103085368856,0.008706429745813704
2019-08-08,0.019619465354750787,-2.5799999237060547,0.031999945640563965,0.0008201951025608167,0.004315758639719336
2019-08-09,-0.006810974086595922,1.0599994659423828,0.018000006675720215,-0.001331744306031113,-0.001841662673997213
2019-08-12,-0.012173494580279165,3.1200008392333984,-0.09499990940093994,-0.0011283271388032867,-0.004920044439111093
2019-08-13,0.015552261389785382,-3.5699996948242188,0.0409998893737793,0.004415694365412337,0.019159422750024246
2019-08-14,-0.029567801966896567,4.579999923706055,-0.0989999771118164,0.0018403057935663103,-0.012734935560185012
2019-08-15,0.0026418424749932168,-0.9200000762939453,-0.05199992656707764,0.0015307840509135584,-0.0006142646474234237
2019-08-16,0.014754742875815907,-2.710000991821289,0.009999990463256836,0.0,-0.0024585688015918983
2019-08-19,0.012047428646986713,-1.5900001525878906,0.05900001525878906,0.002139790969825528,0.003696942389608271
2019-08-20,-0.007662178283669108,0.6200008392333984,-0.037000060081481934,-0.0016268025947854259,-0.0092081962829067
2019-08-21,0.008135435312727202,-1.6999998092651367,0.016000032424926758,0.0011202832021233178,0.001858778672863437
2019-08-22,-0.00030789145208265367,0.880000114440918,0.03299999237060547,-0.0013225318288551113,-0.006802758802260556
2019-08-23,-0.02568748919042152,3.190000534057617,-0.0820000171661377,-0.0053987856695767444,-0.01120793010505261
2019-08-26,0.011058260613469262,-0.5500011444091797,0.01699995994567871,0.004506374888946452,0.0018891519367125742
2019-08-27,-0.00392360287956206,0.9899997711181641,-0.0549999475479126,-0.0008156793389185735,0.005656829255251683
2019-08-28,0.007041808780829051,-0.9599990844726562,-0.024000048637390137,0.0021428478007414764,0.004374980926513672
2019-08-29,0.012773026184165426,-1.470001220703125,0.05000007152557373,0.003054709851893822,0.002489167161604078
2019-08-30,-0.00044430345440737984,1.1000003814697266,-0.009999990463256836,0.004161973645557815,-0.006828094735197077
2019-09-03,-0.0058473949424439065,0.6800003051757812,-0.040000081062316895,0.00030326303934669063,-0.009374976158141979
2019-09-04,0.011350639621493741,-2.3299999237060547,-0.006999969482421875,-0.005053057255388627,0.02397470988144934
2019-09-05,0.01285496242172779,-1.0599994659423828,0.10600006580352783,-0.0004062294298885494,0.01663588819340589
2019-09-06,0.0007720791309042685,-1.2700004577636719,-0.015000104904174805,-0.00020327478626691597,-0.004242405746922362
2019-09-09,0.0005038514070416777,0.2700004577636719,0.07200002670288086,-0.0011180060070529185,0.0018258538490363296
2019-09-10,-0.00023519359946977403,-0.07000064849853516,0.08000004291534424,0.0005087815667366158,-0.0030376208895244172
2019-09-11,0.0071112066467402535,-0.5900001525878906,0.03100001811981201,0.0032543444408150712,-0.002437477669143262
2019-09-12,0.0034638543366509733,-0.3899993896484375,0.05799996852874756,-0.0034465682922059093,0.009773966964536918
2019-09-13,-0.000663791917780876,-0.48000049591064453,0.1119999885559082,-0.0005085487092346686,0.023593428520757076
2019-09-16,-0.003088901564107238,0.9300003051757812,-0.06200003623962402,0.003969055375225183,-0.021276631721529826
2019-09-17,0.0025321758165779418,-0.23000049591064453,-0.028999924659729004,-0.003953364253584168,-0.00664243397043307
2019-09-18,0.0005982258548584696,-0.48999977111816406,-0.026000022888183594,0.003460170267646001,-0.005471133642173109
2019-09-19,-6.656699951645972e-05,0.10000038146972656,-0.011999964714050293,-0.003346874606101502,-0.0012225218225857537
2019-09-20,-0.0047249999298362155,1.2699995040893555,-0.01900005340576172,0.0024423069234020822,-0.005507965223221611
2019-09-23,-0.00023472653287370804,-0.4099998474121094,-0.04700005054473877,0.000913575636372066,0.007999948354867836
2019-09-24,-0.007846400231058537,2.1399993896484375,-0.07299995422363281,-0.0026369385421309843,-0.00427348586145726
2019-09-25,0.0059144817698597585,-1.0899991989135742,0.09700000286102295,0.007118208294736306,0.0030656741904615536
2019-09-26,-0.002082857601497623,0.1099996566772461,-0.04700005054473877,0.0017164596867311754,-0.012224985053662207
2019-09-27,-0.005387764164531794,1.1499996185302734,-0.009999990463256836,-0.0010079475359731083,0.008044620627645216
2019-09-30,0.004637909147048758,-0.9799995422363281,0.0,0.002724211899946205,-0.009822083840905771
2019-10-01,-0.011894446677183534,2.3199996948242188,-0.03099989891052246,-0.0025155967690611014,-0.002479789848718772
2019-10-02,-0.017664740632483134,2.0,-0.04800009727478027,-0.0009078618015145867,0.0006215182589808244
2019-10-03,0.008192715753583935,-1.4399986267089844,-0.059999942779541016,-0.0018174505604993119,-0.0055900714568600796
2019-10-04,0.013532060112471989,-2.0799999237060547,-0.021000027656555176,-0.000505796595681729,0.0037476243025995615
2019-10-07,-0.004314749358428349,0.8199996948242188,0.03799998760223389,0.0018216811013382905,0.0037336320523830846
2019-10-08,-0.015524712839821597,2.4200000762939453,-0.016000032424926758,0.0015153200233961606,-0.002479789848718772
2019-10-09,0.00949632700789027,-1.6400012969970703,0.05200004577636719,-0.00020170106101990992,-0.0006215182589807133
2019-10-10,0.006763786459051069,-1.0699996948242188,0.0690000057220459,-0.00413643715444223,0.016169168539517775
2019-10-11,0.010366761103953737,-1.989999771118164,0.09399998188018799,-0.0041535410446512655,0.007955884917541622
2019-10-14,-0.001113875327724001,-1.010000228881836,-0.018999934196472168,0.00152587885887856,0.002428713855191722
2019-10-15,0.009900205573131649,-1.0299997329711914,0.03799998760223389,-0.001625150204920378,-0.008479672180956688
2019-10-16,-0.0016059041799999507,0.1400003433227539,-0.023000001907348633,-0.002848700546228655,-0.009774083479413886
2019-10-17,0.00294908121958648,0.1099996566772461,0.008999943733215332,-0.004081231682077857,0.006169055343471008
2019-10-18,-0.004377113953467182,0.46000003814697266,-0.009999990463256836,-0.0033808198851674742,0.01348873255100469
2019-10-21,0.006779147743959157,-0.25,0.04500007629394531,0.0005140116404735995,0.0030247571072965496
2019-10-22,-0.0032668787238703256,0.46000003814697266,-0.024000048637390137,0.002054833499226083,-0.0030156355422570336
2019-10-23,0.002909759316996441,-0.4499998092651367,-0.009000062942504883,-0.0006151702998532516,0.011494169317396441
2019-10-24,0.0016342067315271436,-0.3000001907348633,0.007000088691711426,0.0016414900042174274,0.0
2019-10-25,0.004094980610475529,-1.0600004196166992,0.034999966621398926,0.0020485975956505698,0.0065789841428822715
2019-10-28,0.005636569340802033,0.46000003814697266,0.05200004577636719,-0.0007155238016360865,0.0011883813341853067
2019-10-29,-0.00029673274507391323,0.09000015258789062,-0.018000006675720215,-0.0007160361425389006,0.0011869707602896185
2019-10-30,0.00306718547617435,-0.869999885559082,-0.037000060081481934,-0.00040946785267337305,-0.0029639088276092185
2019-10-31,-0.0026634400512488554,0.8900003433227539,-0.10699999332427979,-0.0030722278245771673,-0.016646776716829237
2019-11-01,0.009263913672716173,-0.9200000762939453,0.037000060081481934,-0.0011299497901975375,0.007859682803557755
2019-11-04,0.004017580776100704,0.5299997329711914,0.05799996852874756,0.002776679127854509,0.0017996812542413476
2019-11-05,-0.0011059769824562915,0.2700004577636719,0.08000004291534424,0.004820030872797032,0.014371243122980548
2019-11-06,0.0002278178903343253,-0.48000049591064453,-0.05200004577636719,-0.0003062503333675082,-0.011806420108273041
2019-11-07,0.003516952462419898,0.1099996566772461,0.1119999885559082,0.0019397901717816968,0.016129059824093295
2019-11-08,0.002466077380178344,-0.6599998474121094,0.006999969482421875,0.002139790969825528,-0.007054722964062399
2019-11-11,-0.0019097237347645013,0.619999885559082,0.009999990463256836,-0.0015251807646786686,-0.011249179015686117
2019-11-12,0.002108250743267037,-0.009999275207519531,-0.03399991989135742,0.0011201691829942906,-0.0029940803667591886
2019-11-13,0.0003234880174420862,0.31999969482421875,-0.03900003433227539,0.0006103670987531729,-0.004204185971650953
2019-11-14,0.0014560416804312304,0.05000019073486328,-0.0549999475479126,-0.0021347878276840593,-0.004825085891084435
2019-11-15,0.007236364877387436,-1.0,0.018999934196472168,-0.001630029096781116,0.006666703657670414
2019-11-18,0.0007373322213102274,0.4099998474121094,-0.026000022888183594,-0.0021428478007413654,-0.007826674493570773
2019-11-19,-0.0002884399935907389,0.39999961853027344,-0.02199995517730713,0.0007158164860299188,0.013349589005708928
2019-11-20,-0.0037189833498915137,-0.07999992370605469,-0.04799997806549072,0.0007153044593053437,-0.004191712513462842
2019-11-21,-0.0016086616344430649,0.35000038146972656,0.03399991989135742,0.0006126575963114611,-0.00661447435682605
2019-11-22,0.0022238097282891722,-0.7899999618530273,0.002000093460083008,0.002857422036952606,0.005447950974214022
2019-11-25,0.00775026724313288,-0.4700002670288086,-0.009999990463256836,0.0005088333516427568,0.003612249472464857
2019-11-26,0.0022655846715835537,-0.3299999237060547,-0.024000048637390137,-0.0007119578421632689,0.012597425525587846
2019-11-27,0.004457511279285953,0.21000003814697266,0.026999950408935547,0.0016285360011132344,0.0017772919512482055
2019-11-29,-0.003708488529109877,0.869999885559082,0.009000062942504883,-0.0014226909240211416,-0.015375531119335095
2019-12-02,-0.008494778257375324,2.2899999618530273,0.059999942779541016,-0.004172138462607444,-0.0018017285275783168
2019-12-03,-0.006706336024151827,1.0500001907348633,-0.12699997425079346,-0.0012262696283831254,-0.010228644266529807
2019-12-04,0.006169805623841951,-1.1599998474121094,0.07200002670288086,-0.000920772865332542,0.01094215133610632
2019-12-05,0.0017981329490632803,-0.2799997329711914,0.016000032424926758,-0.002457735381662274,0.0030066835196926878
2019-12-06,0.009134112843763864,-0.9000005722045898,0.04499995708465576,0.0029770380374762873,0.032973574760060576
2019-12-09,-0.003144228023955531,2.239999771118164,-0.013000011444091797,-0.0006140999024343285,0.0017411890564458243
2019-12-10,-0.0011154093925486164,-0.17999935150146484,0.003999948501586914,-0.0023555482279472573,0.00463498972451859
2019-12-11,0.0028390677702012646,-0.6900005340576172,-0.042999982833862305,-0.0025664715183379982,0.009227211418924464
2019-12-12,0.008619142695504234,-1.0500001907348633,0.10699999332427979,0.0024701302462293295,0.007428523472377213
2019-12-13,0.000598987259585515,-1.3099994659423828,-0.07799994945526123,-0.002361430732344294,-0.010209779148924292
2019-12-16,0.006870128322410407,-0.48999977111816406,0.07299995422363281,-0.0010291085314958481,0.008595966302124447
2019-12-17,0.00021882086931879208,0.14999961853027344,-0.00299990177154541,0.0014422518809991125,-0.0011363896210325741
2019-12-18,6.274721190790977e-05,0.28999996185302734,0.034999966621398926,0.002057448611463508,0.0011376824715854106
2019-12-19,0.004099051839630663,-0.07999992370605469,-0.016000032424926758,0.0001026024685371052,0.004545450112051208
2019-12-20,0.004384164627185161,0.010000228881835938,0.009000062942504883,0.0029768109318215608,-0.007353001463307529
2019-12-23,0.0015274882646039156,0.09999942779541016,0.017999887466430664,-0.0005116715058001153,0.0017094409088151963
2019-12-24,3.105974602712891e-05,0.06000041961669922,-0.02499997615814209,-0.00010241793831045065,0.0068259863341399996
2019-12-26,0.005323558502549952,-0.020000457763671875,-0.004999995231628418,-0.0006144924429148935,0.008474554353937958
2019-12-27,-0.0002478802146594905,0.7800006866455078,-0.03100001811981201,-0.006865439021286002,-0.008403339794098241
2019-12-30,-0.005512995057654457,1.3899993896484375,0.021000027656555176,-0.001857204999756723,-0.001129969316473134
2019-12-31,0.002429033788855728,-1.0399999618530273,0.024000048637390137,-0.003617929314139179,-0.007918517377369816
2020-01-02,0.009351925744638168,-1.3099994659423828,-0.037000060081481934,0.004772269814144803,0.009121997665944681
2020-01-03,-0.007572268495077972,1.5500001907348633,-0.09399998188018799,-0.00010327451097624785,-0.014124293176498326
2020-01-06,0.0038149707018391155,-0.1700000762939453,0.023000001907348633,-0.0017554541034074944,0.001146048684279366
2020-01-07,-0.0028116127395777513,-0.06000041961669922,0.016000032424926758,0.0032068397006328464,0.002862114846848174
2020-01-08,0.005329624986319281,-0.3400001525878906,0.04699993133544922,0.0032996461512428965,0.003995416266852958
2020-01-09,0.006780801350546817,-0.9099998474121094,-0.015999913215637207,0.0015415610665971968,-0.0028424807633211646
2020-01-10,-0.002877948695662713,0.020000457763671875,-0.03299999237060547,-0.0009235129882910753,0.004560998832972452
2020-01-13,0.006877508538551957,-0.24000072479248047,0.023000001907348633,-0.00010273352678480396,0.017026062586362523
2020-01-14,-0.0015246904398591443,0.07000064849853516,-0.03000009059906006,0.00020548816409338144,0.0033481844691369833
2020-01-15,0.0022594968598730336,0.029999732971191406,-0.029999971389770508,-0.0014378082129955505,-0.0016684527286224826
2020-01-16,0.008318511577801502,-0.10000038146972656,0.021000027656555176,0.0009256025381407795,-0.005013935864209507
2020-01-17,0.003112866291425709,-0.2199993133544922,0.026999950408935547,0.0029798696715652717,0.0005599232105311103
2020-01-21,-0.0019583645069353173,0.75,-0.06699991226196289,-0.0008196069107103687,-0.02070513832439591
2020-01-22,0.0001209642090449492,0.05999946594238281,0.0,0.0,-0.00571430751255575
2020-01-23,0.001146646463270784,0.06999969482421875,-0.029000043869018555,0.0016405584344509894,-0.014942542217354249
2020-01-24,-0.008893288012536082,1.580000877380371,-0.05900001525878906,0.0016377933126863198,-0.01750287326391209
2020-01-27,-0.0160293582869675,3.669999122619629,-0.07599997520446777,0.0011241759025746312,-0.03206656238921468
2020-01-28,0.010479262535456613,-1.9499988555908203,0.03600001335144043,0.0006124699791187904,-0.006134876000100209
2020-01-29,-0.0008257058135752171,0.10999870300292969,-0.04700005054473877,-0.00030604754462615347,-0.0055555647129216235
2020-01-30,0.0032448702328669032,-0.8999996185302734,-0.03600001335144043,-0.0012245649536019032,-0.006828094735197077
2020-01-31,-0.0181577017382214,3.3500003814697266,-0.03799998760223389,-0.004904499269060891,-0.013750016689300537
2020-02-03,0.007428577493905797,-0.8700008392333984,0.0,0.004209915439767009,-0.0019011237946037207
2020-02-04,0.015241247007550474,-1.9200000762939453,0.0830000638961792,0.0016359512037047441,0.015238080705915147
2020-02-05,0.011547951520580302,-0.8999996185302734,0.046000003814697266,0.0031645320691195966,0.016260177148436306
2020-02-06,0.0033648884242869492,-0.18999958038330078,-0.004999995231628418,0.0023405247256598205,0.003076876126802963
2020-02-07,-0.00532953764794819,0.5100002288818359,-0.06600010395050049,0.001827414265743954,-0.017177840024694913
2020-02-10,0.0074653520347753854,-0.43000030517578125,-0.03099989891052246,0.001520080314298955,0.0018725829238248615
2020-02-11,0.0017332159849612339,0.1400003433227539,0.042999982833862305,-0.0011130285167818554,0.011214972818200941
2020-02-12,0.006442427488862368,-1.4400005340576172,0.039999961853027344,0.0033428061889597682,0.009242120934133125
2020-02-13,-0.001067046625492285,0.4099998474121094,-0.013000011444091797,0.00020188432559620217,0.0030525730751527203
2020-02-14,0.0016022796453269983,-0.4699993133544922,-0.028999924659729004,0.0005047244565645759,-0.006086450372020047
2020-02-18,-0.002577139138538964,1.1499996185302734,-0.032000064849853516,0.0034301485923067254,0.003674186541500424
2020-02-19,0.004781224288913588,-0.4499998092651367,0.0140000581741333,0.0014075949219498618,0.0006101421143525076
2020-02-20,-0.004108348869847789,1.1800003051757812,-0.04500007629394531,0.002710886311219074,-0.009146318415812038
2020-02-21,-0.010298040240475093,1.5199995040893555,-0.054000020027160645,-0.006107946265901498,0.003692274827223452
2020-02-24,-0.03316526117946872,7.950000762939453,-0.09399998188018799,0.0003022242459325142,-0.011649211093214817
2020-02-25,-0.030302306573957494,2.8199996948242188,-0.04699993133544922,-0.0032228793622075536,-0.004962774165082395
2020-02-26,-0.0036782382663995694,-0.29000091552734375,-0.020000100135803223,0.0003031098204189231,0.0018702479790904114
2020-02-27,-0.04491165121055918,11.600000381469727,-0.010999917984008789,-0.00565654099589652,-0.0037336320523830846
2020-02-28,-0.0042012206080265235,0.9500007629394531,-0.17200005054473877,-0.00314917899532563,-0.008119932078851533
2020-03-02,0.0433063160209628,-6.69000244140625,-0.03899991512298584,-0.007846699934963897,0.029596993932097027
2020-03-03,-0.028632358788735823,3.4000015258789062,-0.07800006866455078,-0.0021569338861562315,-0.009785923160799737
2020-03-04,0.04203285766695619,-4.829999923706055,-0.018000006675720215,0.001955685116084238,0.0
2020-03-05,-0.033241798489006213,7.629999160766602,-0.06599998474121094,-0.0053420655704709,-0.008647392982017554
2020-03-06,-0.016530965646071816,2.3199996948242188,-0.2200000286102295,-0.008985775142783203,-0.0024921501607521046
2020-03-09,-0.07809462838167114,12.520000457763672,-0.20699995756149292,-0.010943152222606889,-0.026858232294092343
2020-03-10,0.05174533054063524,-7.159999847412109,0.24900001287460327,0.015911508028992882,0.020539133272864385
2020-03-11,-0.04874909515383197,6.600002288818359,0.07199996709823608,0.0010372209347855321,-0.02201254315676271
2020-03-12,-0.09567676384579227,21.56999969482422,0.02899998426437378,0.009947146028631781,-0.015434068692884217
2020-03-13,0.08548614502877627,-17.639999389648438,0.10199999809265137,0.013132233130874305,0.01698231666110117
2020-03-16,-0.10942372475970064,24.860000610351562,-0.22299998998641968,-0.006683581388449378,-0.04174692557934667
2020-03-17,0.05399211711279439,-6.779998779296875,0.26899999380111694,0.01519018808025474,-0.028150139017845688
2020-03-18,-0.050632853556292656,0.5399932861328125,0.2690000534057617,0.01586665798355069,-0.06896551724137934
2020-03-19,0.002124857562212812,-4.4499969482421875,-0.14700007438659668,0.015816512615651313,0.0029629601372613834
2020-03-20,-0.04309422182471789,-5.959999084472656,-0.18099993467330933,0.0005838610095998398,-0.016248173386161358
2020-03-23,-0.025568304147604914,-4.450000762939453,-0.17400002479553223,-0.0032095101345472887,-0.021771769406700114
2020-03-24,0.09060345373266587,0.07999801635742188,0.05199998617172241,-0.007317787253707464,0.05448964333824069
2020-03-25,0.014970147586564897,2.2800025939941406,0.041999995708465576,-0.006781942466085211,0.0036390241315698013
2020-03-26,0.05838987580369803,-2.950000762939453,-0.046999990940093994,-0.016130676235384334,-0.007976769904390002
2020-03-27,-0.02978558019056221,4.540000915527344,-0.06199997663497925,-0.010561209431718344,-0.006578958375741961
2020-03-30,0.03247558258473915,-8.459999084472656,-0.07899999618530273,0.008234192700801612,-0.001471704013179198
2020-03-31,-0.014905245664676436,-3.5400009155273438,0.02799999713897705,-0.0013107204377693638,0.02137066826638434
2020-04-01,-0.045005049122408325,3.520000457763672,-0.06300002336502075,0.006259415427413151,-0.020923518689505483
2020-04-02,0.023075546442388628,-6.150001525878906,-0.008000016212463379,0.005116907249922864,0.02137066826638434
2020-04-03,-0.014454225334660786,-4.1100006103515625,-0.039999961853027344,0.003992828155923167,-0.012265518073952153
2020-04-06,0.06716594051842795,-1.55999755859375,0.08899998664855957,0.0010936628390236791,0.010226468050690496
2020-04-07,0.0010194115461930053,1.4599990844726562,0.06000000238418579,-0.007051336451062484,0.022415070233321233
2020-04-08,0.033568848921694316,-3.3500022888183594,0.02799999713897705,0.0014002739042588974,0.007779324894372497
2020-04-09,0.015217219541526772,-1.6800003051757812,-0.0350000262260437,-0.005992869427244529,0.025964904249760057
2020-04-13,-0.009130118227628325,-0.5,0.020000040531158447,-0.0017081810156708288,-0.0006840101887903849
2020-04-14,0.02949295056648671,-3.4099998474121094,0.0029999613761901855,-0.004630086477479645,0.017796046200658777
2020-04-15,-0.021248026981070534,3.0800018310546875,-0.11399996280670166,0.005763977129560782,-0.019502351317074118
2020-04-16,0.004824263797680306,-0.7299995422363281,-0.02899998426437378,0.005730944098844226,-0.0027434816229314762
2020-04-17,0.027014979011352747,-1.9599990844726562,0.04499995708465576,-0.0024992502554318508,0.014442918755015466
2020-04-20,-0.017617605041026385,5.680000305175781,-0.02799999713897705,0.0018039718117648373,-0.018983032743809636
2020-04-21,-0.03036343451956558,1.5799980163574219,-0.05500000715255737,0.0030012310374702977,-0.018659326384318886
2020-04-22,0.022194798285957162,-3.4300003051757812,0.0480000376701355,0.0012966013429895895,0.019014116999318764
2020-04-23,-7.179173384963544e-05,-0.5999984741210938,-0.006000041961669922,0.00039845518249359557,-0.0006911008083823056
2020-04-24,0.013938674127341288,-5.450000762939453,-0.01699995994567871,-0.0004978895908182013,0.021438479861610293
2020-04-27,0.01441863490525419,-2.6399993896484375,0.06000000238418579,-0.0033870925203581814,0.009478631368277979
2020-04-28,-0.004598677283125574,0.279998779296875,-0.046000003814697266,-0.001699301953114296,-0.008048282145348917
2020-04-29,0.026178863701676436,-2.3400001525878906,0.01699995994567871,-0.003003935551289194,0.014198785577323347
2020-04-30,-0.009310849349658312,2.920001983642578,-0.004999995231628418,-0.005523782800477384,-0.0033333460489909372
2020-05-01,-0.026473567739560333,3.039997100830078,0.020000040531158447,-0.002221708733253114,-0.026755827667795495
2020-05-04,0.002758282527460132,-1.2199974060058594,-0.004999995231628418,0.006882593969349982,0.017182130358953218
2020-05-05,0.009239448879674095,-2.3600006103515625,0.019999980926513672,0.0023119794911328206,-0.0027027000903735443
2020-05-06,-0.006778950595466737,0.5099983215332031,0.054000020027160645,0.0038110245402374066,0.011517620166515474
2020-05-07,0.01206673042085149,-2.6799983978271484,-0.08000004291534424,-0.001998171201515686,-0.0006698076810064402
2020-05-08,0.01654617810370862,-3.460000991821289,0.050999999046325684,-0.0016017222313791102,0.025469176440869656
2020-05-11,0.00020520921836686412,-0.4099998474121094,0.04400002956390381,0.005113752027167573,-0.026797375313785343
2020-05-12,-0.019931706546617578,5.470001220703125,-0.0480000376701355,-0.003092553523545094,0.0
2020-05-13,-0.017685888176422138,2.2399978637695312,-0.02899998426437378,0.003102147079426132,-0.006715942186970469
2020-05-14,0.011967414591664616,-2.6699981689453125,-0.029999971389770508,0.002294526754142323,-0.0033806755147954837
2020-05-15,0.0045969713576377025,-0.720001220703125,0.0209999680519104,-0.0006967223447170712,0.007462728090885218
2020-05-18,0.030459656122334478,-2.5900001525878906,0.1040000319480896,-0.007270949659751058,0.027609416624912564
2020-05-19,-0.010270935527065816,1.230001449584961,-0.03299999237060547,-0.0030098869055337207,-0.0032765524236513244
2020-05-20,0.016987504383247032,-2.5400009155273438,-0.03100001811981201,-0.0025158497845427785,0.016436554856870123
2020-05-21,-0.006903558784721708,1.5400009155273438,-0.003000020980834961,0.0025221952489162813,-0.009702433257448573
2020-05-22,0.0018990990877101321,-1.3700008392333984,-0.019999980926513672,0.00493104407996392,-0.010450737864214465
2020-05-26,0.01232046410386145,-0.14999961853027344,0.04100000858306885,-0.00951328802759599,0.011881208561591139
2020-05-27,0.014879281396368738,-0.3899993896484375,-0.018000006675720215,0.0015164684150328345,-0.016307893101382476
2020-05-28,-0.0018451975025849388,0.9699993133544922,0.02499997615814209,-0.006864529799463837,0.0
2020-05-29,0.0044559079340869,-1.0799999237060547,-0.05699998140335083,-0.0004065960219973297,0.028514609240800404
2020-06-01,0.004041744348350029,0.7199993133544922,0.013999998569488525,-0.005186033412932223,0.005157957609638331
2020-06-02,0.008280032888760003,-1.3899993896484375,0.018000006675720215,-0.0016355275387369694,0.006414331418644004
2020-06-03,0.013308597071730599,-1.1800003051757812,0.08099997043609619,-0.0039930316060192705,-0.0076481764670734975
2020-06-04,-0.0026266542932299464,0.14999961853027344,0.05900001525878906,-0.006167747549856939,0.0
2020-06-05,0.025629113218785804,-1.289999008178711,0.08399999141693115,0.0026893063240562842,0.03018633461241249
2020-06-08,0.012087535721559073,1.289999008178711,-0.019999980926513672,-0.0033010077033744922,0.02556108628492737
2020-06-09,-0.00745681037428414,1.760000228881836,-0.05500000715255737,-0.0031049787127895856,-0.004255416348098895
2020-06-10,-0.005580047956455281,0.0,-0.08099997043609619,-0.0037375478767874837,0.029914633917714095
2020-06-11,-0.05764873807012216,13.220001220703125,-0.09500002861022949,0.008024221340218185,-0.046828741922175454
2020-06-12,0.01197581784081403,-4.700000762939453,0.046000003814697266,0.0060994140123571405,0.01865666905994634
2020-06-15,0.009335347094863833,-1.6899986267089844,0.003000020980834961,-0.0065762370700303,-0.005494398647761911
2020-06-16,0.019247919345273257,-0.7300033569335938,0.05399996042251587,0.0028961396194977507,-0.008594308724907629
2020-06-17,-0.004154035052828076,-0.1999969482421875,-0.023000001907348633,0.002062753501704151,0.0061919742310698744
2020-06-18,0.00038532163783888684,-0.5300025939941406,-0.038999974727630615,0.0026759417150714615,0.010461543156550457
2020-06-19,-0.005715039711914116,2.1800003051757812,0.003000020980834961,0.0020530135639078573,0.007917123030607431
2020-06-22,0.006415187122598143,-3.3499984741210938,0.006999969482421875,-0.005941424039500931,0.006042319400583196
2020-06-23,0.004603758133763014,-0.39999961853027344,0.004999995231628418,-0.003606744340674206,0.0012012287220362072
2020-06-24,-0.025508831123649767,2.469999313354492,-0.02499997615814209,0.004757462745452079,0.001199787502827565
2020-06-25,0.010720463067337205,-1.6199989318847656,-0.009999990463256836,0.002882128408637108,0.004194109801337387
2020-06-26,-0.023751149761325085,2.509998321533203,-0.03800004720687866,0.000718461404136006,0.0029832479938982637
2020-06-29,0.014697389630419888,-2.9499988555908203,0.0,0.00041026580028047377,0.0005948976323346677
2020-06-30,0.012809410830448398,-1.3500003814697266,0.017000019550323486,-0.0015378462627738676,0.014863258295832793
2020-07-01,0.0070046637218708074,-1.8099994659423828,0.02899998426437378,-0.0019509440660951949,0.002343346001316693
2020-07-02,0.005507016822851707,-0.9400005340576172,-0.012999951839447021,0.0012345961970134933,0.0
2020-07-06,0.015437254802902034,0.26000022888183594,0.014999985694885254,-0.005445938974094178,0.014026870985204054
2020-07-07,-0.010313602499806063,1.489999771118164,-0.03400003910064697,0.0009298102803942943,0.0023054182881419027
2020-07-08,0.007648603775752827,-1.3500003814697266,0.003000020980834961,-0.004644890183729933,0.010925850530547843
2020-07-09,-0.005692883816622807,1.1800003051757812,-0.04799997806549072,0.002799923698143081,0.010807766489316473
2020-07-10,0.010210297512578626,-1.9699993133544922,0.02799999713897705,-0.0005170157594734937,0.0225098260115979
2020-07-13,-0.00865850417534586,4.899997711181641,0.006999969482421875,-0.0019658814113455714,-0.001100740653807608
2020-07-14,0.012958730949977237,-2.6699981689453125,-0.02499997615814209,-0.0020733666819449104,0.01101932601338751
2020-07-15,0.009187237515292601,-1.760000228881836,0.014999985694885254,-0.0018699387199372364,-0.012534034738690636
2020-07-16,-0.003293448902120244,0.23999977111816406,-0.018000006675720215,0.002810123209002091,-0.0005518889855781195
2020-07-17,0.002899179820840647,-2.3199996948242188,0.016000032424926758,-0.004255278040559252,-0.0027609686760913243
2020-07-20,0.008081670398662366,-1.220001220703125,-0.008000016212463379,-0.0011465562596659762,0.009413072055430183
2020-07-21,0.0021274467400078656,0.3800010681152344,-0.013000011444091797,-0.007408943659673151,0.011519528090757625
2020-07-22,0.005691973730763689,-0.5200004577636719,-0.011999964714050293,-0.0015769714208119234,-0.01247296328219527
2020-07-23,-0.011931673306469937,1.760000228881836,-0.013000011444091797,-0.0029482865715266815,0.0010983228319174643
2020-07-24,-0.006440308124304073,-0.23999977111816406,0.006999969482421875,-0.002640194250229322,-0.00987385132724472
2020-07-27,0.0072923371903517165,-1.1000003814697266,0.020000040531158447,-0.008153369891521045,0.00609421689756684
2020-07-28,-0.006342239159010443,0.7000007629394531,-0.028000056743621826,0.0009608622722807603,0.0011013468024076989
2020-07-29,0.012298653097522871,-1.3400001525878906,-0.001999974250793457,-0.0053327643836176275,0.006050638531631236
2020-07-30,-0.003568039878548479,0.6599998474121094,-0.03799998760223389,-0.0025735094109634593,-0.0065610078308702136
2020-07-31,0.007902223234226069,-0.3000011444091797,-0.004999995231628418,0.0050526901490504095,-0.012107832274669161
2020-08-03,0.0069523359586978195,-0.17999839782714844,0.027000010013580322,0.00010698616385718118,0.01894151187390891
2020-08-04,0.003862428135070761,-0.5200004577636719,-0.0480000376701355,-0.001283451835101923,-0.007107767173749502
2020-08-05,0.006210906360001767,-0.7700004577636719,0.02799999713897705,-0.005889863338405132,0.0022026936048153978
2020-08-06,0.006684546804948788,-0.3400001525878906,-0.006999969482421875,-0.00043090503865483853,0.0
2020-08-07,0.000718214142593876,-0.4400005340576172,0.02599996328353882,0.007005081576307415,-0.040109968076015634
2020-08-10,0.002988859426639401,-0.07999992370605469,0.012000024318695068,0.001498281100069887,0.023468795851565583
2020-08-11,-0.008254714069799163,1.9000015258789062,0.08399999141693115,0.0005342532740439943,-0.009507834690896999
2020-08-12,0.013942204048793538,-1.75,0.012000024318695068,-0.0020292087748062793,0.012422429817967151
2020-08-13,-0.001807662615736061,-0.15000152587890625,0.046000003814697266,-0.0010702707716465643,-0.023982169428723
2020-08-14,2.981005387847624e-05,-0.07999992370605469,-0.00700002908706665,-0.002571222125408501,0.01657148088727678
2020-08-17,0.00317629937216779,-0.6999988555908203,-0.02599996328353882,-0.0026852846841828315,0.01798761542192584
2020-08-18,0.0021603529292348878,0.15999984741210938,-0.013999998569488525,-0.006246654179712707,0.02374380401345766
2020-08-19,-0.004163529528502408,1.0300006866455078,0.0059999823570251465,0.006719440437181534,0.0026968303447425512
2020-08-20,0.0031134699831285584,0.17999839782714844,-0.03100001811981201,-0.0010765257269690354,0.0048413207019453175
2020-08-21,0.003547179296933489,-0.17999839782714844,-0.0040000081062316895,0.004957420842051974,-0.019271980967356606
2020-08-24,0.01013322405652839,-0.1700000762939453,0.006000041961669922,0.0005362257561158934,-0.0032750800732452845
2020-08-25,0.003499666461444395,-0.3400001525878906,0.035999953746795654,-0.0030011404022792787,0.006571682934316758
2020-08-26,0.010025380515129356,1.239999771118164,0.004999995231628418,-0.00010744471292867264,0.007617045886264995
2020-08-27,0.002186500180055173,1.1999988555908203,0.05900001525878906,0.0,0.005399588498811614
2020-08-28,0.006459568026436768,-1.510000228881836,-0.017000019550323486,-0.006880973819472058,0.010204007419196692
2020-08-31,-0.003622646260621032,3.450000762939453,-0.035999953746795654,-0.002490022194376329,0.007974461604949301
2020-09-01,0.009418688510095752,-0.28999900817871094,-0.021000027656555176,0.0021705768348925236,-0.012130778129872732
2020-09-02,0.014463959459561027,0.4499988555908203,-0.0209999680519104,0.005523090280015408,0.0005339150627998723
2020-09-03,-0.03441413581813835,7.029998779296875,-0.029000043869018555,-0.0011847131088776885,-0.01760938781945165
2020-09-04,-0.008164895191433263,-2.8499984741210938,0.09900003671646118,-0.0002156204822840735,0.035850073486279
2020-09-08,-0.027323058254798638,0.7099990844726562,-0.03700000047683716,0.008196744243147869,-0.01940214671241902
2020-09-09,0.019747461863936833,-2.6499996185302734,0.018999993801116943,-0.0023534575610048014,0.008556141223758695
2020-09-10,-0.017363428030410022,0.8999996185302734,-0.018000006675720215,0.0008577546625325727,-0.023860060889524082
2020-09-11,0.0005090495997326361,-2.839998245239258,-0.015999972820281982,-0.00010707635770368373,0.023900083525501437
2020-09-14,0.013171119502006112,-1.0200004577636719,0.001999974250793457,-0.0027858366134089207,0.0063659909525903835
2020-09-15,0.005052507244547755,-0.26000022888183594,0.008000016212463379,-0.00021485594855463752,-0.0026357005203129225
2020-09-16,-0.003968866690365003,0.4500007629394531,0.007999956607818604,0.0017194629496770641,-0.001057106642865402
2020-09-17,-0.008795131961700231,0.4199981689453125,-0.0029999613761901855,-0.002574808133535389,0.0058201382313103345
2020-09-18,-0.011512676376817077,-0.6299991607666016,0.009999990463256836,-0.0004302561579232478,0.010520718210563773
2020-09-21,-0.011129383020593298,1.9500007629394531,-0.023000001907348633,0.0065640870369994,-0.025507537452941986
2020-09-22,0.010184312752452573,-0.9200000762939453,-0.00700002908706665,0.0048107434663011706,0.013354701344548303
2020-09-23,-0.023191095453944488,1.7199993133544922,0.012000024318695068,0.004255788221834811,-0.04006327129104359
2020-09-24,0.0026653367603994838,-0.06999969482421875,-0.009999990463256836,-0.0004237834069922286,0.0071389936656329755
2020-09-25,0.0161670345985927,-2.1300010681152344,-0.00700002908706665,0.002437767468503882,0.004362045967309713
2020-09-28,0.016609343615503924,-0.18999862670898438,0.0040000081062316895,-0.003383375857782589,0.004886001748920732
2020-09-29,-0.0054459934945557675,0.07999992370605469,-0.018000006675720215,-0.0039253420135433315,-0.0005402608729434544
2020-09-30,0.007581889701772093,0.10000038146972656,0.03200000524520874,0.0,0.01081085205078125
2020-10-01,0.006419997267960387,0.3299999237060547,0.0,-0.001917140338118073,-0.04491979242335875
2020-10-02,-0.009494481905281349,0.9299983978271484,0.018999993801116943,0.0013872292678265286,0.024635980496773513
2020-10-05,0.017733336642129727,0.3299999237060547,0.06600004434585571,-0.003516562388514388,-0.0032786594778033695
2020-10-06,-0.01421610800115336,1.5200004577636719,-0.020000040531158447,0.0034220905519606326,-0.004934218953795866
2020-10-07,0.017406886716088366,-1.4200000762939453,0.04300004243850708,-0.00213156318590757,0.029201140373821044
2020-10-08,0.008862358552026883,-1.6999988555908203,-0.020000040531158447,-0.00021357090305451631,0.004817995241839235
2020-10-09,0.00893024988454827,-1.3600006103515625,0.009999990463256836,-0.005875473220507521,0.014917356018553596
2020-10-12,0.01608773898466631,0.06999969482421875,0.0020000338554382324,0.0001074805124958722,-0.005774210362640586
2020-10-13,-0.0065263216255512235,1.0,-0.050000011920928955,0.004942506564746818,-0.005807846211712819
2020-10-14,-0.006283466493866019,0.3299999237060547,-0.004999995231628418,-0.0016037798336003828,0.0
2020-10-15,-0.0012358956539029187,0.5699996948242188,0.009000003337860107,0.005140323099720678,0.017525221722948903
2020-10-16,-0.0006042752330264189,0.4400005340576172,0.013000011444091797,-0.0019177530791101294,-0.008872655409593144
2020-10-19,-0.015203261219661424,1.7700004577636719,0.01699995994567871,-0.0026686592568914147,0.0036861345796685985
2020-10-20,0.004005410160311973,0.1700000762939453,0.03600001335144043,-0.0038531586126048234,0.022035681430339293
2020-10-21,-0.0018927304099615183,-0.7000007629394531,0.018999993801116943,-0.004942506564746818,0.014373752218957536
2020-10-22,0.00548537250050507,-0.5399990081787109,0.03200000524520874,0.00367127022621605,-0.01163965281235968
2020-10-23,0.003395251896006979,-0.5600013732910156,-0.006999969482421875,-0.0019365283602538197,-0.004096258110259932
2020-10-26,-0.01848025897925243,4.909999847412109,-0.04000002145767212,0.003018286286769367,-0.016966576388770416
2020-10-27,-0.003446987110170441,0.8899993896484375,-0.023000001907348633,-0.001182166649584926,0.002091998243882731
2020-10-28,-0.034179034403584496,6.930000305175781,0.003000020980834961,0.005057039039776612,-0.009916520645655624
2020-10-29,0.010163463970259023,-2.6899986267089844,0.05399996042251587,0.005887971317855456,0.0026358010658431574
2020-10-30,-0.0104251979593315,0.43000030517578125,0.025000035762786865,0.0008514456346766508,-0.005257643483857488
2020-11-02,0.011208616109396274,-0.8899993896484375,-0.01100003719329834,0.00010636044378031784,0.006870991556151562
2020-11-03,0.01765603390265591,-1.5800018310546875,0.033000051975250244,-0.005316320933289487,0.005249364066912454
2020-11-04,0.022349114598588793,-5.979999542236328,-0.11400002241134644,-0.001496519348812675,0.004699746965049378
2020-11-05,0.019502921599971135,-1.989999771118164,0.008000016212463379,-0.009420884790838135,0.004158000242086457
2020-11-06,-0.00022852929571226532,-2.719999313354492,0.04399996995925903,-0.0032421422924562293,0.012422348597782795
2020-11-09,0.012565857403204372,0.8899993896484375,0.1380000114440918,0.005421229337539746,-0.004601234920512232
2020-11-10,-0.0014667364722511511,-0.9500007629394531,0.013999998569488525,0.00021564372201554605,0.0015408673704950804
2020-11-11,0.0074284526302246245,-1.3499984741210938,-0.013999998569488525,0.0031266945070334007,-0.005128224690754801
2020-11-12,-0.009700872864790488,1.8999996185302734,-0.07300001382827759,-0.0008598648996932523,0.0
2020-11-13,0.01384437721281273,-2.25,0.008000016212463379,-0.0021514301873051256,0.014433025368621788
2020-11-16,0.012482827494258997,-0.6499996185302734,0.013000011444091797,-0.0020483229520327217,0.018292713656964832
2020-11-17,-0.005378384521948609,0.2599983215332031,-0.03400003910064697,-0.0016204118653280197,-0.004990038767525462
2020-11-18,-0.01203489057476348,1.1300010681152344,0.010000050067901611,-0.0010820003906328868,-0.004513548153329827
2020-11-19,0.0042103605366707875,-0.7299995422363281,-0.028000056743621826,-0.00032494345099698396,0.005037802496118848
2020-11-20,-0.006847837127216594,0.5900001525878906,-0.02499997615814209,0.0010835244677549483,0.022556332750963026
2020-11-23,0.005994402140755639,-1.0400009155273438,0.02799999713897705,0.0012988716027144687,-0.003921564960883361
2020-11-24,0.016113551177890928,-1.0200004577636719,0.025000035762786865,-0.003026686550980151,0.013779561557613063
2020-11-25,-0.0015417205987175997,-0.3899993896484375,-0.0040000081062316895,-0.0026022496414234153,-0.0004854479949830681
2020-11-27,0.0027849520123643945,-0.4099998474121094,-0.03600001335144043,-0.0021741162396630154,0.02525500018990101
2020-11-30,-0.004427030059840686,-0.2700004577636719,0.001999974250793457,0.0008715745751906034,0.01042156830855867
2020-12-01,0.010937382058744172,0.20000076293945312,0.09000003337860107,-0.006095626115665054,0.018284078342400534
2020-12-02,0.00210371668638043,0.39999961853027344,0.013999998569488525,-0.0020807668063926865,-0.0013811593114750886
2020-12-03,-0.0002726597826818722,0.1100006103515625,-0.02799999713897705,-0.004499601072770587,-0.005071489517892935
2020-12-04,0.008617678933402484,-0.48999977111816406,0.04899996519088745,-0.00011026497995170192,0.01019459286989255
2020-12-07,-0.002054623371106623,0.5099983215332031,-0.04100000858306885,0.0009923260233020148,-0.002293543064696424
2020-12-08,0.0029259275057842427,-0.6199989318847656,-0.014999985694885254,0.0019826005436793803,-0.005057499326508452
2020-12-09,-0.00896893453822667,1.5900001525878906,0.02799999713897705,0.001319062499475887,0.001386353396102935
2020-12-10,-0.0003269582767408963,0.25,-0.03299999237060547,-0.0032933959207822605,0.022611895218874745
2020-12-11,-0.0011728086945705929,0.7899990081787109,-0.014999985694885254,0.0020927683609457404,-0.011732862394951304
2020-12-14,-0.004476971910819527,1.4099998474121094,-0.0009999871253967285,-0.0029677320564789333,-0.004109596080163702
2020-12-15,0.013519646335725888,-1.8299999237060547,0.030999958515167236,-0.0026457707660876295,0.005960617666141532
2020-12-16,0.00156908819454471,-0.3899993896484375,-0.0029999613761901855,-0.00022111497945198622,0.005469413352952701
2020-12-17,0.005591808085415817,-0.5699996948242188,0.009999990463256836,-0.006965143998605927,0.012239368281967256
2020-12-18,-0.003992775585529462,-0.3600006103515625,0.018000006675720215,0.002226641604561319,0.005373974010004723
2020-12-21,-0.0035754985894482783,3.5900001525878906,-0.00700002908706665,0.00022222032000573932,-0.011135857082584244
2020-12-22,-0.0016854771816855463,-0.9300003051757812,-0.023000001907348633,0.006774773480109575,-0.020270303940290058
2020-12-23,0.0008986191013971023,-0.9200000762939453,0.03700000047683716,-0.002647521894426186,0.010114910958826995
2020-12-24,0.003890609425089009,-1.779998779296875,-0.027000010013580322,-0.0008848780866516082,0.0018207062711665944
2020-12-28,0.008590796557411018,0.1700000762939453,0.005000054836273193,0.00011064437765240243,0.008178114643523582
2020-12-29,-0.0019080140475613572,1.3799991607666016,0.001999974250793457,-0.003652802911635167,-0.009463766866475543
2020-12-30,0.0014270660339881225,-0.3099994659423828,-0.009000003337860107,-0.004221807285787693,-0.0013648216524859702
2020-12-31,0.0050807808460233694,-0.020000457763671875,-0.009000003337860107,0.0034587213822150353,-0.010022834307804485
2021-01-04,-0.013613933734153427,4.219999313354492,0.0,-0.0006671690722642731,0.014266055214979145
2021-01-05,0.006887280294270326,-1.6299991607666016,0.03799998760223389,-0.004895358538687389,0.02586205404477293
2021-01-06,0.005978532794925773,-0.2700004577636719,0.08700007200241089,0.0010062202083411798,0.0026536693641183717
2021-01-07,0.014857637875859808,-2.6999988555908203,0.028999924659729004,0.0033508662554253554,0.012792192642379518
2021-01-08,0.005697604084658581,-0.8100013732910156,0.03400003910064697,0.00300563995951153,-0.00435533441239222
2021-01-11,-0.006741150924800543,2.520000457763672,0.026999950408935547,0.0048834899984224744,-0.038495233797883
2021-01-12,0.00021167845391922846,-0.75,0.006000041961669922,-0.005411948959738733,0.023657892110709566
2021-01-13,0.0026926673233471643,-1.1200008392333984,-0.04999995231628418,0.0029982968785822184,-0.010222201877170156
2021-01-14,-0.0035018325212642365,1.0400009155273438,0.0409998893737793,-0.0008857598685230172,0.018410410372002417
2021-01-15,-0.007292883717674559,1.0900001525878906,-0.031999945640563965,0.005984052840322107,-0.019400376020153987
2021-01-19,0.007852005984663624,-1.1000003814697266,-0.004999995231628418,-0.00308436641398957,0.008992840152776571
2021-01-20,0.013838930500425395,-1.6599998474121094,-0.001999974250793457,-0.0003314782242748171,0.004901902869208108
2021-01-21,0.0009115258319161157,-0.26000022888183594,0.018999934196472168,-0.0037581956747818612,0.0008869382900378309
2021-01-22,-0.003539456039151956,0.5900001525878906,-0.018000006675720215,0.0012204661456083343,-0.009747422079272039
2021-01-25,0.003943884476846682,1.2800006866455078,-0.050999999046325684,0.0016622509910224625,0.005369079634748086
2021-01-26,-0.0015609252928466821,-0.1700000762939453,0.0,-0.0024339110763210714,-0.003115251311227474
2021-01-27,-0.024440518332422556,14.189998626708984,-0.025999903678894043,0.005323315589230049,-0.021428551357619563
2021-01-28,0.008600092872435683,-7.0,0.042999982833862305,-0.0020960004214892747,0.005930618627469464
2021-01-29,-0.02001942220422004,2.8800010681152344,0.03600001335144043,0.0013265835484916888,-0.006349178888547691
2021-02-01,0.01664532252449402,-2.8500003814697266,-0.016000032424926758,0.004857527082328561,0.0
2021-02-02,0.014140309390517913,-4.680000305175781,0.02799999713897705,0.0019775907692201056,-0.008215440731600077
2021-02-03,0.0007863581462106417,-2.6499996185302734,0.026000022888183594,-0.0008771294335191415,0.011965036095674009
2021-02-04,0.011365648268432116,-1.1399993896484375,0.008000016212463379,0.004499517343684811,-0.0022737261291932986
2021-02-05,0.003935868357764605,-0.8999996185302734,0.03099989891052246,-0.005353412764169785,0.02324522408694385
2021-02-08,0.007222140607652694,0.3699989318847656,-0.009999990463256836,-0.0012082667975105155,0.011135857082584133
2021-02-09,-0.0006659744056433103,0.3899993896484375,-0.003000020980834961,-0.005388737073848238,0.011013215488880235
2021-02-10,-0.0004356604913707818,0.3600006103515625,-0.023999929428100586,-0.0007739904128106767,0.013943341358879868
2021-02-11,0.0016150813497493033,-0.7399997711181641,0.02499997615814209,0.0005532302848709758,0.0017189087834919015
2021-02-12,0.004939972262601788,-1.2800006866455078,0.04200005531311035,0.0006636273966313944,0.003002989979750792
2021-02-16,-0.0008660170506419318,1.489999771118164,0.0989999771118164,0.00033155148302244086,0.015825528336814054
2021-02-17,0.0002293005178068963,0.04000091552734375,0.001999974250793457,0.004861283854014964,-0.005473648874383175
2021-02-18,-0.0042559542904545555,0.9899997711181641,-0.0140000581741333,-0.003958225645201874,0.024555457370800005
2021-02-19,-0.0017660330481604758,-0.4400005340576172,0.05800008773803711,-0.0025388645196673387,0.0376032982943415
2021-02-22,-0.007691684774653873,1.4000015258789062,0.02499997615814209,-0.0038733783948314837,0.022700106768983597
2021-02-23,0.0012144241077070017,-0.3400001525878906,-0.008000016212463379,0.0017775361506233711,0.015576308947693018
2021-02-24,0.011019101964987454,-1.7700004577636719,0.027000069618225098,0.00011092532365064578,0.026073631409702758
2021-02-25,-0.024095459704395195,7.549999237060547,0.12899994850158691,-0.0005544805010933018,-0.02391626996167573
2021-02-26,-0.005152691720732183,-0.9399986267089844,-0.05799996852874756,0.00887610203191791,-0.03905055225846643
2021-03-01,0.02423993831162985,-4.600000381469727,-0.0140000581741333,0.001209728472257643,0.010756990185665671
2021-03-02,-0.007802987412111717,0.75,-0.03100001811981201,-0.002746045666585206,0.024044094711246355
2021-03-03,-0.01324584790261818,2.5699996948242188,0.05500006675720215,0.0017622649091468823,-0.019630494144263544
2021-03-04,-0.012374734592308534,1.8999996185302734,0.07999992370605469,0.007476639120315154,-0.04279545276690977
2021-03-05,0.01839648350712597,-3.9099998474121094,0.004000067710876465,0.0038197764270102574,0.03281382985839376
2021-03-08,-0.004978881561029658,0.8099994659423828,0.0419999361038208,0.0035876732943747047,-0.0007942993455627434
2021-03-09,0.014277983724493293,-1.4399986267089844,-0.04999995231628418,-0.003791555447706818,-0.015103305368489028
2021-03-10,0.006224164839096824,-1.470001220703125,-0.026000022888183594,-0.0018486099460391925,0.0008070439814724661
2021-03-11,0.010139336469781046,-0.6499996185302734,0.006999969482421875,-0.004030970071811413,0.029032308179557154
2021-03-12,0.0013466988215196096,-1.2199993133544922,0.10800004005432129,0.002844040050733465,0.0023510762094882676
2021-03-15,0.005963628065707827,-0.6599998474121094,-0.02799999713897705,0.0016361422925348368,-0.0007818787264785021
2021-03-16,-0.0012613013864448686,-0.23999977111816406,0.0140000581741333,0.0004355974597598511,-0.0215179674707503
2021-03-17,0.003409889259953003,-0.5600013732910156,0.019999980926513672,-0.00511593781051245,0.01959215380383328
2021-03-18,-0.014549836335334465,2.3500003814697266,0.08899998664855957,0.004923380095511076,-0.017647088742723693
2021-03-19,-0.0018501684276204244,-0.6299991607666016,0.001999974250793457,0.0007621088294731404,0.006786430398066923
2021-03-22,0.007985072304448337,-2.0700016021728516,-0.04799997806549072,-0.0013054299344844589,0.01110232729059768
2021-03-23,-0.007870915878152362,1.4200000762939453,-0.046000003814697266,0.005882279609820573,-0.027058844472847787
2021-03-24,-0.005083381553450339,0.9000015258789062,-0.024000048637390137,0.002057639689642121,0.000806145029995875
2021-03-25,0.005625607011094935,-1.3900012969970703,0.0,0.003782540567799142,-0.006443811836638336
2021-03-26,0.016114876000197453,-0.9499988555908203,0.046000003814697266,-0.001184330465163863,0.016619369523475758
2021-03-29,-0.0005053057935608951,1.8799991607666016,0.06099998950958252,0.0018325515197972209,-0.006778312472531356
2021-03-30,-0.0026527895012773417,-1.1299991607666016,0.004999995231628418,0.003873473218149792,-0.014452051889071504
2021-03-31,0.004053338989965738,-0.21000099182128906,0.020000100135803223,-0.000750264657391142,0.002851389179156394
2021-04-01,0.01079918498401411,-2.0699996948242188,-0.06700003147125244,-0.00321788094986164,0.005686408808944554
2021-04-05,0.014352935866075,0.5799999237060547,0.04100000858306885,-0.003551079629516618,0.03311791951712939
2021-04-06,-0.0005905072711397397,0.21000099182128906,-0.06400001049041748,-0.0028077984936806244,-0.008600442299087296
2021-04-07,0.001157432801301983,-0.9600009918212891,-0.003000020980834961,0.001299574954962246,-0.011829697838679043
2021-04-08,0.004746683609938573,-0.20999908447265625,-0.021000027656555176,-0.0043262116573618,0.008379928024607075
2021-04-09,0.007270101736678747,-0.26000022888183594,0.03400003910064697,0.0010863144271970882,-0.009101683342695233
2021-04-12,0.0003646151650134044,0.2199993133544922,0.008999943733215332,-0.00021706023943179886,-0.008785990920898934
2021-04-13,0.0029638456667475666,-0.26000022888183594,-0.05199992656707764,-0.003147394372133294,0.003626114169802186
2021-04-14,-0.0034152946930463557,0.3400001525878906,0.014999985694885254,-0.0017419274400959361,0.01886789707882386
2021-04-15,0.010742542437803815,-0.4200000762939453,-0.10800004005432129,-0.00021817288611936103,0.028762863424890206
2021-04-16,0.0033423671483694406,-0.31999969482421875,0.042999982833862305,-0.001199963047330166,-0.012638832477668283
2021-04-19,-0.004912962108373442,1.0400009155273438,0.02799999713897705,-0.005351658768404377,0.016679533994345297
2021-04-20,-0.0073216445802315455,1.3899993896484375,-0.03899991512298584,0.0018666758484131574,-0.011445984263245279
2021-04-21,0.009462048325108219,-1.1800003051757812,0.001999974250793457,-0.0008767448874735795,0.02315709706689395
2021-04-22,-0.00913298237406368,1.2099990844726562,-0.009999990463256836,0.0018648328446257967,-0.007544351611191713
2021-04-23,0.010842351144827012,-1.3799991607666016,0.013000011444091797,-0.00514618648067644,0.015203330545409566
2021-04-26,0.0020878119887572932,0.3099994659423828,0.003000020980834961,-0.0005503307442429328,0.02583304222045979
2021-04-27,-0.0002158767971037756,-0.07999992370605469,0.05199992656707764,0.0011012675498762725,0.00912408771826878
2021-04-28,-0.00028716558155739147,-0.279998779296875,-0.001999974250793457,-0.0033000004363969992,0.0054249410705142775
2021-04-29,0.006372904501789511,0.3299999237060547,0.019999980926513672,0.0,-0.007913644582450585
2021-04-30,-0.006570795257604067,1.0,-0.008999943733215332,0.0073943070790440935,-0.0054387098964906455
2021-05-03,0.0021568397332663025,-0.3000011444091797,-0.024000048637390137,-0.003615269888999295,0.018228217077549846
2021-05-04,-0.006169424769818632,1.1700000762939453,-0.014999985694885254,0.0037383615029547013,-0.0010741384288470712
2021-05-05,0.00031291229840713086,-0.3299999237060547,-0.008000016212463379,0.00021904527183558287,0.0
2021-05-06,0.00798575016087888,-0.7600002288818359,-0.023000001907348633,-0.003942619866138419,0.02150539031087373
2021-05-07,0.007277890777309892,-1.6999988555908203,0.016000032424926758,-0.00791636740480961,0.023508774606805005
2021-05-10,-0.00990238546144584,2.969999313354492,0.02499997615814209,-0.00022170311112368335,-0.005142256364002451
2021-05-11,-0.008924772716655593,2.1800003051757812,0.02199995517730713,-0.0007759638125999224,0.019986213458204505
2021-05-12,-0.021245357859531078,5.75,0.0710000991821289,0.006323493440024031,-0.016554046108219644
2021-05-13,0.012012598995280177,-4.460000991821289,-0.027000069618225098,0.0004409758122705387,-0.008931646287543393
2021-05-14,0.015355406825460882,-4.319999694824219,-0.03299999237060547,-0.004738295373837853,-0.006239178606437523
2021-05-17,-0.0025444758365621434,0.9099998474121094,0.004999995231628418,-0.0011071576002986694,0.012905505345266466
2021-05-18,-0.00861582955376572,1.6200008392333984,0.001999974250793457,-0.0052095013782295085,0.0037878340060286675
2021-05-19,-0.0026218046929262773,0.8400001525878906,0.04100000858306885,0.004902534166086436,-0.03807885823426649
2021-05-20,0.010758049959826765,-1.510000228881836,-0.04900002479553223,-0.004213381445015263,-0.0014265661277205188
2021-05-21,-0.0008188132036232032,-0.5200004577636719,-0.001999974250793457,0.002338259549953259,-0.008928571428571397
2021-05-24,0.01019436775924909,-1.75,-0.023999929428100586,-0.002110584526736403,0.006846866092166337
2021-05-25,-0.0022187260636071793,0.4400005340576172,-0.04400002956390381,-0.002115133446881079,-0.0042949476356352045
2021-05-26,0.0019846887827996706,-1.4799995422363281,0.009999990463256836,0.004462310671602854,0.0007189237233311552
2021-05-27,0.000524835490573361,-0.6200008392333984,0.03600001335144043,-0.0007774288550917996,0.03232757232749561
2021-05-28,0.001788614278256384,0.020000457763671875,-0.029000043869018555,0.0006668618181584485,0.003827439499916263
2021-06-01,-0.0008808949674498079,1.1399993896484375,0.03400003910064697,-0.0022214478613119537,-0.005199293467830213
2021-06-02,0.0015727242099925487,-0.4200000762939453,-0.024000048637390137,0.0007792462807232337,-0.01463414861076573
2021-06-03,-0.003711546375040564,0.5600013732910156,0.03400003910064697,0.006674065227333381,-0.028995812668423215
2021-06-04,0.009145989683353006,-1.6200008392333984,-0.06500005722045898,-0.003977907296702332,0.013474175221025897
2021-06-07,-0.0009702849554127368,0.0,0.009000062942504883,-0.0021078593598046202,0.0007186653905320028
2021-06-08,0.00021337981444036203,0.6499996185302734,-0.04100000858306885,0.0014453016923092754,0.005026907997516039
2021-06-09,-0.0014917885303260547,0.8199996948242188,-0.03900003433227539,0.00044405988803553065,-0.005001764587111435
2021-06-10,0.004648157374793405,-1.789999008178711,-0.029999971389770508,-0.0004438627863763145,-0.00682228120126116
2021-06-11,0.0016526739856772554,-0.4500007629394531,0.003000020980834961,0.005328549264900007,0.012292124167155416
2021-06-14,0.0022390209917193538,0.7399997711181641,0.03900003433227539,-0.00044170623460393355,-0.002142838069370767
2021-06-15,-0.0018343744658279038,0.6300010681152344,-0.002000093460083008,0.00022099285464860507,-0.040443845616173646
2021-06-16,-0.005583387946833884,1.1299991607666016,0.0700000524520874,0.00651641630135491,-0.011562829993196577
2021-06-17,-0.000331538637289297,-0.39999961853027344,-0.05799996852874756,0.008339758138223408,-0.029811355302918674
2021-06-18,-0.013490536214908255,2.950000762939453,-0.06099998950958252,0.003700119376901956,-0.008167992685751746
2021-06-21,0.014315988148888126,-2.8100013732910156,0.03399991989135742,-0.004011739489481636,0.005882337981579555
2021-06-22,0.0053464713110904505,-1.2299995422363281,-0.011999964714050293,-0.0014151671299175161,0.011695951223034129
2021-06-23,-0.001205649474489312,-0.3400001525878906,0.014999985694885254,0.000763105769786554,0.017340995852050067
2021-06-24,0.005915918500683404,-0.34999942779541016,0.0,0.00021782834860184508,0.0030303001841671673
2021-06-25,0.003551780249103187,-0.35000038146972656,0.04900002479553223,-0.00010893200025829941,-0.003776449516557756
2021-06-28,0.002016249703605144,0.1400003433227539,-0.05799996852874756,0.000762440874475967,-0.006065195318507466
2021-06-29,0.0005380512781811841,0.26000022888183594,0.001999974250793457,0.0018503026058103167,-0.0015255152260181815
2021-06-30,0.0008415317725767313,-0.1900005340576172,-0.037000060081481934,0.004236821039855343,0.001909825686696509
2021-07-01,0.005536716320273305,-0.35000038146972656,0.037000060081481934,0.001730809481709672,-0.009531071458748652
2021-07-02,0.007643407191484375,-0.4099998474121094,-0.04900002479553223,-0.003995627681256386,0.00846809948343008
2021-07-06,-0.001821337023837466,1.3700008392333984,-0.06099998950958252,0.0034695834671696346,-0.005725248912629266
2021-07-07,0.0035340773967322825,-0.23999977111816406,-0.04900002479553223,0.0009724077247226237,0.013435715613066002
2021-07-08,-0.008148047718267049,2.799999237060547,-0.03299999237060547,-0.0030224393473836653,-0.010227290214586349
2021-07-09,0.010674720405948301,-2.8199996948242188,0.0679999589920044,-0.0024902918515985473,0.018752456724243638
2021-07-12,0.0035820355720466157,-0.010000228881835938,0.007000088691711426,0.0010854890534788275,-0.006386178472368553
2021-07-13,-0.0034090083941406,0.9500007629394531,0.05199992656707764,0.005638042113627506,-0.006049143394970868
2021-07-14,0.0014920874389474648,-0.7900009155273438,-0.05900001525878906,-0.0036657287104110425,-0.00684672114520446
2021-07-15,-0.0034153486050736426,0.6800003051757812,-0.05899989604949951,0.0022724713359010273,0.009574875302794439
2021-07-16,-0.007843693328384527,1.4400005340576172,0.00299990177154541,0.0007557729728830953,-0.0011381140345545493
2021-07-19,-0.014767819739428867,4.049999237060547,-0.11899995803833008,0.002157697086787813,-0.02278770919894746
2021-07-20,0.014330251482813416,-2.770000457763672,0.02799999713897705,0.0008612534350345147,0.01399147363996689
2021-07-21,0.00809634625531963,-1.8199996948242188,0.07099997997283936,-0.0023663678370925423,0.0038329007621644706
2021-07-22,0.0020942225051490126,-0.2199993133544922,-0.014999985694885254,0.0007547136908272467,0.012600225925040398
2021-07-23,0.010287941489413477,-0.48999977111816406,0.021000027656555176,0.0009696613615715055,0.025263954175302583
2021-07-26,0.00245465315341975,0.37999916076660156,-0.009999990463256836,-0.002798429942765135,0.03530706383290383
2021-07-27,-0.004557452997101308,1.7800006866455078,-0.04200005531311035,-0.0023745409290865105,-0.005328583323729097
2021-07-28,-0.0004099631457115116,-1.0500011444091797,0.027000069618225098,-0.001190096397147844,-0.021785736083984264
2021-07-29,0.004147519580011361,-0.6099987030029297,0.008000016212463379,-0.004982659077049867,0.014238820945153385
2021-07-30,-0.004856491203630298,0.5399990081787109,-0.03000009059906006,0.0033746740315045987,-0.014398902663497637
2021-08-02,-0.0020980208193718264,1.2199993133544922,-0.06499993801116943,-0.0013018891132834387,-0.008765514188256884
2021-08-03,0.008135431944665816,-1.4199981689453125,0.001999974250793457,0.0003258965595036578,-0.009579964433639843
2021-08-04,-0.004919007609699322,-0.07000160217285156,0.008000016212463379,0.0020633667271239275,-0.014880938653975218
2021-08-05,0.006332845712643476,-0.6899986267089844,0.03299999237060547,-0.00032511954468705806,0.004909405980459969
2021-08-06,0.0016523357064239796,-1.1300010681152344,0.07299995422363281,0.006071175205526025,-0.004133807133727241
2021-08-09,-0.0008133304131557884,0.5699996948242188,0.027000069618225098,0.0016163134865492257,-0.010566063647000412
2021-08-10,0.0012438088348090126,0.07000160217285156,0.02499997615814209,0.0011834385579680973,0.017162500942944803
2021-08-11,0.002484969951704885,-0.6200008392333984,-0.013000011444091797,-0.001611797769389911,0.004874359219899427
2021-08-12,0.0029968660599308805,-0.5799999237060547,0.03799998760223389,0.0013991739134004977,-0.004850715092067248
2021-08-13,0.0018197718019217213,-0.1400003433227539,-0.06999993324279785,-0.005589039846775834,0.0052493209316815115
2021-08-16,0.0023548086453453188,0.6700010299682617,-0.040000081062316895,0.0011889387628918335,-0.013427777328390067
2021-08-17,-0.006555313631962267,1.789999008178711,0.001000046730041504,0.005397819441061769,-0.024574726167481242
2021-08-18,-0.01094486718297305,3.6599998474121094,0.014999985694885254,0.00010739972646245377,-0.025193784408976683
2021-08-19,0.0015482904160117883,0.10000038146972656,-0.03100001811981201,0.004616709340708569,-0.017097427900514606
2021-08-20,0.007957082189901543,-3.1100006103515625,0.018000006675720215,-0.0007480997654432109,0.02346278073692032
2021-08-23,0.008796439327796834,-1.4099998474121094,-0.004999995231628418,-0.005775410861254993,0.016600794030013466
2021-08-24,0.0015875569873533557,0.06999969482421875,0.034999966621398926,-0.0007530087727368739,0.010886496660990508
2021-08-25,0.0020983238337313193,-0.42999839782714844,0.05200004577636719,-0.000645899009451778,0.008461512052095665
2021-08-26,-0.005903343756432755,2.049999237060547,0.0,0.0024776012388498803,-0.009916103573252455
2021-08-27,0.008941074689388318,-2.450000762939453,-0.029999971389770508,-0.003975877142641693,0.023882929934471164
2021-08-30,0.004397524814081066,-0.1999988555908203,-0.027000069618225098,-0.0004315558795311425,0.008653105451335907
2021-08-31,-0.0014815176360815085,0.28999900817871094,0.01900005340576172,-0.00021591227341044572,-0.0041028983660617024
2021-09-01,0.0005315461158736934,-0.3699989318847656,-0.001999974250793457,-0.0019432182933497577,-0.01947567201891065
2021-09-02,0.0030766464459786036,0.2999992370605469,-0.008000016212463379,-0.0023795954415418707,0.0064935093320199755
2021-09-03,-0.0002430222077483002,0.0,0.02799999713897705,-0.002060093619111525,0.004174523772693561
2021-09-07,-0.003575521707706142,1.7299995422363281,0.04799997806549072,0.005215077387706657,-0.013227456017807837
2021-09-08,-0.0012182488822292115,-0.18000030517578125,-0.03600001335144043,0.0014051544263888882,-0.009191871524622308
2021-09-09,-0.004280151161959678,0.8400001525878906,-0.034999966621398926,-0.0018348425919650913,0.0112098569296879
2021-09-10,-0.007884540813640206,2.1500015258789062,0.0419999361038208,0.001081298340086967,0.035932742337175805
2021-09-13,0.002559295401361128,-1.5799999237060547,-0.01699995994567871,0.0004320686404861718,-0.015129145447999925
2021-09-14,-0.005396524809990533,0.08999824523925781,-0.04700005054473877,0.0003238909350817831,-0.011240207508664612
2021-09-15,0.008352702632965059,-1.279998779296875,0.027000069618225098,-0.0017269688016646745,0.02311483988100549
2021-09-16,-0.0015853592301100505,0.5100002288818359,0.026999950408935547,0.004000462267574223,-0.0329629403573497
2021-09-17,-0.009740913831517872,2.1199989318847656,0.03900003433227539,0.003661386341329953,-0.0019150188908595434
2021-09-20,-0.016674265318066372,4.899999618530273,-0.06099998950958252,0.00042919438666455534,-0.0322333142671658
2021-09-21,-0.0009446974077511605,-1.3499984741210938,0.014999985694885254,-0.0004290102578701216,0.0015860791679787045
2021-09-22,0.009754941289385588,-3.489999771118164,0.011999964714050293,0.0027897225830904038,0.021377632750821718
2021-09-23,0.012149987812994034,-2.240001678466797,0.07400000095367432,-0.003851921826215521,0.001938028910378975
2021-09-24,0.0016471428922897324,-0.8799991607666016,0.05000007152557373,0.002470497966737595,0.012765954307010885
2021-09-27,-0.0028609695636684362,1.010000228881836,0.023999929428100586,0.0005356843606816319,-0.0003819797083752796
2021-09-28,-0.020151895852508095,4.489999771118164,0.05000007152557373,0.0041764767736076625,-0.006113864996012852
2021-09-29,0.0016832195765565938,-0.6900005340576172,0.006999969482421875,0.006078700173083096,-0.01960785176447355
2021-09-30,-0.012222279408960812,0.5799999237060547,-0.011999964714050293,-0.0009539574028420983,-0.017647088742723693
2021-10-01,0.011884241557734931,-2.039999008178711,-0.05000007152557373,-0.002228106997057333,0.027544932338232853
2021-10-04,-0.012896023514964106,1.8599987030029297,0.001999974250793457,-0.0024458034314588373,0.005050546591733207
2021-10-05,0.010404889207535684,-1.6599998474121094,0.04800009727478027,0.001812235398830131,-0.011209930657889444
2021-10-06,0.004155905720812703,-0.2999992370605469,-0.004999995231628418,0.0030856913787438156,-0.003127440341855192
2021-10-07,0.008645921573918969,-1.4599990844726562,0.04699993133544922,-0.0005303428889742445,0.023137260885799593
2021-10-08,-0.0018237894412088673,-0.7700004577636719,0.03400003910064697,-0.0015920348539111284,0.0030663059884312727
2021-10-11,-0.007239728256898337,1.2299995422363281,0.008999943733215332,0.002657595416296843,0.018341594988039
2021-10-12,-0.0024616901943759206,-0.14999961853027344,-0.03399991989135742,0.002120408703236709,-0.009380863173677922
2021-10-13,0.0035976512358979473,-1.210000991821289,-0.03100001811981201,-0.004655044727448154,0.04280307138042816
2021-10-14,0.01682059870411834,-1.779998779296875,-0.029999971389770508,-0.0012755393733678844,0.02506351650923455
2021-10-15,0.00761602573103537,-0.5600013732910156,0.056999921798706055,-0.00021282080950668636,0.02586823059345389
2021-10-18,0.0029602990126105233,0.010000228881835938,0.008000016212463379,0.00010639244811794235,-0.005872195917575707
2021-10-19,0.007714978419531393,-0.6099996566772461,0.050999999046325684,-0.0017029913561678045,-0.005559410826781241
2021-10-20,0.0039276279301292405,-0.21000003814697266,0.001000046730041504,-0.002452322792285133,0.01467505464633656
2021-10-21,0.0026084384714781805,-0.4799995422363281,0.039999961853027344,0.0022445392256571495,-0.04063361804320231
2021-10-22,-0.0010363698882560612,0.4200000762939453,-0.021000027656555176,-0.0017062604078346144,-0.011844935982644467
2021-10-25,0.00536285041605189,-0.1900005340576172,-0.019999980926513672,0.002136491260956941,0.006175084346307758
2021-10-26,0.0009001625493940679,0.7399997711181641,-0.016000032424926758,0.0014923717438644069,-0.0072202439505719695
2021-10-27,-0.004430236077481831,1.0,-0.08999991416931152,-0.0009579174115376121,-0.024727283824573898
2021-10-28,0.009648741221792934,-0.4499988555908203,0.03899991512298584,-0.005433647271617659,0.010439995892302045
2021-10-29,0.002029191986886003,-0.2700004577636719,-0.010999917984008789,0.008248572951764954,-0.00959410425173346
2021-11-01,0.0017202643139024865,0.14999961853027344,0.018000006675720215,-0.002549994540589573,0.0007451735339032428
2021-11-02,0.004042997771239509,-0.37999916076660156,-0.026000022888183594,0.002236888481214949,-0.005212259635731908
2021-11-03,0.006105150992579356,-0.9300003051757812,0.029999971389770508,-0.00244442274939749,-0.0018712289799930337
2021-11-04,0.004712741891428118,0.3399991989135742,-0.0549999475479126,0.005220518437920152,-0.011248565286927192
2021-11-05,0.003469477195773507,1.0399999618530273,-0.0710000991821289,-0.0003179520909595279,0.007584332545536476
2021-11-08,0.0008537591801689448,0.7399997711181641,0.04400002956390381,-0.0028625598382102657,0.013549138670923222
2021-11-09,-0.003305442670285319,0.5600013732910156,-0.06499993801116943,-0.0009569799507143095,-0.00631266521973517
2021-11-10,-0.0080448740782183,0.9499988555908203,0.1279999017715454,0.009472109390383343,-0.019058304354250377
2021-11-11,0.0003237083398388574,-1.0699996948242188,0.0,0.003479197009631285,0.025142851329985172
2021-11-12,0.007546609689228934,-1.3699989318847656,0.02200007438659668,-0.0005253525068027454,0.010405079458684297
2021-11-15,0.0003425638908125528,0.1999988555908203,0.04100000858306885,0.0029434081443888704,-0.009194556641764495
2021-11-16,0.003957841330391787,-0.11999893188476562,0.010999917984008789,0.005345293860820499,-0.01410545881893488
2021-11-17,-0.002429151370031968,0.7399997711181641,-0.029999971389770508,-0.0009382437407068345,-0.028237952375026132
2021-11-18,0.0033964672624551273,0.4799995422363281,-0.014999985694885254,-0.0030262017112199224,0.018984881102564355
2021-11-19,-0.0017883829525876527,0.31999969482421875,-0.05299997329711914,0.0055474018653765,0.017870769366442607
2021-11-22,-0.002815241914222888,1.260000228881836,0.08899998664855957,0.004475906178221356,-0.0014942441106960969
2021-11-23,0.0013260089247522089,0.20999908447265625,0.04200005531311035,-0.00010364908010851437,0.009726907345097624
2021-11-24,0.0026699175249502716,-0.7999992370605469,-0.02200007438659668,0.003627303159600359,0.01222674792532552
2021-11-26,-0.02230308005480086,10.040000915527344,-0.1629999876022339,-0.007744733874040288,-0.03806731404816743
2021-11-29,0.012266548664533472,-5.660001754760742,0.04799997806549072,0.0026017276462464434,0.01027391717505699
2021-11-30,-0.01945774874432693,4.230001449584961,-0.08700001239776611,-0.003632950876327201,-0.012806032480531804
2021-12-01,-0.011107143500153072,3.9300003051757812,-0.008999943733215332,0.0006251191720354488,-0.020221243716519566
2021-12-02,0.01531615202578096,-3.1700000762939453,0.01399993896484375,0.0008328391371008603,0.020249238768851097
2021-12-03,-0.008701150535191271,2.719999313354492,-0.10499989986419678,-0.00010396865829076507,-0.004580184570190826
2021-12-06,0.011843367128660631,-3.489999771118164,0.09099996089935303,0.0017686034549282414,0.01572085309093252
2021-12-07,0.020684866793620804,-5.290000915527344,0.046000003814697266,0.0008308425619900639,0.0
2021-12-08,0.0026477880318311886,-1.989999771118164,0.028999924659729004,-0.0049808378463558345,0.00943752367535211
2021-12-09,-0.00675155016340423,1.6800003051757812,-0.02199995517730713,0.003962845508777679,-0.01757663864538017
2021-12-10,0.009413546632332404,-2.8899993896484375,0.001999974250793457,-0.0022851729404774757,-0.0022840263511789693
2021-12-13,-0.008858429682238711,1.6199989318847656,-0.06499993801116943,0.0028110008796242703,-0.00152609727492925
2021-12-14,-0.006879972989074279,1.5799999237060547,0.01399993896484375,0.002595514958389611,-0.006113864996012852
2021-12-15,0.01562510975451792,-2.5999984741210938,0.02500009536743164,-0.0006212856868940131,-0.0003844763088750591
2021-12-16,-0.008818529389795549,1.279998779296875,-0.04100000858306885,-0.004869974202670546,0.007307712848369841
2021-12-17,-0.010642892056557551,1.0,-0.020000100135803223,0.005518521181221647,-0.0011455015667714008
2021-12-20,-0.01063346369057483,1.3000011444091797,0.01700007915496826,-0.00020706889437294151,0.0034403728254146504
2021-12-21,0.017758961388541383,-1.8600006103515625,0.0679999589920044,-0.0006214933826166336,0.011809503464471627
2021-12-22,0.009998751845790244,-2.3800010681152344,-0.029999971389770508,-0.004249103967166601,0.008283178656883328
2021-12-23,0.006222193249784125,-0.6700000762939453,0.03600001335144043,-0.0006245335849783817,0.0018670364368391645
2021-12-27,0.014152257429206117,-0.279998779296875,-0.012000083923339844,0.0007290116358202869,0.016399572691345732
2021-12-28,-0.0008175386297196718,-0.1399993896484375,0.0,0.0011447665162225285,-0.008434159823083154
2021-12-29,0.001279273959487126,-0.5900001525878906,0.06200003623962402,-0.0028066180003276653,-0.0025888165607516056
2021-12-30,-0.0027644942696756214,0.37999916076660156,-0.02799999713897705,0.00041698025018344076,-0.008527977311532098
2021-12-31,-0.002520199261875078,-0.1100006103515625,-0.003000020980834961,-0.0031260086270905596,0.01757663864538017
2022-01-03,0.00578995482308331,-0.6199989318847656,0.11600005626678467,0.005957977482320409,-0.009187798912593914
2022-01-04,-0.0003348548225782233,0.3099994659423828,0.039999961853027344,0.0005195662184924732,0.011127639265461564
2022-01-05,-0.01920212520661213,2.8199996948242188,0.037000060081481934,-0.0010385135857338135,-0.020542900265608566
2022-01-06,-0.0009394014726016309,-0.11999893188476562,0.02799999713897705,0.0006237400672726157,-0.004119872929151613
2022-01-07,-0.00395341022699347,-0.8500003814697266,0.03799998760223389,-0.005298723493303625,0.011282408248927789
2022-01-10,-0.0012444934089308468,0.6399993896484375,0.008999943733215332,0.0026112388299375233,-0.01041274769997469
2022-01-11,0.009108231234683073,-0.9899997711181641,-0.03399991989135742,-0.0038545174020381268,0.015783542527637806
2022-01-12,0.00270365645404258,-0.7899990081787109,-0.021000027656555176,-0.006484027701036621,0.030706618668941532
2022-01-13,-0.013778750459545352,2.6899986267089844,-0.0140000581741333,-0.0022105166786595687,-0.01292177323994026
2022-01-14,0.0004090793410742588,-1.1199989318847656,0.06099998950958252,0.00400883268011154,-0.014545440673828125
2022-01-18,-0.01770954248190848,3.6000003814697266,0.09300005435943604,0.0058842618342196396,-0.00959410425173346
2022-01-19,-0.010383660057393107,1.0599994659423828,-0.03799998760223389,-0.002298142828668248,0.009314455982813996
2022-01-20,-0.011067984111854612,1.739999771118164,0.005999922752380371,0.002408080016698344,0.018087846746333458
2022-01-21,-0.019630740427783455,3.260000228881836,-0.08599996566772461,-0.0010444795942379237,-0.004713530135105559
2022-01-24,0.004246725832663056,1.0499992370605469,-0.011999964714050293,0.002927632591841922,-0.012750468915915913
2022-01-25,-0.012208909531499001,1.260000228881836,0.04799997806549072,0.0003127479135689448,0.0029520266634666115
2022-01-26,-0.0025087351476361652,0.7999992370605469,0.06500005722045898,0.00562794093488761,-0.0003679260032948273
2022-01-27,-0.004938037293699349,-1.4699993133544922,-0.04100000858306885,0.007980146020399648,-0.009201324964961177
2022-01-28,0.0248353509440844,-2.8299999237060547,-0.02500009536743164,0.0001027607096073524,-0.019316510263370446
2022-01-31,0.018011160543593308,-2.8299999237060547,0.0,-0.007504839649761563,0.0037878932922230657
2022-02-01,0.006756878529592836,-2.8700008392333984,0.018000006675720215,-0.0015537758903706456,0.02037739303876762
2022-02-02,0.009714170858762028,0.13000106811523438,-0.03399991989135742,-0.004668502449337253,0.010354984090850783
2022-02-03,-0.023505086471324432,2.260000228881836,0.06099998950958252,-0.005837035373542854,-0.004758388075356779
2022-02-04,0.004702101813220727,-1.1300010681152344,0.10299992561340332,0.0010485018493964215,0.009562347325303033
2022-02-07,-0.0032091174905215514,-0.3599987030029297,-0.01399993896484375,-0.0008378909535184942,-0.0040073080981504194
2022-02-08,0.008227811338079594,-1.4200000762939453,0.03799998760223389,0.002515700837849799,-0.001828794322658922
2022-02-09,0.014636206199376556,-1.480001449584961,-0.02499997615814209,-0.0015683973947739904,0.03554412901476267
2022-02-10,-0.0179658296076719,3.950000762939453,0.10199987888336182,0.000628392390100263,-0.003892449025500677
2022-02-11,-0.019718483101211826,3.450000762939453,-0.07599985599517822,0.005546821165560711,-0.03587922708947344
2022-02-14,-0.0032693729437095476,0.9699993133544922,0.04100000858306885,0.0030183275395567755,0.009211496154099219
2022-02-15,0.0161269148273393,-2.6299991607666016,0.04900002479553223,-0.00394318638562019,0.008762313854189463
2022-02-16,0.0011206780662129656,-1.4099998474121094,0.0019998550415039062,-0.003021157641225458,0.0007238674763363484
2022-02-17,-0.021361279753706497,3.8199996948242188,-0.07499992847442627,0.0010449958903311352,-0.006871628812981645
2022-02-18,-0.006475107957425674,-0.3600006103515625,-0.039999961853027344,0.00250519682801964,0.003641674610479928
2022-02-22,-0.010731617613007782,1.0599994659423828,0.015999913215637207,-0.00010414552410575872,-0.0032656079220579892
2022-02-23,-0.01773880954076168,2.210000991821289,0.029000043869018555,0.0016661841522782606,-0.01274111695921809
2022-02-24,0.015049221046925743,-0.7000007629394531,-0.008000016212463379,0.009876254539247675,0.011799398411569628
2022-02-25,0.022064069282164978,-2.729999542236328,0.01699995994567871,-0.005353064096496385,0.0
2022-02-28,-0.0025586947944779004,2.559999465942383,-0.14699995517730713,0.0009314462361036391,-0.0014577592838487252
2022-03-01,-0.015229987451522375,3.1700000762939453,-0.13199996948242188,0.007238182031470197,0.015328470151141804
2022-03-02,0.01839601869540397,-2.5799999237060547,0.15799999237060547,-0.00020536158206430066,0.02444285811053737
2022-03-03,-0.004978579059199961,-0.26000022888183594,-0.021000027656555176,0.004107213557713818,0.024561430278577268
2022-03-04,-0.008124566160419677,1.5,-0.12000000476837158,0.008794361410165541,0.023972562921274365
2022-03-07,-0.02947905469556822,4.470001220703125,0.027000069618225098,0.00648757607449757,-0.033110360660494
2022-03-08,-0.007581727083498135,-1.3199996948242188,0.12099993228912354,-0.0023164805601046945,-0.0013835699892710274
2022-03-09,0.02681092387342332,-2.6800003051757812,0.07599997520446777,-0.011003395565862939,-0.03533080803993338
2022-03-10,-0.004515658499446351,-2.220001220703125,0.06299996376037598,0.005511900671623549,0.014721717838284576
2022-03-11,-0.012715178417882167,0.5200004577636719,-0.006999969482421875,0.006192270806247624,-0.009200291110263992
2022-03-14,-0.007308278899315512,1.0200004577636719,0.1360001564025879,-0.0006053792002175262,-0.021071434020996094
2022-03-15,0.021990503353086943,-1.9400005340576172,0.019999980926513672,0.0001009704873509154,0.001094516118661737
2022-03-16,0.022174191324148218,-3.1599998474121094,0.0279998779296875,-0.006964797047862459,0.031705499816042426
2022-03-17,0.012510933618602671,-1.0,0.003999948501586914,-0.0037608774905170117,0.009890522498326337
2022-03-18,0.010952720576020925,-1.7999992370605469,-0.04399991035461426,0.0022446813172938285,0.004547015042769553
2022-03-21,-0.00029233270735296024,-0.3400001525878906,0.16700005531311035,0.0027486168567594227,-0.005919222853702943
2022-03-22,0.011701311443563123,-0.5900001525878906,0.05799984931945801,-0.00010154453025856824,0.00280209897877004
2022-03-23,-0.012878395275083387,0.6299991607666016,-0.051999807357788086,0.0013199805628214545,0.018162782850383863
2022-03-24,0.015074349948847932,-1.8999996185302734,0.019999980926513672,0.0017237696634642141,-0.014408236081998593
2022-03-25,0.004883485028321477,-0.8600006103515625,0.1510000228881836,0.00020241565827605612,-0.00417678154530976
2022-03-28,0.0071132805879243755,-1.1800003051757812,-0.015000104904174805,0.0028337089992420683,0.004893372480313296
2022-03-29,0.01237079711189204,-0.7299995422363281,-0.07699990272521973,-0.0069633145374118355,0.0059130461319634176
2022-03-30,-0.0061749653373625035,0.43000030517578125,-0.04200005531311035,-0.006199193098499478,-0.0034578278425282383
2022-03-31,-0.015391295582659392,1.2299995422363281,-0.031000137329101562,0.00531748275077315,-0.0038168151116017013
2022-04-01,0.0028340721522539525,-0.9300003051757812,0.05000019073486328,0.00325500663992484,-0.0020898456236742025
2022-04-04,0.008566781985528626,-1.0599994659423828,0.034999847412109375,0.0036500113593898043,0.01640492938782212
2022-04-05,-0.012631452433349843,2.460000991821289,0.14400005340576172,0.00484900866039184,-0.006868157870036584
2022-04-06,-0.009999301760781565,1.0699996948242188,0.05299997329711914,0.0013068990833682292,-0.006569866305545458
2022-04-07,0.0050389974141722416,-0.5500011444091797,0.042999982833862305,0.001506039439527429,-0.0027845431597880443
2022-04-08,-0.002673875775443535,-0.3899993896484375,0.06100010871887207,0.0005012837268953962,0.0006980962663165613
2022-04-11,-0.01709245370336243,3.210000991821289,0.06699991226196289,0.001302577649727521,-0.019881398441136677
2022-04-12,-0.0037053408091834994,-0.1100006103515625,-0.05500006675720215,0.0036025278620250845,0.016725953984841446
2022-04-13,0.011453704780222562,-2.440000534057617,-0.037999868392944336,-0.004088180859173729,0.001050076547636225
2022-04-14,-0.012451669732297166,0.8800010681152344,0.14100003242492676,0.004405310908147664,-0.0003496583478479476
2022-04-18,0.00041115545169478906,-0.5300006866455078,0.03399991989135742,0.004585317841626635,0.023084989293096214
2022-04-19,0.016142680446833202,-0.7999992370605469,0.051000118255615234,0.001786071714189763,-0.02153843284672141
2022-04-20,-0.0007416385125439406,-1.0500011444091797,-0.07300019264221191,-0.005645797345415038,-0.007686974641927025
2022-04-21,-0.014953493224835857,2.3600006103515625,0.07700014114379883,0.001892643117456183,0.0007042414800109142
2022-04-22,-0.027439133980566188,5.529998779296875,-0.01100015640258789,0.006363087870324913,-0.020760033462492222
2022-04-25,0.0057975231489966195,-1.1899986267089844,-0.07999992370605469,0.005236107220955688,-0.020122151184965076
2022-04-26,-0.02896079946396546,6.5,-0.053999900817871094,0.005405435398111225,-0.013568054016224074
2022-04-27,0.002811781367816346,-1.9200000762939453,0.046000003814697266,0.006353801340118315,0.003717486352707411
2022-04-28,0.0252594854606083,-1.6100006103515625,0.04499983787536621,0.0065080701136561725,-0.005925920274522545
2022-04-29,-0.03695566950648799,3.410001754760742,0.024000167846679688,-0.006369461924484954,-0.014530528592818781
2022-05-02,0.006019574860413268,-1.0600013732910156,0.10899996757507324,0.0075757457870306855,-0.020793993517754794
2022-05-03,0.00458406743446127,-3.0900001525878906,-0.03600001335144043,-0.0026026281918857253,0.0015444369156947246
2022-05-04,0.03045280968816866,-3.8299999237060547,-0.042999982833862305,-0.008504927732004508,0.021588259614996552
2022-05-05,-0.03554279383304659,5.780000686645508,0.14899992942810059,0.011307181046081638,-0.020377393038767733
2022-05-06,-0.005969022932993506,-1.010000228881836,0.056999921798706055,-0.0008674345820782747,-0.008089333277298216
2022-05-09,-0.03201720127317975,4.559999465942383,-0.04399991035461426,-9.648983095811303e-05,-0.011262171476790095
2022-05-10,0.002310441217777681,-1.7599983215332031,-0.08599996566772461,0.0026048879796589652,-0.0090337608211698
2022-05-11,-0.015886111161297123,-0.43000030517578125,-0.07200002670288086,-0.0006735921483602691,0.008719826583224233
2022-05-12,-0.0010438053294415939,-0.7900009155273438,-0.10400009155273438,0.009629273131373184,-0.02829081332490957
2022-05-13,0.02390775444853399,-2.8999996185302734,0.11800003051757812,-0.0027658647567736505,0.02102711149976222
2022-05-16,-0.004057524578399585,-1.4000015258789062,-0.05799984931945801,-0.003538591486482834,0.00871284409324713
2022-05-17,0.020570374187241613,-1.3699989318847656,0.09099984169006348,-0.007966232955234465,0.0039262027548347955
2022-05-18,-0.0403116835893057,4.85999870300293,-0.0820000171661377,0.004353685619049141,-0.01955416527053022
2022-05-19,-0.006124656273500562,-1.6099987030029297,-0.03099989891052246,-0.010499916804982079,0.031112911692876555
2022-05-20,0.0004365243529198537,0.07999992370605469,-0.06800007820129395,0.0041861399928520004,0.004642124956051541
2022-05-23,0.01871015953405708,-0.9500007629394531,0.07200002670288086,-0.010373239738205586,0.010781697884047592
2022-05-24,-0.007633756304033845,0.970001220703125,-0.0989999771118164,-0.002155184333433202,-0.005714271182105657
2022-05-25,0.008834969236569679,-1.0799999237060547,-0.010999917984008789,0.001963449313212129,-0.007279713842169633
2022-05-26,0.01998146754036756,-0.8700008392333984,0.006999969482421875,-0.0022535345193107625,-0.0023156876223746625
2022-05-27,0.024549043521380653,-1.7800006866455078,-0.013000011444091797,-0.0015712821293555335,0.012765954307010885
2022-05-31,-0.005611034169588636,0.470001220703125,0.10100007057189941,0.0007868774711863313,-0.008021428165521316
2022-06-01,-0.008088466516075754,-0.5,0.08699989318847656,0.007862437855113535,0.010011560868549596
2022-06-02,0.0190435126241284,-0.970001220703125,-0.017999887466430664,-0.007606108098287767,0.05299280675772988
2022-06-03,-0.0164115416233247,0.07000160217285156,0.04399991035461426,0.0036356761205340593,-0.020275212030245515
2022-06-06,0.0030447090786343,0.279998779296875,0.08100008964538574,0.0029371749907041167,-0.006651896109692412
2022-06-07,0.009592355136522235,-1.0499992370605469,-0.06600022315979004,-0.001171444198770577,0.003720252402972024
2022-06-08,-0.010872276282665183,-0.060001373291015625,0.057000160217285156,0.0021501292157866114,-0.005559659787816473
2022-06-09,-0.023782726685305677,2.1300010681152344,0.014999866485595703,0.006631561333181324,-0.0163995726913454
2022-06-10,-0.028995786452374106,1.6599998474121094,0.1119999885559082,0.009009884655855283,-0.01326254195588894
2022-06-13,-0.03796812850789466,6.270000457763672,0.21000003814697266,0.008929431507926466,-0.024193588554736634
2022-06-14,-0.0030132955587861554,-1.3300018310546875,0.11700010299682617,0.004187236432667163,-0.0137741197784923
2022-06-15,0.014256353355124096,-3.069997787475586,-0.08800005912780762,-0.003411609101682922,0.007581825143924581
2022-06-16,-0.03309623066703471,3.3299999237060547,-0.08800005912780762,-0.014549318708731551,-0.01623761771929144
2022-06-17,0.002155880181493597,-1.8200016021728516,-0.06799983978271484,0.01032519273553234,-0.01892106724908882
2022-06-21,0.025173504247707035,-0.9399986267089844,0.06799983978271484,-0.0024832331844715227,0.0
2022-06-22,-0.0018130151518349624,-1.239999771118164,-0.1510000228881836,-0.002298022669031563,-0.023389478151153886
2022-06-23,0.009802663735166028,0.09999847412109375,-0.08799982070922852,0.0022073259469272966,-0.04705878015914977
2022-06-24,0.03179387349826457,-1.8199996948242188,0.056999921798706055,-0.0022981697124215827,-0.003527333449276804
2022-06-27,-0.003819852006010538,-0.279998779296875,0.0690000057220459,-0.0023994624641706652,0.005752175158067363
2022-06-28,-0.02043271192457763,1.4099998474121094,0.012000083923339844,0.005483929973405077,-0.0008799145695761457
2022-06-29,-0.0008143930631878682,-0.20000076293945312,-0.11300015449523926,0.005741062691195786,0.003963018767773718
2022-06-30,-0.008124497414063292,0.5499992370605469,-0.12100005149841309,-0.003995796465669055,-0.02543859399623527
2022-07-01,0.010576708251414768,-2.009998321533203,-0.08299994468688965,0.004298375563550616,-0.01800178356845694
2022-07-05,0.0018887243594858383,0.8400001525878906,-0.07999992370605469,0.012935139987127142,-0.049495872539459085
2022-07-06,0.0033772128823290615,-0.8100013732910156,0.10400009155273438,0.0056337884893999934,0.0019286844729404784
2022-07-07,0.01497703894789515,-0.6499996185302734,0.09499979019165039,0.00028010065102024306,0.026948962821847777
2022-07-08,-0.0008225064514366665,-1.4400005340576172,0.09300017356872559,-0.0011200888664605335,-0.0037488248891296427
2022-07-11,-0.011423348758291652,1.5300006866455078,-0.1100001335144043,0.009438318724170669,-0.02869240845646226
2022-07-12,-0.008849046631294266,1.1200008392333984,-0.03299999237060547,0.0004629055111253777,-0.04939469620369297
2022-07-13,-0.005251784980473184,-0.470001220703125,-0.053999900817871094,-0.001017864445842398,0.02088648865457876
2022-07-14,-0.0024284020808367224,-0.4200000762939453,0.0559999942779541,0.005372377139433615,-0.02644713884393346
2022-07-15,0.01910503813885711,-2.1700000762939453,-0.029999971389770508,-0.004422363671317431,0.0
2022-07-18,-0.008256925598224663,1.0699996948242188,0.029999971389770508,-0.006385293610964404,0.0256278828361991
2022-07-19,0.027019169902670948,-0.7999992370605469,0.05900001525878906,-0.006426398656567134,-0.007496232724364282
2022-07-20,0.006373116320349981,-0.6200008392333984,0.01699995994567871,0.003749545601187121,0.011581044066859114
2022-07-21,0.010183152728289402,-0.7699985504150391,-0.12599992752075195,-0.001587580930503929,-0.006968610681190257
2022-07-22,-0.009277965425479318,-0.07999992370605469,-0.127000093460083,-0.001683661949396953,0.005513719237909553
2022-07-25,0.0012149552434446154,0.3299999237060547,0.03699994087219238,-0.0023423591505373764,0.015952128780836183
2022-07-26,-0.011831072713062496,1.3299999237060547,-0.03299999237060547,0.006667910049670489,0.005397478649720622
2022-07-27,0.025966349242797504,-1.4500007629394531,-0.05299997329711914,-0.006903680159617287,0.024890201785200183
2022-07-28,0.012542394270407486,-0.9099998474121094,-0.05299997329711914,-0.0009393938655509748,0.0009524027506511157
2022-07-29,0.01457879820450314,-1.0,-0.03900003433227539,-0.004231283071919223,0.032350156535064345
2022-08-01,-0.002961398359536571,1.510000228881836,-0.03600001335144043,-0.0042493349495066335,-0.01705072931911189
2022-08-02,-0.006597174815962892,1.0900001525878906,0.13499999046325684,0.007491711127455947,-0.013127083340226053
2022-08-03,0.015659344387390473,-1.9799995422363281,0.006999969482421875,0.002541455928935177,-0.0009500499353857217
2022-08-04,-0.0006755788386988426,-0.5100002288818359,-0.07199978828430176,-0.0076988046040540326,0.0033285636014586117
2022-08-05,-0.001690127751053483,-0.29000091552734375,0.1639997959136963,0.008799321446617991,0.02227484857143658
2022-08-08,-0.0011609468685774837,0.1400012969970703,-0.07499980926513672,-0.0016882414231746967,0.007881320292032257
2022-08-09,-0.003970905955735349,0.4799995422363281,0.031999826431274414,-0.0006576446187396279,-0.0018398808003600164
2022-08-10,0.021003879122643898,-2.030000686645508,-0.010999917984008789,-0.01099939614674339,0.013824849148065699
2022-08-11,0.0,0.46000099182128906,0.10199999809265137,-0.0010456332085796438,0.012727303938432133
2022-08-12,0.016928998806866824,-0.6700000762939453,-0.03900003433227539,0.005138461645684211,-0.0035906607379059263
2022-08-15,0.004120732090829637,0.4200000762939453,-0.05800008773803711,0.00870970200001664,-0.01486486091734529
2022-08-16,0.0019587119554622667,-0.26000022888183594,0.03299999237060547,-0.00046929188480193673,-0.0004572578188428711
2022-08-17,-0.007097951156547877,0.20999908447265625,0.0690000057220459,0.0006572741298047635,-0.009149165478281929
2022-08-18,0.0029065024975940545,-0.3400001525878906,-0.012999773025512695,0.00853902284616015,0.017082217998150462
2022-08-19,-0.01343801971759262,1.0400009155273438,0.10899996757507324,0.0064197505625329665,0.0031774712956160744
2022-08-22,-0.020822635655202038,3.1999988555908203,0.04799985885620117,0.008135387794294457,-0.002714907914331599
2022-08-23,-0.0024191468698646634,0.3100013732910156,0.01699995994567871,-0.003943148034316835,0.009528088736362461
2022-08-24,0.0032010800600272837,-1.2900009155273438,0.05200004577636719,0.0005523619690355197,-0.013033749012464901
2022-08-25,0.014117635705384046,-1.039999008178711,-0.07999992370605469,-0.0019322698185771925,0.016393471100192736
2022-08-26,-0.03384899993300372,3.779998779296875,0.009000062942504883,0.003042332694209504,-0.005824335239428602
2022-08-29,-0.00661225361918516,0.6499996185302734,0.07499980926513672,0.0003675853401750029,-0.0234339993352215
2022-08-30,-0.010977942246522931,0.0,0.0,-0.0006431431199878102,-0.013843988740393831
2022-08-31,-0.007608881162024295,-0.3399982452392578,0.023000001907348633,-0.0006435570192571127,-0.011230775341205201
2022-09-01,0.003137634316272564,-0.3100013732910156,0.13200020790100098,0.009107686485358979,-0.029815389767566147
2022-09-02,-0.010544150921514839,-0.09000015258789062,-0.07200002670288086,-0.0014586895664884247,-0.002438987173685181
2022-09-06,-0.003773371812593296,1.4400005340576172,0.14699983596801758,0.006208347601153408,0.019070874087947054
2022-09-07,0.017964978133990783,-2.270000457763672,-0.07499980926513672,-0.003357252061116811,-0.006238055046227542
2022-09-08,0.0065363825390747365,-1.029998779296875,0.026999950408935547,-0.001183514728260504,0.029937270238618252
2022-09-09,0.015535318499639628,-0.8199996948242188,0.029000043869018555,-0.006471598672842749,0.0018753359432923666
2022-09-12,0.010747630066728187,1.0799999237060547,0.0409998893737793,-0.006146772192158867,0.017781897325383156
2022-09-13,-0.043482600074122746,3.3999996185302734,0.059999942779541016,0.013754249409994923,-0.024827628300107762
2022-09-14,0.003815812362144344,-1.1100006103515625,-0.009999990463256836,-0.001456893399740089,-0.004243198921453195
2022-09-15,-0.01135333784346959,0.1100006103515625,0.04700016975402832,0.0007294747308839167,-0.01136371538494263
2022-09-16,-0.007628935571825646,0.029998779296875,-0.01100015640258789,0.0001822878881934109,0.02059388517523253
2022-09-19,0.007755108320128379,-0.5399990081787109,0.04200005531311035,-0.00018225466537535873,-0.004223376576415805
2022-09-20,-0.011478573406658144,1.3999996185302734,0.08100008964538574,0.004374005524671709,-0.008482488390744947
2022-09-21,-0.017443711027332,0.8299999237060547,-0.06100010871887207,0.0038105440418596537,-0.01663499839543392
2022-09-22,-0.008399867328483634,-0.6399993896484375,0.1979999542236328,0.00641720072658547,0.006283187888401098
2022-09-23,-0.016754923980131675,2.5699996948242188,-0.010999917984008789,0.016524508239780467,-0.03362146329737159
2022-09-26,-0.009892647245145714,2.339998245239258,0.1809999942779541,0.00803954424496034,-0.014910593036566167
2022-09-27,-0.0025528780274007845,0.3400001525878906,0.08599996566772461,8.766114254354918e-05,-0.0015135610372742914
2022-09-28,0.01967642193740793,-2.4199981689453125,-0.2590000629425049,-0.013232864149976042,0.02930772596634812
2022-09-29,-0.020888913694628974,1.6599998474121094,0.04200005531311035,-0.003108334625790743,0.014727502439898732
2022-09-30,-0.015463634625808131,-0.2199993133544922,0.056999921798706055,-0.0011581047075097661,-0.010643411346998755
2022-10-03,0.026401310366315656,-1.5200004577636719,-0.1529998779296875,-0.003300060092027657,0.004400985292430493
2022-10-04,0.030986853129435055,-1.0300006866455078,-0.03399991989135742,-0.015033559777859362,0.02629011607153786
2022-10-05,-0.0023284529330838133,-0.5200004577636719,0.1419999599456787,0.009085127671232485,0.014231462910167192
2022-10-06,-0.010315647434990138,1.970001220703125,0.06699991226196289,0.010713986176968504,-0.03227308951326657
2022-10-07,-0.02789400314886692,0.8400001525878906,0.056999921798706055,0.004810269955919377,-0.016916402727665147
2022-10-10,-0.007635397169242442,1.0900001525878906,0.005000114440917969,0.0030141518501078934,0.019665664480311262
2022-10-11,-0.006332897187805386,1.1800003051757812,0.05099987983703613,0.000707104750629961,-0.007714553962287041
2022-10-12,-0.003298481621157645,-0.060001373291015625,-0.03699994087219238,0.0008832226907167229,0.00242950618298865
2022-10-13,0.026391283685325284,-1.6299991607666016,0.04999995231628418,-0.008471576836021621,0.012118274850705824
2022-10-14,-0.022789065523907692,0.07999992370605469,0.05800032615661621,0.008454938973671222,-0.016283441518432307
2022-10-17,0.025697038028797747,-0.6499996185302734,0.004999637603759766,-0.011208160536846479,-0.0034080622713087427
2022-10-18,0.011749837467006197,-0.8700008392333984,-0.01699995994567871,0.0008032518489398122,-0.012212995035954965
2022-10-19,-0.007086627846251359,0.26000022888183594,0.12899994850158691,0.007580541552985043,-0.011374854107162102
2022-10-20,-0.008385341114430567,-0.7800006866455078,0.0989999771118164,-0.0008851664059496001,0.025012506539515256
2022-10-21,0.024301342010873528,-0.28999900817871094,-0.013000011444091797,-0.007707256718250455,0.023914093537904524
2022-10-24,0.012236700593254879,0.15999984741210938,0.021000385284423828,-0.00017859362627814512,-0.012869421527875402
2022-10-25,0.0159684910604021,-1.3900012969970703,-0.12600040435791016,-0.009286551793602604,-0.008691376426090858
2022-10-26,-0.007534020875488379,-1.1799983978271484,-0.09299993515014648,-0.011266336497360308,0.0423769558103666
2022-10-27,-0.005339984765201811,0.10999870300292969,-0.07799983024597168,0.008113030213376948,-0.007943928940388867
2022-10-28,0.023790580584941434,-1.6399993896484375,0.07300019264221191,0.0007234092929189195,-0.02308053611321692
2022-10-31,-0.007223433321107864,0.12999916076660156,0.06699991226196289,0.0077708559192231075,-0.018804213787482205
2022-11-01,-0.004375656416952811,-0.06999969482421875,-0.02500009536743164,-0.000448268832695109,0.029484047676779035
2022-11-02,-0.025096307784670757,0.05000114440917969,0.006999969482421875,-0.0011661722183148315,-0.010501251202448936
2022-11-03,-0.010296938245312415,-0.5600013732910156,0.06500005722045898,0.014189509229511899,-0.0038591377459055165
2022-11-04,0.014393201880319895,-0.75,0.032000064849853516,-0.018152865015655717,0.08426149168335928
2022-11-07,0.00956552593992921,-0.1999988555908203,0.05800008773803711,-0.00685420748251786,-0.031263906863456814
2022-11-08,0.005395491155683052,1.1900005340576172,-0.08800029754638672,-0.004540501158092458,0.020746834693905924
2022-11-09,-0.020602049503437248,0.5499992370605469,0.02500009536743164,0.008483855882814861,0.0
2022-11-10,0.05495431985579269,-2.559999465942383,-0.32200002670288086,-0.02116692811116072,0.03161701816788365
2022-11-11,0.009678315034109541,-1.010000228881836,-0.016000032424926758,-0.017743260190275834,0.03896669806053388
2022-11-14,-0.008506626447184473,1.2099990844726562,0.05200004577636719,0.003481068241556251,-0.024020215163076286
2022-11-15,0.008528974624218977,0.8100013732910156,-0.06599998474121094,-0.0024376722979884136,-0.005181301065430466
2022-11-16,-0.007628750348996016,-0.43000030517578125,-0.10700011253356934,-0.0011278453464387272,-0.015190988175432407
2022-11-17,-0.0030599911008022396,-0.18000030517578125,0.08300018310546875,0.0038577687882814793,-0.022036138749732537
2022-11-18,0.004540598920539374,-0.8099994659423828,0.042999982833862305,0.0022494878458863,-0.010365094369058303
2022-11-21,-0.0036361543180882805,-0.7600002288818359,0.006999969482421875,0.008510203218158985,-0.01639338424460479
2022-11-22,0.01345678955165952,-1.0699996948242188,-0.06700015068054199,-0.005749213077167581,0.012500020972004311
2022-11-23,0.0063017920087129475,-0.9400005340576172,-0.051999807357788086,-0.010632338898242,0.004115145943561549
2022-11-25,-0.00022356636475118208,0.14999961853027344,-0.015000104904174805,-0.0011312475915408182,-0.00683058400655101
2022-11-28,-0.01595709116080235,1.7099990844726562,0.012000083923339844,0.006795028566668249,-0.0055020144348078
2022-11-29,-0.001717519124285527,-0.31999969482421875,0.04499983787536621,0.0013123302329203224,0.01475332812102792
2022-11-30,0.03150038107916586,-1.3099994659423828,-0.04499983787536621,-0.008144567956071436,0.036801429237582894
2022-12-01,-0.000735658724818844,-0.7399997711181641,-0.17400002479553223,-0.011514805346380275,0.0035056934608201917
2022-12-02,-0.001153648091368753,-0.7800006866455078,-0.023000001907348633,-0.0017187081008898097,0.017467232541200195
2022-12-05,-0.017989424576532742,1.6900005340576172,0.09299993515014648,0.00707793249325106,-0.018454867463823854
2022-12-06,-0.014414798837213083,1.4200000762939453,-0.08599996566772461,0.002754306325441158,0.008307766494833002
2022-12-07,-0.001701108378555083,0.5100002288818359,-0.10500001907348633,-0.004546347306393139,0.008673060172218916
2022-12-08,0.007834028813418215,-0.3899993896484375,0.08299994468688965,-0.003139884261139536,0.007308687644931977
2022-12-09,-0.007470342285563314,0.5399990081787109,0.07599997520446777,0.0003817974306481453,-0.008536097325413716
2022-12-12,0.014417314832894101,2.1700000762939453,0.04400014877319336,0.0030531409434040313,-0.0086095075132131
2022-12-13,0.0075698846679757015,-2.450000762939453,-0.1100001335144043,-0.01093877985854308,0.009118501007880031
2022-12-14,-0.006393609851887749,-1.4099998474121094,0.002000093460083008,-0.0020196836611583446,0.0025817326391261997
2022-12-15,-0.02446171966490518,1.6900005340576172,-0.05299997329711914,0.0076129993358742265,-0.021888340696681663
2022-12-16,-0.011806281591566936,-0.20999908447265625,0.032000064849853516,0.0013389383408313194,-0.00043879896797294204
2022-12-19,-0.008479516897037076,-0.20000076293945312,0.0989999771118164,0.00019106277979008546,-0.002194957985163337
2022-12-20,0.0013685370846674427,-0.9400005340576172,0.10299992561340332,-0.007161955607881798,0.012758509519037675
2022-12-21,0.014952315533536709,-1.4099998474121094,0.0,0.0018274736864041241,0.0021719911410202908
2022-12-22,-0.014266060204856434,1.8999996185302734,-0.015000104904174805,0.0025921335788567923,-0.014737761468812227
2022-12-23,0.005752208791338864,-1.0999984741210938,0.0820000171661377,-0.001149121384959706,0.014518254744917858
2022-12-27,-0.00394351255010883,0.779998779296875,0.10899996757507324,-0.0012462588098992589,-0.0017345624069846632
2022-12-28,-0.012427831232404984,0.48999977111816406,0.02700018882751465,0.0026876442549113033,0.006081641479777744
2022-12-29,0.018000186415401354,-0.6999988555908203,-0.05200004577636719,-0.005935312579130492,0.0
2022-12-30,-0.0026340867607217433,0.22999954223632812,0.04399991035461426,-0.0030816612683898237,-0.0030224393473836653
2023-01-03,-0.004209846370317738,1.2299995422363281,-0.08599996566772461,0.009659969401351276,-0.01299260437756744
2023-01-04,0.007720286246805985,-0.8899993896484375,-0.0839998722076416,-0.0025832056232114597,-0.005704302891302748
2023-01-05,-0.011413367149978204,0.4499988555908203,0.010999917984008789,0.007577946431917004,0.022947946216471893
2023-01-06,0.022932029615311933,-1.3299999237060547,-0.1510000228881836,-0.011043446801207168,0.02631581545817996
2023-01-09,-0.0005668859179304153,0.8400001525878906,-0.05200004577636719,-0.008471286837553493,0.021017233323167295
2023-01-10,0.007012948754661519,-1.3899993896484375,0.10400009155273438,0.00233007634727711,0.016467665848237
2023-01-11,0.012647836672524226,0.5100002288818359,-0.06700015068054199,-0.0004842640778552898,0.026326431934809325
2023-01-12,0.003640823509266866,-2.260000228881836,-0.10500001907348633,-0.009109433270340417,-0.0035517029220972773
2023-01-13,0.0038794321593838,-0.4799995422363281,0.06200003623962402,-0.0004890274010543871,0.011881157903387951
2023-01-17,-0.0018319069772806396,1.010000228881836,0.024000167846679688,0.0018591237483351897,0.004696706176778864
2023-01-18,-0.015787983380918136,0.9799995422363281,-0.16000008583068848,-0.000292985442676974,-0.003895612823237804
2023-01-19,-0.007279889863713085,0.18000030517578125,0.02200007438659668,-0.0029308621528815193,0.007821695945500418
2023-01-20,0.018628951725225384,-0.6700000762939453,0.08699989318847656,-0.0004898630566259055,0.00620876385603264
2023-01-23,0.011998496590239549,-0.04000091552734375,0.0410001277923584,0.001274357912907087,-0.005399127959921146
2023-01-24,-0.001073161475072415,-0.6099987030029297,-0.0559999942779541,-0.0021539183671213102,0.0019387062925788623
2023-01-25,0.00037498524622070484,-0.12000083923339844,-0.0070002079010009766,-0.0027472408195371445,0.0015479492237815418
2023-01-26,0.01099031542279394,-0.35000038146972656,0.031000137329101562,0.001967699227107156,0.003091187260443773
2023-01-27,0.002297716169955777,-0.2199993133544922,0.02499985694885254,0.0008837781865833616,-0.013097005286206609
2023-01-30,-0.012546985405081146,1.4300003051757812,0.03300023078918457,0.003433714049575265,-0.009758001241637726
2023-01-31,0.014703404303224366,-0.5400009155273438,-0.02200007438659668,-0.0017598778580765195,0.01064243364144879
2023-02-01,0.010627730513844913,-1.529998779296875,-0.13199996948242188,-0.00861897420734059,-0.007800267564419983
2023-02-02,0.01455698154674745,0.8599987030029297,-0.0010001659393310547,0.005236107220955688,-0.024371101659505734
2023-02-03,-0.010629048275135333,-0.39999961853027344,0.1360001564025879,0.011498753503148107,-0.010475432396401474
2023-02-06,-0.006111295280818552,1.1000003814697266,0.10199999809265137,0.0068014437435923725,-0.0012214486949999603
2023-02-07,0.013078532718526326,-0.7700004577636719,0.039999961853027344,-0.001833646365276831,0.008560908218277596
2023-02-08,-0.010934649772500693,0.9699993133544922,-0.020999908447265625,-0.0001933350382616883,-0.006871466364862577
2023-02-09,-0.008669279170701372,1.0799999237060547,0.029999971389770508,-0.0018373700287941386,0.0073260198376681185
2023-02-10,0.002333587533523085,-0.17999839782714844,0.06099987030029297,0.003972059948325279,-0.013333330250749675
2023-02-13,0.01173917097203847,-0.1900005340576172,-0.026999950408935547,-0.0027019085855243263,0.012284981004229145
2023-02-14,-0.0004602282184604789,-1.4300003051757812,0.04399991035461426,-0.0011610558196335496,0.007281565945616686
2023-02-15,0.003247290147818882,-0.6800003051757812,0.04800009727478027,0.0066840529843437135,-0.015261010706354328
2023-02-16,-0.013768801868919489,1.9400005340576172,0.03399991989135742,-0.0005773437225836675,0.01998367707872628
2023-02-17,-0.002498138727568211,-0.14999961853027344,-0.014999866485595703,0.0,0.0019991697962002952
2023-02-21,-0.02006094338822695,2.8500003814697266,0.1269998550415039,0.0030810677156141164,0.019553063909043322
2023-02-22,-0.0013781568733265415,-0.5799999237060547,-0.031999826431274414,0.0039354581638879615,-0.009001939299579709
2023-02-23,0.0053193887571933995,-1.1500015258789062,-0.04400014877319336,9.563186328209738e-05,-0.02646129875076164
2023-02-24,-0.010682377041181801,0.5300006866455078,0.06999993324279785,0.005831745881932138,-0.02393509783847514
2023-02-27,0.003405700613174245,-0.7199993133544922,-0.026999950408935547,-0.005132600705506918,0.01579389345594695
2023-02-28,-0.0036957837764272083,-0.25,-0.006000041961669922,0.00191081094043688,0.016366596145235945
2023-03-01,-0.0038358653937848874,-0.12000083923339844,0.07800006866455078,-0.003718884136876266,0.022141676074154626
2023-03-02,0.0077771121758765105,-0.9899997711181641,0.07899999618530273,0.005264121407848155,-0.02284363677230039
2023-03-03,0.016037755906380458,-1.1000003814697266,-0.10899996757507324,-0.004855775894105796,0.001612290059991972
2023-03-06,0.0006928205503178297,0.12000083923339844,0.01900005340576172,-0.0016264655033031428,0.0008048473825612579
2023-03-07,-0.015328635452461437,0.9799995422363281,-0.00800013542175293,0.012170620901119644,-0.025733867125064314
2023-03-08,0.0016321426072882783,-0.4799995422363281,0.0010001659393310547,0.00037872481052025897,0.012794113873202395
2023-03-09,-0.01844979332839214,3.5,-0.051000118255615234,-0.003312569481209837,-0.0024450436451716184
2023-03-10,-0.014429531486900848,2.1899986267089844,-0.23000001907348633,-0.006931874888069345,-0.003267970800735487
2023-03-13,-0.0014253078401110786,1.720001220703125,-0.17999982833862305,-0.00937084853485426,0.012295129061450583
2023-03-14,0.01653013713798912,-2.7900009155273438,0.12299990653991699,0.0,-0.008502064183592228
2023-03-15,-0.006254472441531211,2.4099998474121094,-0.14599990844726562,0.010135164741533309,-0.03225802431857849
2023-03-16,0.01754528220069651,-3.1499996185302734,0.09299993515014648,-0.0021978342434779696,-0.0046413758147879625
2023-03-17,-0.011692762177070049,2.520000457763672,-0.19000005722045898,-0.006799455055763515,0.006782528460244963
2023-03-20,0.009615770300276605,-1.3600006103515625,0.08599996566772461,-0.004146179818452667,0.017684213738692334
2023-03-21,0.013130420472231563,-2.770000457763672,0.125,-0.0001936158336827143,0.012412049487529053
2023-03-22,-0.0170464250305844,0.8800010681152344,-0.10599994659423828,-0.008812741073826569,0.007764631769071162
2023-03-23,0.0027034914293215806,0.35000038146972656,-0.09400010108947754,0.0017586742340918171,0.012165419258590493
2023-03-24,0.006562071604585329,-0.8700008392333984,-0.025999784469604492,0.005754452104843821,-0.004807649690957594
2023-03-27,0.0018695180821040047,-1.1399993896484375,0.14800000190734863,-0.0025213550165376075,0.0056360462475220086
2023-03-28,-0.002244527970715726,-0.6300010681152344,0.03599977493286133,-0.004180442374336346,-0.004403470977529134
2023-03-29,0.014534969231666972,-0.8499984741210938,0.002000093460083008,0.0020501716669627523,0.002010423617745616
2023-03-30,0.0058553358989295035,-0.10000038146972656,-0.014999866485595703,-0.004871395196543893,0.008025712773962246
2023-03-31,0.014094478266690746,-0.31999969482421875,-0.057000160217285156,0.0036225058624734796,-0.007165617004862956
2023-04-03,0.0038104826950544624,-0.15000152587890625,-0.06399989128112793,-0.004097217730828606,-0.00681636217536552
2023-04-04,-0.005548032308860695,0.4500007629394531,-0.09300017356872559,-0.004897639513524288,-0.019378261338944824
2023-04-05,-0.0026183704967412957,0.07999992370605469,-0.04999995231628418,0.002559328138626027,0.004940260492458659
2023-04-06,0.003900931366962457,-0.6800003051757812,0.0010001659393310547,-0.0002945388291242246,0.006964362038370364
2023-04-10,0.0010264365293919386,0.5699996948242188,0.1269998550415039,0.007464173428681553,-0.0077298834274757144
2023-04-11,0.0002684162000432533,0.13000106811523438,0.01900005340576172,-0.0037044733479177916,0.011890156735732571
2023-04-12,-0.004075836018585743,-0.010000228881835938,-0.013000011444091797,-0.006849285412373285,0.009319268208764608
2023-04-13,0.013282620818763524,-1.2900009155273438,0.03099989891052246,-0.004827565160290925,0.013649143101990502
2023-04-14,-0.0024426383693311182,-0.7299995422363281,0.07000017166137695,0.005346014296673918,-0.00435645981590338
2023-04-17,0.0035882508200351104,-0.11999893188476562,0.0690000057220459,0.005416005965878323,-0.00795540415459095
2023-04-18,0.0006520387444204356,-0.12000083923339844,-0.01900005340576172,-0.0034279968594691512,0.004410533305831965
2023-04-19,-0.00016894830028502117,-0.37000083923339844,0.029999971389770508,0.0021621741592445787,-0.006387219652102538
2023-04-20,-0.005457007905982247,0.7100009918212891,-0.056999921798706055,-0.001274932639562465,-0.011249449022217806
2023-04-21,0.0007769577115004367,-0.39999961853027344,0.02499985694885254,-0.00019635353285030188,-0.007314112178447685
2023-04-24,0.0010432384342458079,0.11999893188476562,-0.05499982833862305,-0.004616001002865966,-0.003274659136582425
2023-04-25,-0.015873754610026047,1.8700008392333984,-0.11900019645690918,0.0050320882477437046,-0.02833677713544125
2023-04-26,-0.0042358436305048874,0.07999992370605469,0.03600001335144043,-0.003828778591316917,-0.0021132391117076876
2023-04-27,0.01990807568635411,-1.8099994659423828,0.09600019454956055,0.00029564185410446697,0.0093180562332571
2023-04-28,0.008535243352076005,-1.2500009536743164,-0.07600021362304688,0.0016748588073429715,0.0008392974329713976
2023-05-01,-0.0010098035026345764,0.3000001907348633,0.12199997901916504,0.0047211897863514984,0.011320773729355915
2023-05-02,-0.011239125891845836,1.7000007629394531,-0.13499999046325684,-0.0018600336619487567,-0.016998413785037525
2023-05-03,-0.006864054041337053,0.5599994659423828,-0.03599977493286133,-0.006080842998717251,-0.005482883415703688
2023-05-04,-0.007082850430013554,1.75,-0.05200004577636719,0.0005921175267089573,0.0029686045398946703
2023-05-05,0.01851252641347667,-2.8999996185302734,0.09500002861022949,-0.0018737913071703582,0.010993667360489567
2023-05-08,0.0002665287302792141,-0.21000099182128906,0.07499980926513672,0.001580907652966479,0.007528243677310753
2023-05-09,-0.004385266883704997,0.7299995422363281,0.0,0.0026634767263584713,-0.0024906378398646956
2023-05-10,0.004672368243401337,-0.7699985504150391,-0.0820000171661377,-0.00157414436910297,-0.016645922365753574
2023-05-11,-0.001744182061555688,-0.010000228881835938,-0.04199981689453125,0.00571535457700123,-0.03724076140585242
2023-05-12,-0.0013100364250453467,0.10000038146972656,0.06599998474121094,0.006074884983473305,0.006593389825506835
2023-05-15,0.003449912995140858,0.09000015258789062,0.04499983787536621,-0.002434748726694358,0.0043668289578835395
2023-05-16,-0.006682569261043714,0.8699989318847656,0.0410001277923584,0.0012691326079337095,-0.021739130434782594
2023-05-17,0.012138780827068985,-1.1199989318847656,0.032000064849853516,0.0031201219036827155,0.02488886515299482
2023-05-18,0.00963334940308136,-0.8200016021728516,0.06699991226196289,0.006804088222440718,-0.01300950754589636
2023-05-19,-0.001455078269423038,0.7600002288818359,0.04399991035461426,-0.0036687089794834593,0.007469247565218273
2023-05-22,0.0004059588531650782,0.39999961853027344,0.02700018882751465,0.0,-0.01221110697422445
2023-05-23,-0.011222541897388472,1.3200016021728516,-0.021000146865844727,0.002810086473866713,-0.01103752777971223
2023-05-24,-0.007245073742978669,1.5,0.021000146865844727,0.003865122563877721,-0.020535673763678597
2023-05-25,0.008660024246830433,-0.8900012969970703,0.09499979019165039,0.0030801780412379465,0.010027315770251954
2023-05-26,0.012950662481563624,-1.1899986267089844,-0.003999948501586914,0.0,0.020306893774279633
2023-05-30,0.00038098796621532927,-0.4900016784667969,-0.1099998950958252,-0.000383849111205925,-0.0022114614356216755
2023-05-31,-0.0055451115302845855,0.48000144958496094,-0.06299996376037598,0.0014399685947543706,0.002659635403874816
2023-06-01,0.00950096190552796,-2.2900009155273438,-0.029000043869018555,-0.007285296572601241,0.009725875561105823
2023-06-02,0.014460986902395279,-1.0499992370605469,0.08299994468688965,0.004441860711829282,0.0061295704340254
2023-06-05,-0.0019160612414423905,0.12999916076660156,0.002000093460083008,-0.0001922384513721731,0.007397740630129324
2023-06-06,0.002177312829113154,-0.7699995040893555,0.00599980354309082,0.0012499735905573406,0.0008639506735739211
2023-06-07,-0.0034577992500548493,-0.020000457763671875,0.08500003814697266,-0.000288089696419247,-0.0017264098142265594
2023-06-08,0.006048627846183763,-0.28999996185302734,-0.06999993324279785,-0.007300693058313601,0.007349765778733808
2023-06-09,0.0017943356990339776,0.18000030517578125,0.03099989891052246,0.0021289067979428644,-0.0008583069128701437
2023-06-12,0.009071871555161648,1.1800003051757812,0.020000219345092773,0.0006759337241641905,-0.006443364323651113
2023-06-13,0.006592886129865416,-0.40000057220458984,0.07399988174438477,-0.0027984263554323707,0.018590588879274783
2023-06-14,0.0011908620144434057,-0.7299995422363281,-0.042999982833862305,-0.003193286368824433,0.005517872286167069
2023-06-15,0.012397651683216271,0.619999885559082,-0.06800007820129395,-0.00863993176576594,0.01181928125726861
2023-06-16,-0.003406181627724658,-0.9600000381469727,0.0410001277923584,0.0017626351384112393,-0.0041718179802107125
2023-06-20,-0.005188148595161146,0.3400001525878906,-0.039999961853027344,0.0023460201037150963,0.0033514839083945702
2023-06-21,-0.005123691950710607,-0.6800003051757812,-0.006000041961669922,-0.004583589004356625,0.0008350125168254952
2023-06-22,0.0036096366125319967,-0.28999996185302734,0.07599997520446777,0.0031351003799449106,0.0012515931374599276
2023-06-23,-0.007559998055156614,0.5299997329711914,-0.059999942779541016,0.004980976064758336,-0.019166628519693973
2023-06-26,-0.004085741489031847,0.8100004196166992,-0.019999980926513672,-0.00204080739901491,-0.006797015655815142
2023-06-27,0.010963307794132016,-0.5100002288818359,0.048999786376953125,-0.001947653840507435,-0.00042764422121888135
2023-06-28,0.000504455674098736,-0.3099994659423828,-0.05799984931945801,0.004098017436765966,-0.018827578872780637
2023-06-29,0.0039413503376790615,0.1099996566772461,0.14400005340576172,0.0041783369981509555,-0.007849991399047296
2023-06-30,0.011800551533056591,0.05000019073486328,-0.03500008583068848,-0.0041609511420467316,0.019780253316019847
2023-07-03,0.0011507281680360748,-0.020000457763671875,0.03900003433227539,0.0007773219202558135,0.006034456251918563
2023-07-05,-0.0014872392290253833,0.6100006103515625,0.08699989318847656,0.0036897260966559653,-0.007283636468832455
2023-07-06,-0.00783093019773018,1.2599992752075195,0.09599995613098145,-0.0019348415625666249,-0.002589532401589101
2023-07-07,-0.0025245203922801274,-0.6099996566772461,0.009000301361083984,-0.008723481068644734,0.008654212475496026
2023-07-10,0.002530909725493302,0.23999977111816406,-0.04400014877319336,-0.002933366893618894,0.004290020753360935
2023-07-11,0.006368687906481929,-0.22999954223632812,-0.026000022888183594,-0.0023536124438213735,-0.006407501901237844
2023-07-12,0.008045826913238185,-1.3000001907348633,-0.11899995803833008,-0.011894295428475643,0.02192606293479593
2023-07-13,0.007937077799427428,0.06999969482421875,-0.10000014305114746,-0.00746120200006728,0.02482120913864705
2023-07-14,-0.000622956551370013,-0.26999950408935547,0.05800008773803711,0.001403297822529348,-0.006568138070740304
2023-07-17,0.0034723573590087486,0.1399993896484375,-0.02200007438659668,-0.0007007038499919904,-0.02024800260408255
2023-07-18,0.007430576229224384,-0.17999935150146484,-0.007999897003173828,0.0010016637338123857,-0.0025305553884086285
2023-07-19,0.00222357618451019,0.46000003814697266,-0.04699993133544922,0.00340200449854855,-0.004228346007726036
2023-07-20,-0.006634425526543253,0.22999954223632812,0.1119999885559082,0.0059832317653056855,0.004246300836917349
2023-07-21,0.0,-0.3899993896484375,-0.017000198364257812,0.0018834501048701213,-0.003805503342054206
2023-07-24,0.004467341505875799,0.3099994659423828,0.020000219345092773,0.002770345108759509,0.008488996921607317
2023-07-25,0.0027301361601883567,-0.05000019073486328,0.05499982833862305,0.0,0.021464655890949702
2023-07-26,0.00015364150894203732,-0.6700000762939453,-0.06099987030029297,-0.004538718218038418,-0.004120328783831506
2023-07-27,-0.006629840094120709,1.2200002670288086,0.16100001335144043,0.008722343728235327,-0.01696317112610335
2023-07-28,0.009790263543038025,-1.0799999237060547,-0.042999982833862305,-0.0014738518368084819,0.023989885914703857
2023-07-31,0.0019038643482440776,0.3000001907348633,-0.009999990463256836,0.0023617187294122655,0.020139735826333993
2023-08-01,-0.002861648669727046,0.3000001907348633,0.09200000762939453,0.004319678370015012,-0.024979812228364207
2023-08-02,-0.013910596703656686,2.1599998474121094,0.026999950408935547,0.0028347338952285916,-0.018181839677106182
2023-08-03,-0.002865940487663643,-0.1700000762939453,0.11100006103515625,-0.00048733233402808995,0.01430977059396632
2023-08-04,-0.004522745349619384,1.1800003051757812,-0.12900018692016602,-0.005071233351063853,-0.008713733962541936
2023-08-07,0.00872842088009329,-1.3299999237060547,0.018000125885009766,0.00029412281590635025,-0.004185788056755957
2023-08-08,-0.004348516077322562,0.2199993133544922,-0.05200004577636719,0.004703534671092635,-0.017234205085429055
2023-08-09,-0.006685241094615879,-0.029999732971191406,-0.01399993896484375,-0.00039013865213677335,0.002994080611017358
2023-08-10,0.0003588757141628207,-0.1099996566772461,0.06799983978271484,0.00029269957968725,-0.007675918947527505
2023-08-11,-0.0005830881422120848,-1.010000228881836,0.08800029754638672,0.0031213393025979475,-0.00816504212806024
2023-08-14,0.005520178815666021,-0.020000457763671875,0.015999794006347656,0.003403404472765992,0.0
2023-08-15,-0.01164904253268384,1.6399993896484375,0.037000179290771484,0.0001937846941884036,-0.016031232255480088
2023-08-16,-0.007338158445373,0.32000160217285156,0.03699970245361328,0.002034677708898869,-0.002641984516124407
2023-08-17,-0.007619873679635569,1.1099987030029297,0.05000019073486328,0.00019342750739803627,0.008830055907631085
2023-08-18,0.00048130106517896287,-0.5900001525878906,-0.057000160217285156,-0.0005800965445865724,0.005689241076425766
2023-08-21,0.006506303868592855,-0.1700000762939453,0.09100008010864258,-0.00048360827714788446,0.005221968739069993
2023-08-22,-0.002708486789015918,-0.15999984741210938,-0.01399993896484375,0.0022258368669643147,0.00909086930756553
2023-08-23,0.011137665855998735,-0.9899997711181641,-0.13000011444091797,-0.0019312181629690395,0.009867072280332234
2023-08-24,-0.01385900056035183,1.220001220703125,0.037000179290771484,0.005998478549930741,-0.011469857572757203
2023-08-25,0.00704965267251878,-1.5200004577636719,0.0039997100830078125,0.0009617087025648452,-0.0012892430621116446
2023-08-28,0.0063414483828365675,-0.6000003814697266,-0.026999950408935547,-0.0001922009234147648,0.006884675085537584
2023-08-29,0.014454759398322858,-0.630000114440918,-0.08999967575073242,-0.004900965969644289,0.01068376085792866
2023-08-30,0.004118729368357776,-0.5699996948242188,-0.004000186920166016,-0.003766290469866096,0.0
2023-08-31,-0.0014632203039603997,-0.3100004196166992,-0.02500009536743164,0.004459083638454819,-0.0046511080244056036
2023-09-01,0.0018650284896026825,-0.4799995422363281,0.07999992370605469,0.005983353606965114,0.007221672146715097
2023-09-05,-0.004321914569048402,0.9200000762939453,0.0950002670288086,0.005468147606537244,-0.0037957928601607405
2023-09-06,-0.0067224434079588,0.4399995803833008,0.021999835968017578,0.00047708284440961535,-0.011854389360580364
2023-09-07,-0.0030700185141012692,-0.05000019073486328,-0.029999732971191406,0.0019072758638001286,-0.005569882916252711
2023-09-08,0.0015059835591513249,-0.5599994659423828,-0.0020003318786621094,0.0002855395011802653,-0.014648783224929796
2023-09-11,0.006576717504251706,-0.039999961853027344,0.03000020980834961,-0.00494810791880218,0.024486202247168576
2023-09-12,-0.005485711234211932,0.42999935150146484,-0.024000167846679688,0.0013388102711773264,-0.0025607966351212097
2023-09-13,0.0011660380842797302,-0.75,-0.014999866485595703,0.0005729878628435436,-0.0008558175885939878
2023-09-14,0.008622406366416202,-0.6599998474121094,0.03900003433227539,0.006108686069957292,0.007708792386942553
2023-09-15,-0.012048316496516498,0.9700002670288086,0.03399991989135742,-0.0008538465435753428,-0.003824910750596433
2023-09-18,0.0005863606921334696,0.21000003814697266,-0.0030002593994140625,-0.001139410813993047,-0.00469285869647218
2023-09-19,-0.0020738287592079185,0.1099996566772461,0.046000003814697266,0.0,-0.008572685966287796
2023-09-20,-0.009193263597168877,1.0300006866455078,-0.015999794006347656,-0.0003801643278800171,-0.0038909748596928084
2023-09-21,-0.01652857532277363,2.40000057220459,0.13100004196166992,0.0019018347401813518,-0.009114626018949745
2023-09-22,-0.002248355514566147,-0.3400001525878906,-0.04199981689453125,0.0020880905412743456,0.0004380301758764027
2023-09-25,0.004205282806772015,-0.3000011444091797,0.10399961471557617,0.003978008729507154,-0.0048161387748107964
2023-09-26,-0.014691396685383551,2.0400009155273438,0.01600027084350586,0.0021698429899394966,-0.008358936671157169
2023-09-27,0.00039920313539743013,-0.720001220703125,0.06799983978271484,0.004141907164714409,-0.0017746634384467885
2023-09-28,0.00579739716138028,-0.8799991607666016,-0.028999805450439453,-0.004218589631261427,0.01822221544053826
2023-09-29,-0.002427090600554127,0.18000030517578125,-0.024000167846679688,-0.00047074986992245993,0.004801423443221431
2023-10-02,-0.00039756134805790655,0.09000015258789062,0.1100001335144043,0.006875797019153751,-0.021285828035372933
2023-10-03,-0.013386170531824226,2.1700000762939453,0.11899995803833008,0.0009354394077991657,-0.005770131564722281
2023-10-04,0.007282062424673219,-1.2000007629394531,-0.06699991226196289,-0.0018691303574036588,-0.009374959287898554
2023-10-05,-0.0003769355577709632,-0.09000015258789062,-0.018000125885009766,-0.004400760367725409,-0.00585854281146625
2023-10-06,0.011873151094235368,-1.039999008178711,0.06699991226196289,-0.002727366787674046,0.017679116339017975
2023-10-09,0.006402049878786675,0.25,0.013000011444091797,0.0003772247753865976,0.009799523647129105
2023-10-10,0.005204912439602749,-0.6700000762939453,-0.1419997215270996,-0.002356711874856088,-0.010145546601777022
2023-10-11,0.004096256432771783,-0.9400005340576172,-0.06000041961669922,-9.451134893145863e-05,-0.00445634487922375
2023-10-12,-0.006096457270250988,0.6000003814697266,0.11700010299682617,0.007087507107946811,-0.0049239305998312055
2023-10-13,-0.004980802278352403,2.6299991607666016,-0.08299970626831055,0.0007506974878839223,-0.004048589943373093
2023-10-16,0.0105214214478635,-2.1100006103515625,0.08299970626831055,-0.0038443849624314463,0.0022584076688165755
2023-10-17,-4.596869727169217e-05,0.6700000762939453,0.13500022888183594,9.414661550821712e-05,0.00045066375129132474
2023-10-18,-0.01332501949415743,1.3400001525878906,0.05699968338012695,0.0030117618336396035,0.0009008355733222118
2023-10-19,-0.008786450533283419,2.1800003051757812,0.0840001106262207,-0.003002718361082679,0.004950522671053781
2023-10-20,-0.01228812561892556,0.3099994659423828,-0.06400012969970703,-0.0008470243566176539,-0.011195700889125138
2023-10-23,-0.0017332296708054695,-1.3399982452392578,-0.08599996566772461,-0.005840266816073192,0.009510914517523394
2023-10-24,0.007539542848211234,-1.4000015258789062,0.0020003318786621094,0.006916768250962324,0.013458915421199702
2023-10-25,-0.014352190986408275,1.220001220703125,0.11299991607666016,0.0024466184665814517,-0.0119522114183227
2023-10-26,-0.011974765013323285,0.48999977111816406,-0.10800027847290039,0.0006570890418315933,0.0022401946726180455
2023-10-27,-0.004532585663412969,0.5900001525878906,0.0,-0.0003752431153838387,0.012963745967773832
2023-10-30,0.011955718615566102,-1.5200004577636719,0.03000020980834961,-0.004129080537654706,0.004413079529704822
2023-10-31,0.006280319349446284,-1.6100006103515625,0.0,0.0050885874627886185,-0.0026361803751763224
2023-11-01,0.01066469251754354,-1.269998550415039,-0.08599996566772461,0.0020625687582527252,0.004405218976219372
2023-11-02,0.019164265161966787,-1.210000991821289,-0.11999988555908203,-0.0071107272302221025,0.00657901451308307
2023-11-03,0.009123600847574131,-0.75,-0.11100006103515625,-0.010365681069029686,-0.00435731495186753
2023-11-06,0.002300271854270841,-0.01999950408935547,0.10400009155273438,0.0019044428111769651,0.012691422465528346
2023-11-07,0.0028461909293122645,-0.07999992370605469,-0.09100008010864258,0.003041243975591801,-0.008210831102873017
2023-11-08,0.0007323393832787684,-0.3600006103515625,-0.048000335693359375,0.0004737106493233334,-0.013071944855602147
2023-11-09,-0.0077988287679539026,0.8400001525878906,0.10700035095214844,0.0030306594878053428,-0.0008830224326942249
2023-11-10,0.015604788981413709,-1.119999885559082,-0.0020003318786621094,-0.00047212775024862985,-0.007953972801696296
2023-11-13,-0.0009531094371517668,0.5900001525878906,0.004000186920166016,-0.0018892588993867365,0.01692646538319509
2023-11-14,0.019400699264744636,-0.6000003814697266,-0.19099998474121094,-0.01466972362327923,0.004818248388925417
2023-11-15,0.0021169453689655615,0.020000457763671875,0.09399986267089844,0.0026894513270134812,0.008282415967118428
2023-11-16,0.001223232574235844,0.1399993896484375,-0.08999967575073242,-0.00019155707618856432,-0.005620370319213364
2023-11-17,0.0012438928869544785,-0.5199995040893555,-0.004000186920166016,-0.005269742620331863,0.012608735457710685
2023-11-20,0.0076975551059770275,-0.3900003433227539,-0.01900005340576172,-0.0033712047307831172,0.01717473605866604
2023-11-21,-0.002179493691767731,-0.05999946594238281,-0.0039997100830078125,0.0011597092468527137,0.001688434245546322
2023-11-22,0.00386090356884794,-0.5,-0.0020003318786621094,0.0031856534677179305,-0.007585348025624827
2023-11-24,0.0006152604714813048,-0.3900003433227539,0.0560002326965332,-0.005003816899813995,0.007643325308160254
2023-11-27,-0.0018008303162347916,0.22999954223632812,-0.08300018310546875,-0.0019342802193930142,-0.00842810195739141
2023-11-28,0.0009900036303838178,0.0,-0.05299997329711914,-0.0043604356739261885,0.01147465119150115
2023-11-29,-0.0007033633563164887,0.28999996185302734,-0.06500005722045898,0.0001946145310598446,-0.004201616694398003
2023-11-30,0.003937496649781158,-0.05999946594238281,0.08100032806396484,0.00710327314176129,0.004219344763797039
2023-12-01,0.005915794115564088,-0.28999996185302734,-0.12600040435791016,-0.002222254656363276,0.01848741799001674
2023-12-04,-0.005249346358470519,0.4499998092651367,0.062000274658203125,0.003582867808748613,-0.022689737716741543
2023-12-05,-0.00019712552008965822,-0.22999954223632812,-0.11700010299682617,0.00395603690200641,-0.012241490459673932
2023-12-06,-0.004029702690346748,0.11999988555908203,-0.05000019073486328,0.0009610617125244136,-0.01367520085644891
2023-12-07,0.007630356698994367,0.09000015258789062,0.008000373840332031,-0.005856942884441496,0.016464435096305907
2023-12-08,0.004299178754217703,-0.7100000381469727,0.11599969863891602,0.0045393202293533275,0.011508971368305643
2023-12-11,0.003889530902242866,0.2799997329711914,-0.006000041961669922,0.0008652661863495226,-0.0130636102790741
2023-12-12,0.004567212463758574,-0.5600004196166992,-0.03299999237060547,-0.002209373015468752,0.0004269952540247868
2023-12-13,0.013790132375123054,0.11999988555908203,-0.17299985885620117,-0.009627418634422846,0.011523706967431213
2023-12-14,0.003209231207480734,0.28999996185302734,-0.10299992561340332,-0.008846151820868009,0.011392343532631521
2023-12-15,-0.0016463952977791019,-0.19999980926513672,-0.002000093460083008,0.005786621935886194,-0.0008343158526455952
2023-12-18,0.005625222098039062,0.2800006866455078,0.026000022888183594,-0.00039006254838580556,-0.004592927217011988
2023-12-19,0.0060806792573080415,-0.030000686645507812,-0.032000064849853516,-0.0033167882177322916,0.014261751275659318
2023-12-20,-0.013857132046325216,1.140000343322754,-0.04499983787536621,0.0023490799399565887,-0.009098478822435419
2023-12-21,0.009481811623014202,-0.020000457763671875,0.01699995994567871,-0.005565934028275432,0.012103544516213205
2023-12-22,0.002009796586158963,-0.619999885559082,0.006999969482421875,-0.001374699476460517,-0.006597931852045713
2023-12-26,0.004222601131058212,-0.039999961853027344,-0.015000104904174805,-0.0022615116464174134,0.004151115850407505
2023-12-27,0.0018079686645202653,-0.5599994659423828,-0.0969998836517334,-0.004730495231684895,0.014055400788817618
2023-12-28,0.00037771224607752174,0.039999961853027344,0.06099987030029297,0.00237652736152949,-0.013045315663079649
2023-12-29,-0.002894986310545078,-0.020000457763671875,0.016000032424926758,0.0009878343455991256,-0.0028913547076138135
2024-01-02,-0.0055963177142208664,0.75,0.08000016212463379,0.008585760401327303,-0.00787069724576972
2024-01-03,-0.00816674714951049,0.8400001525878906,-0.03900003433227539,0.0025440522895723294,0.00041746643902729197
2024-01-04,-0.003221008459321828,0.09000015258789062,0.0839998722076416,-0.0003904051911455264,-0.0025041514288395295
2024-01-05,0.0013697359206465975,-0.7799997329711914,0.05099987983703613,-9.758354827782423e-05,-0.010460251212981997
2024-01-08,0.014275782111674573,-0.2700004577636719,-0.039999961853027344,-0.0019529789130426911,0.004228346007725481
2024-01-09,-0.0015169956372050875,-0.31999969482421875,0.017000198364257812,0.003522166261385351,-0.017263151469983584
2024-01-10,0.005655332229622001,-0.07000064849853516,0.01100015640258789,-0.0020473733557323515,0.008997390021412421
2024-01-11,-0.00044060709971827094,-0.25,-0.05300021171569824,-0.0006838578976828824,-0.001273833557058679
2024-01-12,0.0006927820714308641,0.26000022888183594,-0.026999950408935547,0.0010753798940954518,-0.01147961107605111
2024-01-16,-0.003671240950010146,1.140000343322754,0.11599993705749512,0.00937499091960503,0.006451596495925971
2024-01-17,-0.005558761253140365,0.9499998092651367,0.039999961853027344,0.0008707075982894441,-0.005982879997039725
2024-01-18,0.008892944647898027,-0.6599998474121094,0.03800010681152344,0.0008700238756911283,0.006448822745238614
2024-01-19,0.012466214778504625,-0.8299999237060547,0.0019998550415039062,-0.0024145257657856023,0.00854339018552186
2024-01-22,0.0021143215520429415,-0.1100006103515625,-0.05200004577636719,0.0003872680334280343,-0.012706528447849474
2024-01-23,0.0029163482692218246,-0.6399993896484375,0.048000335693359375,0.00280655095701543,0.01673107275557384
2024-01-24,0.0010931332119532566,0.5900001525878906,0.03599977493286133,-0.003667292730553773,0.01687762049171604
2024-01-25,0.0054389070526188465,0.3099994659423828,-0.046000003814697266,0.0031964532921644473,-0.0016597889997587156
2024-01-26,-0.0012702054495150605,-0.18999958038330078,0.0279998779296875,-0.0009655158290600152,-0.0016624692047616518
2024-01-29,0.007919178289388595,0.3400001525878906,-0.0689997673034668,0.001353043278213617,0.004995792239711694
2024-01-30,-0.0007733641731895169,-0.28999996185302734,-0.032000064849853516,-0.0020268225387084504,0.009527815053863797
2024-01-31,-0.01631726054723548,1.0399999618530273,-0.09200000762939453,-0.001257300588916932,-0.007386142756548364
2024-02-01,0.013088048421898923,-0.4700002670288086,-0.10400009155273438,-0.002130275960683492,-0.009921445465876033
2024-02-02,0.010527489462228035,-0.029999732971191406,0.1700000762939453,0.008442456006047205,-0.006680577967233092
2024-02-05,-0.003641195700595956,-0.18000030517578125,0.13100004196166992,0.005100065325590597,-0.012190033811140588
2024-02-06,0.0029032537875666176,-0.6099996566772461,-0.07399988174438477,-0.002584936821014905,0.0034042520725978687
2024-02-07,0.00834030485462911,-0.23000049591064453,0.019999980926513672,-0.0013438221274556517,-0.012298516077905441
2024-02-08,0.0004416874150769967,-0.039999961853027344,0.059999942779541016,0.0010572915165665275,-0.008158030338716982
2024-02-09,0.005779525577980893,0.1400003433227539,0.01699972152709961,-0.0006721045972027939,-0.006493489872433034
2024-02-12,-0.00043889273328623357,1.0,-0.014999866485595703,0.0008646842458430726,0.009586026407012449
2024-02-13,-0.013773113248840119,1.9200000762939453,0.14400005340576172,0.0075837662418511975,-0.004315942215815549
2024-02-14,0.009087603235319097,-1.4700002670288086,-0.048999786376953125,-0.00228656503299296,-0.0017338105204953713
2024-02-15,0.006899793709901791,-0.36999988555908203,-0.02700042724609375,-0.0040106776551706025,0.015197501679800052
2024-02-16,-0.004980098830441038,0.22999954223632812,0.05500030517578125,-0.00019179551175096954,0.01967497897062387
2024-02-20,-0.005505319085328586,1.1800003051757812,-0.019999980926513672,-0.001917884067734521,0.008389293693764621
2024-02-21,0.0009058827445727058,-0.07999992370605469,0.04999971389770508,-0.0006725566256027271,0.004159670146123284
2024-02-22,0.02069548839377333,-0.8000001907348633,0.0020003318786621094,-0.00048075233853295263,0.007042256859659979
2024-02-23,0.0006895960021768843,-0.7899999618530273,-0.06699991226196289,-0.0001923493963303935,-0.007404373061708935
2024-02-26,-0.0036623934615982456,-0.010000228881835938,0.03899955749511719,-0.0010583087143333225,-0.012847056640035714
2024-02-27,0.0018576859355734499,-0.3099994659423828,0.01600027084350586,0.0,0.006717038180603874
2024-02-28,-0.0013217647956973444,0.4099998474121094,-0.0409998893737793,0.0014446838412174312,-0.004587101964250939
2024-02-29,0.0035950303728897737,-0.4400005340576172,-0.02200031280517578,0.0017311050140851325,0.0008378110478393097
2024-03-01,0.009388206951783884,-0.28999996185302734,-0.07200002670288086,-0.0028802135292833597,0.005023057442412382
2024-03-04,-0.001072337708464599,0.38000011444091797,0.03900003433227539,-0.0002888386204562554,0.00041650265666404174
2024-03-05,-0.009994191635525618,0.9700002670288086,-0.0819997787475586,-0.0002889220723090169,-0.003746883883126717
2024-03-06,0.005067253552665463,0.039999961853027344,-0.03299999237060547,-0.004142584706489538,0.005850371410908828
2024-03-07,0.009926452199480407,-0.06000041961669922,-0.012000083923339844,-0.005320722038734793,0.01578733165488755
2024-03-08,-0.0060022091803608735,0.3000001907348633,-0.0029997825622558594,-0.0007780765540958967,-0.008179990049023145
2024-03-11,-0.0008597398933564149,0.48000049591064453,0.014999866485595703,0.001265377511345589,0.00989689777806868
2024-03-12,0.010757225809569615,-1.380000114440918,0.051000118255615234,0.0008748550159207724,0.0008166785606613658
2024-03-13,-0.0015674079404099928,-0.09000015258789062,0.03699970245361328,-0.00165110888167197,0.030599754916208477
2024-03-14,-0.00197676094895749,0.6499996185302734,0.10599994659423828,0.005545283488154196,-0.0019794593806856664
2024-03-15,-0.006866645595945631,0.010000228881835938,0.006000041961669922,0.0006772416254920977,0.0198334001649354
2024-03-18,0.00594303228842441,-0.07999992370605469,0.03600025177001953,0.0014502709604207187,0.001944813154014513
2024-03-19,0.00555721163371059,-0.5100002288818359,-0.043000221252441406,0.0022204646019816643,-0.0170807659219
2024-03-20,0.009249281369075435,-0.7799997329711914,-0.024000167846679688,-0.003853134629529298,0.008293878133980304
2024-03-21,0.003304671689740246,-0.11999988555908203,-0.0019998550415039062,0.005705408732199935,-0.005092090271005323
2024-03-22,-0.0018957534270992449,0.1400003433227539,-0.05299997329711914,0.0041346183189978625,-0.01653543632290244
2024-03-25,-0.002762833583578095,0.12999916076660156,0.034999847412109375,-0.0019151292507683104,0.00600478868210752
2024-03-26,-0.0018470924829973034,0.05000019073486328,-0.018999576568603516,0.0005756265629992541,-0.00437718689520139
2024-03-27,0.008403986755918913,-0.46000003814697266,-0.03800010681152344,0.0005752954076809758,0.001198991956355755
2024-03-28,-0.0001910389836942139,0.23000049591064453,0.009999752044677734,0.0019166706330744354,0.002794475221751247
2024-04-01,-0.0017398714263895387,0.6399993896484375,0.1230001449584961,0.0044953952901936045,0.010748349577813343
2024-04-02,-0.006358075809655306,0.9600000381469727,0.03599977493286133,-0.0019043701641119348,0.005514033098171112
2024-04-03,0.0010984748747053796,-0.2799997329711914,-0.009999752044677734,-0.005437890636173726,0.03211906277985932
2024-04-04,-0.012206090452421381,2.020000457763672,-0.046000003814697266,-0.0012469760519708828,-0.0034155655136604013
2024-04-05,0.010446735059327139,-0.31999969482421875,0.0689997673034668,0.0017287773763690062,0.010662630777038107
2024-04-08,0.0005593746948997502,-0.840001106262207,0.046000003814697266,-0.0015340714997867932,0.012810784985329171
2024-04-09,0.0011568528623573382,-0.21000003814697266,-0.057999610900878906,9.604509591976118e-05,0.0
2024-04-10,-0.010013044592106835,0.8200006484985352,0.1939997673034668,0.010561675064860943,-0.005208310789413195
2024-04-11,0.007546740560081977,-0.8900003433227539,0.01600027084350586,0.00028502403132413257,-0.0026177896568205794
2024-04-12,-0.013802968858963038,2.3999996185302734,-0.07700014114379883,0.007218865359446713,0.0014997753304943906
2024-04-15,-0.01252810535274873,1.9200000762939453,0.1289997100830078,0.0016031513341907555,0.023961112651970096
2024-04-16,-0.0018237875199006437,-0.8299999237060547,0.031000137329101562,0.00047079420194751087,-0.016087770673514412
2024-04-17,-0.005918299642667546,-0.1900005340576172,-0.07399988174438477,-0.0029174212474684103,0.010405079458684297
2024-04-18,-0.002057705799538345,-0.20999908447265625,0.06199979782104492,0.0018877261292835623,0.021699159286476144
2024-04-19,-0.008728397426554513,0.7099990844726562,-0.032000064849853516,0.0,0.011519067203553002
2024-04-22,0.00920919755139571,-1.769998550415039,0.008000373840332031,-0.0006594412983325082,0.00035588002655062567
2024-04-23,0.011866511405072888,-1.2500009536743164,-0.02500009536743164,-0.003676464771084409,-0.01565281125947693
2024-04-24,-0.00047446648242943645,0.2800006866455078,0.053999900817871094,0.0016084602613153365,0.00939646650397341
2024-04-25,-0.0037990219180447093,-0.6000003814697266,0.053999900817871094,-0.0024560942256884877,0.01575368883816597
2024-04-26,0.009473954297642972,-0.3400001525878906,-0.03699970245361328,0.0032197345852091885,0.006344673687080915
2024-04-29,0.0035414887818734364,-0.3599996566772461,-0.05500030517578125,-0.0033981555791512408,0.0189142182121802
2024-04-30,-0.015841226193612834,0.9799995422363281,0.07200002670288086,0.006061748234031494,-0.02681336138034074
2024-05-01,-0.003247275019863549,-0.25999927520751953,-0.09100008010864258,-0.004330625863173121,0.0024726137811634796
2024-05-02,0.009353450838071709,-0.7100000381469727,-0.023999691009521484,-0.004349461754739048,-0.013389681888783311
2024-05-03,0.012395395370112805,-1.1900005340576172,-0.0710000991821289,-0.002564143063967683,0.013214315686907119
2024-05-06,0.010326734245154512,0.0,-0.01100015640258789,0.0001904624649475828,0.011632002606418279
2024-05-07,0.0011035448306213613,-0.26000022888183594,-0.026000022888183594,0.0034269452631447983,-0.0031358937350312033
2024-05-08,9.648176106846762e-05,-0.22999954223632812,0.029000282287597656,0.0013281413982035861,-0.009437275498203834
2024-05-09,0.005761986944707642,-0.3100004196166992,-0.043000221252441406,-0.003031735533605806,0.00811572127727489
2024-05-10,0.0012881687006938147,-0.1399993896484375,0.05500030517578125,0.0007601843495985694,0.008400412099466736
2024-05-13,0.00013430746360176826,1.0500001907348633,-0.023000240325927734,-0.0008545849394835381,0.02464425563980366
2024-05-14,0.0045881619417385,-0.18000030517578125,-0.03599977493286133,-0.001995809561265549,0.005420048947527345
2024-05-15,0.012382886680278649,-0.9700002670288086,-0.08900022506713867,-0.006285150449317656,0.014487880753181415
2024-05-16,-0.0020572847556359353,-0.029999732971191406,0.020999908447265625,0.0010541505698138387,-0.0033211683640863576
2024-05-17,0.0014371875418295321,-0.43000030517578125,0.043000221252441406,-9.575087419233519e-05,0.03932023646038285
2024-05-20,0.0011522910085903781,0.15999984741210938,0.01699972152709961,0.001148901389068424,0.004488598501162677
2024-05-21,0.0024524666807941298,-0.28999996185302734,-0.02299976348876953,0.0008607054370071143,0.0015958901111492452
2024-05-22,-0.002879160771879774,0.43000030517578125,0.019999980926513672,0.0026753178817080503,-0.057998717128702304
2024-05-23,-0.007304397781730754,0.48000049591064453,0.0409998893737793,0.001619955831811959,-0.010148824170520987
2024-05-24,0.006616752715477459,-0.8400001525878906,-0.007999897003173828,-0.003710392801672513,-0.0010253139579916581
2024-05-28,0.0006985145909634838,0.9899997711181641,0.07499980926513672,-0.0010504259842371022,0.022921658802143474
2024-05-29,-0.007002393996021206,1.359999656677246,0.0820002555847168,0.004684044172742707,-0.018394623547744016
2024-05-30,-0.006633578007360086,0.1900005340576172,-0.07000017166137695,-0.003615578105945816,-0.025894385656010654
2024-05-31,0.00910797213227732,-1.5500001907348633,-0.039999961853027344,-0.00047749284926412727,-0.005946137649060379
2024-06-03,0.0008153592768926909,0.18999958038330078,-0.1119999885559082,-0.005063521434684803,0.009852240882964214
2024-06-04,0.0011178898116688263,0.05000019073486328,-0.06599998474121094,-0.00028806202681674886,-0.026480843507963647
2024-06-05,0.011884942623392236,-0.5299997329711914,-0.04699993133544922,0.0015367979231279971,0.01896917570387391
2024-06-06,-1.8523014669868942e-05,-0.05000019073486328,-0.007999897003173828,-0.0016303651521850648,0.008781173376521068
2024-06-07,-0.0012155074268699328,-0.3599996566772461,0.14899969100952148,0.00758886577432305,-0.04491640108009587
2024-06-10,0.0030895357339006946,0.5199995040893555,0.03900003433227539,0.002478807681794315,0.020051010971252836
2024-06-11,0.0024082219364913726,0.1100006103515625,-0.06500005722045898,0.0007608352819186148,-0.00714792204656467
2024-06-12,0.008213227081364405,-0.8100004196166992,-0.10899972915649414,-0.005511753421572729,0.003599657006817969
2024-06-13,0.002013278048079048,-0.10000038146972656,-0.057000160217285156,0.0052555701322878345,-0.00968430984728974
2024-06-14,0.0006087323979793169,0.7200002670288086,-0.02500009536743164,0.0033270543124428453,0.0028974980781444337
2024-06-17,0.007958710831350801,0.09000015258789062,0.06599998474121094,-0.0021790937970964652,-0.008306299933149797
2024-06-18,0.002540720150261855,-0.4499998092651367,-0.06199979782104492,-0.0005696691869312431,0.008011698034888992
2024-06-20,-0.0027166727044789507,0.9799995422363281,0.037000179290771484,0.003135038903315568,0.014450853111279693
2024-06-21,-0.0013406079179634212,-0.07999992370605469,0.0029997825622558594,0.001988888352596918,-0.022792001117782235
2024-06-24,-0.0032506251621496896,0.13000011444091797,-0.008999824523925781,-0.003119109844384904,0.0010932499530982298
2024-06-25,0.003850869326469164,-0.48999977111816406,-0.010000228881835938,0.0013273858730264987,-0.011649060896359087
2024-06-26,0.0012481564062454265,-0.28999996185302734,0.07800006866455078,0.0041662952264307496,0.0011049976820267648
2024-06-27,0.0015763471193552814,-0.3100004196166992,-0.0279998779296875,-0.001320126219893747,-0.009565865561536602
2024-06-28,-0.003934951287109856,0.19999980926513672,0.05499982833862305,-0.00037768779288271936,0.010772622858723047
2024-07-01,0.002058023732368186,-0.2199993133544922,0.1360001564025879,0.0002833548551868237,0.009187798912593914
2024-07-02,0.006729662300142714,-0.1900005340576172,-0.043000221252441406,-0.0016997195711256907,0.0021850464417876303
2024-07-03,0.004462748330993138,0.06000041961669922,-0.08099985122680664,-0.0030268604911967145,0.02107557827247164
2024-07-05,0.005766370396420806,0.3899993896484375,-0.08300018310546875,-0.004933626802019142,0.02419929878805993
2024-07-08,0.0011538715866978855,-0.1099996566772461,-0.0029997825622558594,0.0012395584116804415,-0.008686587701021264
2024-07-09,0.0009725098044246483,0.1400003433227539,0.031000137329101562,0.0010475250748862575,-0.006659675060805559
2024-07-10,0.009895281643110376,0.3400001525878906,-0.019999980926513672,-0.0006659027111421967,0.0014113975992713357
2024-07-11,-0.008622565598673693,0.06999969482421875,-0.08700037002563477,-0.00580676432775562,-0.014446788567171964
2024-07-12,0.006307401768592014,-0.46000003814697266,-0.0039997100830078125,-0.0033512647963790387,0.012870955280277041
2024-07-15,0.002750288222395536,0.6599998474121094,0.039999961853027344,0.0009607657511196965,-0.010942444997431022
2024-07-16,0.005930003592828914,0.06999969482421875,-0.062000274658203125,0.0007677723369392542,-0.009635990483678247
2024-07-17,-0.014021128145545458,1.2899999618530273,-0.020999908447265625,-0.0049870208095089685,-0.01153152053420603
2024-07-18,-0.0076849794511527625,1.4500007629394531,0.043000221252441406,0.004048175122364439,-0.032810776832563615
2024-07-19,-0.006640416425344853,0.5900001525878906,0.04999971389770508,0.002207961610602771,-0.004900153213364455
2024-07-22,0.010309968244979206,-1.6100006103515625,0.021000385284423828,-0.0008621069537325665,-0.006060600368335334
2024-07-23,-0.001568506940001102,-0.18999958038330078,-0.021000385284423828,0.0013421473772903258,-0.010289651681356315
2024-07-24,-0.022662757516719534,3.320000648498535,0.04699993133544922,-0.0005744141727785923,-0.017327642182855763
2024-07-25,-0.0052100787757168865,0.4199981689453125,-0.029999732971191406,-0.0002873721570291199,0.007836945611416457
2024-07-26,0.011199668017010778,-2.0699996948242188,-0.0560002326965332,-0.000383297386866599,0.00038881139769886275
2024-07-29,0.0005875723850159442,0.21000099182128906,-0.021999835968017578,0.0023005930259931695,-0.004275114844925043
2024-07-30,-0.005066441562850521,1.0900001525878906,-0.034999847412109375,-9.55863338686358e-05,0.0
2024-07-31,0.016254617127424487,-1.3299999237060547,-0.03399991989135742,-0.004304204347215013,0.02341914342181739
2024-08-01,-0.014161098331615052,2.229999542236328,-0.13300013542175293,0.003073964452591005,-0.02631573778713059
2024-08-02,-0.018618145583959356,4.799999237060547,-0.18400001525878906,-0.011587809861047349,0.012534261113107181
2024-08-05,-0.029123692816645508,15.180000305175781,-0.006999969482421875,-0.005038239004738432,-0.030560963399197782
2024-08-06,0.009219486490398277,-10.860000610351562,0.10299992561340332,0.0027266410813131525,0.0039904382921329695
2024-08-07,-0.006683984946629917,0.1400012969970703,0.07999992370605469,0.0022336187706368804,-0.01788556302339317
2024-08-08,0.02311748159032767,-4.059999465942383,0.029000043869018555,9.691992757998591e-05,0.010522065500407463
2024-08-09,0.004409456606590423,-3.4200000762939453,-0.05500006675720215,-0.0006782259029662896,0.002803428277846187
2024-08-12,0.0005254051316678776,0.3399982452392578,-0.03299999237060547,0.0,0.02036734436447052
2024-08-13,0.016445613272904724,-2.589998245239258,-0.056999921798706055,-0.005623442257969402,-0.00469663152516675
2024-08-14,0.0031548955749161056,-1.9300003051757812,-0.032000064849853516,9.75247315577743e-05,-0.005112114296309089
2024-08-15,0.017140163092787875,-0.9600009918212891,0.10600018501281738,0.00399730587237257,0.026086951277267678
2024-08-16,0.0022421066199815876,-0.42999935150146484,-0.03400015830993652,-0.0050495655031062014,0.005392962324132222
2024-08-19,0.009561430105987645,-0.15000057220458984,-0.02499985694885254,-0.005563143665014869,0.010344844973847689
2024-08-20,-0.0016261720245489553,1.2300004959106445,-0.04900002479553223,-0.004416497702795175,-0.009859697406418344
2024-08-21,0.00343645955089511,0.3900003433227539,-0.039999961853027344,-0.003943232612893088,0.010340809808637053
2024-08-22,-0.007848402853028458,1.279998779296875,0.0839998722076416,0.004651635158792855,-0.015921155786789654
2024-08-23,0.010625273593212858,-1.6899995803833008,-0.05500006675720215,-0.007782493339593577,0.020030834980834022
2024-08-26,-0.00238369696215901,0.28999996185302734,0.01100015640258789,0.0012906796251235253,0.004909405980459969
2024-08-27,0.0013730706791585945,-0.7199993133544922,0.014999866485595703,-0.002974669577612943,0.00789173542487509
2024-08-28,-0.005805296430382967,1.6800003051757812,0.00800013542175293,0.005370395522065197,-0.020134191436360083
2024-08-29,8.952902139180985e-05,-1.460000991821289,0.026000022888183594,0.0024730439119255987,-0.002283157219303611
2024-08-30,0.009545960644327556,-0.6499996185302734,0.04399991035461426,0.003552404019743882,0.0034325001885890938
2024-09-03,-0.020578918275010016,5.719999313354492,-0.06699991226196289,0.0012783174701436195,-0.03192703039295963
2024-09-04,-0.00204683084696089,0.6000003814697266,-0.07600021362304688,-0.004615547601412251,-0.0007851806420956509
2024-09-05,-0.002432293987318923,-1.4200000762939453,-0.03699994087219238,-0.002466456180885923,0.014145331717520637
2024-09-06,-0.016830205881500304,2.479999542236328,-0.020999908447265625,0.0006923122777338087,-0.015497854583766735
2024-09-09,0.011196370429751079,-2.9299983978271484,-0.013000011444091797,0.0036568763141533456,0.016922483579612235
2024-09-10,0.004355572316210532,-0.37000083923339844,-0.051000118255615234,0.0007877321443248153,-0.00773996756031059
2024-09-11,0.010259078447624193,-1.3899993896484375,0.0070002079010009766,0.0004920107557724318,0.014820634834673552
2024-09-12,0.008423235345493163,-0.6200008392333984,0.026999950408935547,-0.003048756467971536,0.011529563096953632
2024-09-13,0.005222783247845975,-0.5100002288818359,-0.029999971389770508,-0.0025648824029378403,0.0030395108143483895
2024-09-16,0.0014770380395661142,0.5799999237060547,-0.029000043869018555,-0.0034615613886690433,0.00946969710653045
2024-09-17,0.0004084004611295544,0.470001220703125,0.020999908447265625,0.0012901672356280258,0.005628503590145106
2024-09-18,-0.002965714357998861,0.6199989318847656,0.042999982833862305,-0.002874426774524319,-0.005597000850762646
2024-09-19,0.01706426753929513,-1.8999996185302734,0.05500006675720215,9.942481493219191e-05,0.01988745569350714
2024-09-20,-0.0017286028901163375,-0.18000030517578125,-0.012000083923339844,0.0010933367427119478,-0.002575411848354303
2024-09-23,0.0024989046670664816,-0.25999927520751953,0.01100015640258789,0.0019856726153522075,0.0036886193976297665
2024-09-24,0.0028613778394273037,-0.5,-0.003000020980834961,-0.005449816016074083,0.040058808866697104
2024-09-25,-0.002205573781180359,0.01999950408935547,0.04499983787536621,0.005479679259867476,-0.008480557511954645
2024-09-26,0.0039645812385114,-0.039999961853027344,0.009999990463256836,-0.0035671880388751243,0.032786888588882235
2024-09-27,-0.0014502902539623719,1.5899991989135742,-0.04199981689453125,-0.0013921976237804001,-0.011732234574136524
2024-09-30,0.004007197783506555,-0.22999954223632812,0.05299997329711914,0.0035849493817545763,-0.01012566390918046
2024-10-01,-0.00895838840635721,2.530000686645508,-0.05900001525878906,0.004068303900333081,0.008818342033018345
2024-10-02,0.0004221832658779512,-0.3600006103515625,0.04200005531311035,0.00484235450091286,0.01888108395021515
2024-10-03,-0.0018282872845175602,1.5900001525878906,0.06499981880187988,0.003048756467971536,-0.024021924167901276
2024-10-04,0.009087424667289845,-1.2800006866455078,0.13100004196166992,0.005196576040768397,0.0052742480911927014
2024-10-07,-0.00904048317953321,3.4300003051757812,0.04500007629394531,0.00019512556687439897,-0.002448397847171102
2024-10-08,0.00945755137938109,-1.2199993133544922,0.006999969482421875,9.754375015758043e-05,-0.01823283483230509
2024-10-09,0.0069263742769880565,-0.5599994659423828,0.03399991989135742,0.0037054826144293784,-0.012857164655412867
2024-10-10,-0.0017500368840644986,0.06999969482421875,0.029000282287597656,0.0005828967105399041,0.007597720566518307
2024-10-11,0.005988342474201325,-0.470001220703125,-0.023000240325927734,-0.000970953259493923,0.011490114558028397
2024-10-14,0.008178347010304066,-0.7599983215332031,0.02500009536743164,0.003984873792803434,-0.018104374423165814
2024-10-15,-0.007769602322363345,0.9399986267089844,-0.059999942779541016,-0.0003872305357754957,-0.014099761091825425
2024-10-16,0.00434641354272669,-1.0599994659423828,-0.02200031280517578,0.0031957601668921587,0.005133824250031616
2024-10-17,8.579044880607789e-05,-0.4699993133544922,0.08000040054321289,0.0023168790582945853,-0.007661404073027844
2024-10-18,0.003846440996529976,-1.0799999237060547,-0.023000240325927734,-0.003274621605404482,0.013970556989261418
2024-10-21,-0.001642173469649788,0.3400001525878906,0.10900020599365234,0.005024681449365298,-0.006163889657875621
2024-10-22,-0.00053117967032279,-0.1700000762939453,0.021999835968017578,0.0006730092624411821,0.005837280127793054
2024-10-23,-0.00913757934822279,1.039999008178711,0.03800010681152344,0.0033627831280136355,-0.012694972264922999
2024-10-24,0.0021629105987253094,-0.15999984741210938,-0.04200029373168945,-0.003543069477169092,0.006245410748799918
2024-10-25,-0.0003452972949489208,1.25,0.032000064849853516,0.0019220121307814697,0.0014604204607049365
2024-10-28,0.003091322288178766,-0.5300006866455078,0.046000003814697266,0.0005754609376984465,0.0007291453715332352
2024-10-29,0.0016184868692048493,-0.45999908447265625,-0.0039997100830078125,-0.000383444360087859,0.00036423756849957023
2024-10-30,-0.0030253159284875375,1.010000228881836,-0.008000373840332031,-0.0027809831120262363,-0.0036416051513141756
2024-10-31,-0.019603193652644957,2.809999465942383,0.018000125885009766,-9.611027061495747e-05,0.0
2024-11-01,0.0042204792652209555,-1.2800006866455078,0.07700014114379883,0.0028851261076947576,-0.00036550543343372155
2024-11-04,-0.0021538928400679502,0.10000038146972656,-0.05200004577636719,-0.0037399251458934968,0.01718461816450012
2024-11-05,0.012091924203754711,-1.489999771118164,-0.019999980926513672,-0.004524027562463839,0.006829638250965608
2024-11-06,0.024865377121195964,-4.219999313354492,0.13700008392333984,0.016147729631722063,-0.04748303865898085
2024-11-07,0.007732273571293691,-1.0700006484985352,-0.08500003814697266,-0.005519023902097464,0.043478254653058546
2024-11-08,0.0043317116431220715,-0.26000022888183594,-0.034999847412109375,0.004688526014293037,-0.02622124778143986
2024-11-11,0.0009528857307679051,0.030000686645507812,0.0019998550415039062,0.00514286586216528,-0.01586131669106594
2024-11-12,-0.00310644007127725,-0.26000022888183594,0.12400007247924805,0.004547998136964715,-0.023238411999310316
2024-11-13,0.0004858730531422939,-0.6899995803833008,0.01900005340576172,0.004338867463049123,-0.01611665713358268
2024-11-14,-0.006430102156933848,0.28999996185302734,-0.03299999237060547,0.001784323873233129,0.0035101464403397564
2024-11-15,-0.012808849437493608,1.8299989700317383,0.009999752044677734,0.00018753419709693908,-0.005052435409227507
2024-11-18,0.004097623244528892,-0.5599994659423828,-0.01399993896484375,-0.0038429436004048245,0.015234350931132568
2024-11-19,0.003655368297286854,0.7700004577636719,-0.034999847412109375,-0.0006586346972922152,0.006156208111625983
2024-11-20,0.00033872221739161823,0.8099994659423828,0.026999950408935547,0.004425206899110412,-0.004206451419027535
2024-11-21,0.005368353297815709,-0.28999900817871094,0.026000022888183594,0.002718418772944764,-0.00537639370487053
2024-11-22,0.003099394453447868,-1.6300010681152344,-0.02200031280517578,0.004861144593179212,-0.008880291336829993
2024-11-25,0.003392314616679437,-0.6399993896484375,-0.14499998092651367,-0.00623312105554652,0.010518132331951868
2024-11-26,0.005221275893982025,-0.5,0.037000179290771484,0.0017787159890383375,-0.009637625090707536
2024-11-27,-0.003029984694522536,0.0,-0.059999942779541016,-0.008690779241288471,0.0038925799685038953
2024-11-29,0.006211945721408041,-0.5900001525878906,-0.06400012969970703,-0.0032051655487963515,0.00038768209299222534
2024-12-02,0.0017925343116806935,-0.1700000762939453,0.018000125885009766,0.006714574416649688,0.002713240474530698
2024-12-03,0.00046363585237330085,-0.039999961853027344,0.026999950408935547,-0.0007514720897460192,0.012756084770031872
2024-12-04,0.006209614402377772,0.14999961853027344,-0.043000221252441406,-0.0002820946499634269,-0.0007633762282924783
2024-12-05,-0.0016455346383350555,0.09000015258789062,0.0,-0.005924367830671962,0.0003819797083752796
2024-12-06,0.0018955917276137768,-0.7699995040893555,-0.028999805450439453,0.002459579401024259,-0.0015273354223616087
2024-12-09,-0.0051497755511149546,1.419999122619629,0.04799985885620117,0.001698596801946728,0.016826024492398783
2024-12-10,-0.0031089913624822163,-0.009999275207519531,0.02200031280517578,0.0023551577617175745,0.00037608983920445205
2024-12-11,0.00773053367569565,-0.6000003814697266,0.04999971389770508,0.0029135108472564397,-0.0003759484488129461
2024-12-12,-0.005152435619933393,0.3400001525878906,0.05299997329711914,0.002342798258315959,-0.0063933838028730205
2024-12-13,-0.0001985150947229064,-0.1099996566772461,0.07500028610229492,0.0003739801408912946,-0.011355005154967013
2024-12-16,0.004269849806811443,0.8799991607666016,-0.0020003318786621094,-0.0013084055107330794,0.0007656412623464615
2024-12-17,-0.004119991479773488,1.1800003051757812,-0.01199960708618164,0.0009357895709332098,-0.009563886986891146
2024-12-18,-0.02980335807549228,11.750000953674316,0.10899972915649414,0.0100037369482322,-0.010042496524190536
2024-12-19,-0.00030725896108219075,-3.530000686645508,0.07600021362304688,0.0035175866620977825,-0.004291795029447765
2024-12-20,0.012011119986430563,-5.729999542236328,-0.046000003814697266,-0.007287158830744156,0.00391851017539091
2024-12-23,0.00598810318553733,-1.5799999237060547,0.07499980926513672,0.003902603217120326,-0.0011709869501473902
2024-12-24,0.011115098833935466,-2.510000228881836,-0.007999897003173828,0.002036294139567296,0.0027354315907317517
2024-12-26,6.659179477574995e-05,0.45999908447265625,-0.012000083923339844,-0.0012008579368851802,0.008963349322058889
2024-12-27,-0.01052648096742248,1.2200002670288086,0.039999961853027344,-0.0012022311728474566,-0.003862436325938301
2024-12-30,-0.011411689511399481,1.4499998092651367,-0.07399988174438477,0.001203678272388542,-0.006204022841442058
2024-12-31,-0.0036380303829519622,-0.049999237060546875,0.0279998779296875,0.003329331540699476,-0.018337859100438392
2025-01-02,-0.002457018332623462,0.5799999237060547,0.0019998550415039062,0.008295709683846075,0.006359294450813291
2025-01-03,0.012503510745669022,-1.8000011444091797,0.021000385284423828,-0.00402232785319756,0.009083710308390947
2025-01-06,0.00576050990496646,-0.08999824523925781,0.021999835968017578,-0.006333132917291429,0.017612554848405626
2025-01-07,-0.011304045433904064,1.779998779296875,0.06500005722045898,0.002586354828854942,0.008076887864332916
2025-01-08,0.0014609060507264626,-0.11999893188476562,0.009999752044677734,0.005067214093643857,0.020221316488312713
2025-01-10,-0.015267324294868434,1.8400001525878906,0.08300018310546875,0.004304828900800528,0.0056095594545326755
2025-01-13,0.001550584739097749,-0.35000038146972656,0.026999950408935547,0.002827155077791632,0.007065843747499301
2025-01-14,0.001375843351398398,-0.48000144958496094,-0.014999866485595703,-0.006275031349137983,0.00590841387972274
2025-01-15,0.018189922211973686,-2.589998245239258,-0.13500022888183594,-0.001647298533043462,0.013215881548327424
2025-01-16,-0.0019231018964384061,0.4799995422363281,-0.04699993133544922,-0.0011916514600964767,0.005434768712212712
2025-01-17,0.010039901270404217,-0.630000114440918,0.0030002593994140625,0.003579289582648526,-0.018018018018018056
2025-01-21,0.009153584329701925,-0.9099998474121094,-0.03500032424926758,-0.011796990704418087,-0.0007339617527952758
2025-01-22,0.005621434809803594,0.039999961853027344,0.02500009536743164,0.0010179586603442647,-0.008446549618173038
2025-01-23,0.005457956171128542,-0.07999992370605469,0.03900003433227539,-0.001109319767206518,0.004814783732096428
2025-01-24,-0.002919265256986603,-0.1700000762939453,-0.012000083923339844,-0.0056455399641160975,0.0007372081969174715
2025-01-27,-0.014145357666793035,3.049999237060547,-0.09800004959106445,-0.0009308088350999943,-0.019152871641617608
2025-01-28,0.008592419782555538,-1.489999771118164,0.023000240325927734,0.004937641389729741,0.0022531496500914905
2025-01-29,-0.004482761772307331,0.14999961853027344,0.0039997100830078125,0.0012051288598124987,0.00786808093932767
2025-01-30,0.005366978557565183,-0.7199993133544922,-0.0429997444152832,-0.0018518235948350448,0.010037191880764018
2025-01-31,-0.005322013686878346,0.5900001525878906,0.05699968338012695,0.005287566592651727,-0.011777684723064175
2025-02-03,-0.006729450249601476,2.190000534057617,-0.02599954605102539,0.005721095335185389,0.011545603781679015
2025-02-04,0.006708265236212485,-1.4100017547607422,-0.03000020980834961,-0.0094503972794302,0.011782021230560158
2025-02-05,0.004054423062778145,-1.4399986267089844,-0.09100008010864258,-0.00351979674546532,0.016375573887758232
2025-02-06,0.0034757322910417,-0.2700004577636719,0.018000125885009766,0.0010225005435891,0.0057286017065476535
2025-02-07,-0.009153513013858694,1.0400009155273438,0.04699993133544922,0.0032500554014893712,0.028835865487446988
2025-02-10,0.006791120950360163,-0.7300004959106445,0.006000041961669922,0.0025916214080357047,0.02076125914842608
2025-02-11,0.0007606438304508245,0.21000003814697266,0.04400014877319336,-0.00332349161157508,-0.021016977601132192
2025-02-12,-0.003221484742329972,-0.13000011444091797,0.09999990463256836,-0.0001852227050387345,0.024238254268732717
2025-02-13,0.010557397411396385,-0.7899999618530273,-0.1119999885559082,-0.005836620979830842,0.019607840608587557
2025-02-14,-4.907515727980982e-05,-0.3299999237060547,-0.05299997329711914,-0.006895889298343061,-0.029509263731803514
2025-02-18,0.002935693726665356,0.5799999237060547,0.07200002670288086,0.004504113336850413,-0.014690819899243479
2025-02-19,0.002354919076306361,-0.07999992370605469,-0.009000301361083984,0.0011209258642381759,-0.0010402457172946633
2025-02-20,-0.004160245253420958,0.3899993896484375,-0.034999847412109375,-0.007744721892653739,0.0090246523325761
2025-02-21,-0.017104107843856187,2.549999237060547,-0.07999992370605469,0.002539066031213899,-0.016167847206347674
2025-02-24,-0.004550406866907997,0.7700004577636719,-0.026999950408935547,-9.381986842893486e-05,-0.006993033575937613
2025-02-25,-0.004973182941032439,0.4500007629394531,-0.0950002670288086,-0.002720458908803347,-0.001408415799858842
2025-02-26,0.0005047975617609168,-0.3299999237060547,-0.048999786376953125,0.0010347155759355964,0.008462615160542919
2025-02-27,-0.015961911190013223,2.029998779296875,0.03599977493286133,0.007705315814067637,0.003146858440120859
2025-02-28,0.01560549055036331,-1.5,-0.053999900817871094,0.0034502308276065374,-0.010805206257246902
2025-03-03,-0.017519979496795957,3.1500015258789062,-0.051000118255615234,-0.007991827947901986,0.006694874548138774
2025-03-04,-0.011836656564045311,0.7299995422363281,0.03000020980834961,-0.009461378325343994,-0.002800137366488986
2025-03-05,0.01074762322009204,-1.5799999237060547,0.05499982833862305,0.0,0.05580906161325272
2025-03-06,-0.017750945665505058,2.940000534057617,0.020999908447265625,-0.01588803044369469,-0.005984052713840393
2025-03-07,0.005604776840324233,-1.5,0.031000137329101562,-0.002114176685226732,-0.014046825473324143
2025-03-10,-0.026635511651277977,4.489999771118164,-0.10400009155273438,0.0006741845790416701,-0.013568508301948667
2025-03-11,-0.008312890256780947,-0.9400005340576172,0.07500028610229492,-0.004523156617638691,0.028198063857481914
2025-03-12,0.005306599625433561,-2.690000534057617,0.029999732971191406,0.001643447070117876,0.010702331067117932
2025-03-13,-0.013330657012063596,0.43000030517578125,-0.043999671936035156,0.0021233589364648697,0.018530820185808095
2025-03-14,0.020655793553070456,-2.8899993896484375,0.03399991989135742,-0.0010594299182480338,-0.010396413094028611
2025-03-17,0.00771144794455525,-1.260000228881836,-0.0019998550415039062,-0.0033744549749507025,0.02035459152556074
2025-03-18,-0.010808487898628982,1.1900005340576172,-0.02500009536743164,-0.00125766546733308,0.007722000376683136
2025-03-19,0.010890956650734918,-1.8000011444091797,-0.02500009536743164,0.001840395634809866,0.02171137649430288
2025-03-20,-0.0028919175507399197,-0.10000038146972656,-0.023000240325927734,0.004060699678101853,-0.00031250715255737305
2025-03-21,0.00032989199083721665,-0.5199985504150391,0.01900005340576172,0.0023110049811829736,-0.0028133839709851838
2025-03-24,0.017908599461789354,-1.8000011444091797,0.07899999618530273,0.0016332577992219655,-0.0018808610238207901
2025-03-25,0.0024038215328545665,-0.3299999237060547,-0.023999691009521484,-0.0007673300346776601,0.026381914213641
2025-03-26,-0.011938228305225729,1.1800003051757812,0.03099966049194336,0.0035515717555978377,0.0021419735058305633
2025-03-27,-0.002655735881150312,0.3600006103515625,0.031000137329101562,-0.0045911367089674915,-0.024122165359613534
2025-03-28,-0.020138212342233786,2.9599990844726562,-0.11399984359741211,-0.0002882557834615884,-0.0003128386051194365
2025-03-31,0.006712688489439067,0.6300010681152344,-0.009000301361083984,0.0016339693142000122,-0.010954628266416577
2025-04-01,0.002824442743211364,-0.5100002288818359,-0.08999967575073242,0.00047982969194038105,-0.002531643124693339
2025-04-02,0.006328518960180052,-0.26000022888183594,0.039999961853027344,-0.004316176562597085,0.00031726614012073107
2025-04-03,-0.04928101496649295,8.510000228881836,-0.14100027084350586,-0.016761370818715426,-0.04630513669603786
2025-04-04,-0.05854288397358964,15.290000915527344,-0.06999993324279785,0.009307308230455114,-0.08480210385567322
2025-04-07,-0.0017811884523963872,1.6699981689453125,0.17000031471252441,0.002329698126428914,-0.030523260850852107
2025-04-08,-0.015662692960500824,5.350002288818359,0.10699987411499023,-0.0029053171174838743,-0.03598204575863728
2025-04-09,0.10501943377603062,-18.710002899169922,0.1380000114440918,-0.000582726875750339,0.07853812253855064
2025-04-10,-0.0438192832644565,7.100002288818359,-0.006000041961669922,-0.019727879000918547,-0.009012256743429758
2025-04-11,0.017842895866355013,-3.1599998474121094,0.0989999771118164,-0.010806026941662661,0.03710441856152058
2025-04-14,0.00970139106478829,-6.670001983642578,-0.12900018692016602,-0.0014030806911322635,0.0312170951421753
2025-04-15,-0.0028007924327630995,-0.7699985504150391,-0.0409998893737793,0.005820973851942357,-0.013265285534311055
2025-04-16,-0.022228078391931083,2.519998550415039,-0.04400014877319336,-0.008381600050426208,0.010685951861308496
2025-04-17,0.0014268350248789474,-2.989999771118164,0.0540003776550293,0.0,0.00511594884350397
2025-04-21,-0.02380270712392807,4.170000076293945,0.07200002670288086,-0.011068610429884718,0.010858554788898411
2025-04-22,0.02601775974219156,-3.25,-0.01600027084350586,0.006512000382556504,0.019805244280195256
2025-04-23,0.015495362918822586,-2.1199989318847656,-0.0019998550415039062,0.00930042646557716,-0.0003291086836537671
2025-04-24,0.02104903098185429,-1.980001449584961,-0.0820002555847168,-0.005508768454897783,0.007902527641952428
2025-04-25,0.007225311311978455,-1.6299991607666016,-0.03900003433227539,0.0018128744437106992,-0.007513931558275622
2025-04-28,0.0003813851666460977,0.3099994659423828,-0.04999971389770508,-0.004624500641676077,0.0019750288001489924
2025-04-29,0.006299388836584985,-0.9799995422363281,-0.043000221252441406,0.002322954475070249,-0.008541400273332278
2025-04-30,0.0003968300492129817,0.5300006866455078,0.004000186920166016,0.002317647741683082,-0.05434060215589798
2025-05-01,0.007086979683865069,-0.10000038146972656,0.053999900817871094,0.00784154790112268,0.009810748784683465
2025-05-02,0.014844134866078829,-1.9200000762939453,0.09100008010864258,-0.0024937655860348684,0.00971549929252058
2025-05-05,-0.005734433377700299,0.9599990844726562,0.020999908447265625,-0.0016999816894531783,0.0048109755262266685
2025-05-06,-0.008358326594873233,1.1200008392333984,-0.034999847412109375,-0.005910086712045071,0.014363887810587395
2025-05-07,0.00420552756227166,-1.210000991821289,-0.03299999237060547,0.003728363105065302,-0.031018209070362346
2025-05-08,0.006967762571935099,-1.0699996948242188,0.09800004959106445,0.01034031495819332,-0.005567148527708121
2025-05-09,-0.0012742213508586397,-0.5799999237060547,0.0019998550415039062,-0.0029809524401553933,0.012596242523183365
2025-05-12,0.033047652388761284,-3.510000228881836,0.0819997787475586,0.014450913200693138,-0.0006911008083823056
2025-05-13,0.0066038601204265746,-0.1700000762939453,0.04200029373168945,-0.007761085651064481,0.016943283880549664
2025-05-14,0.0012779770394448775,0.40000152587890625,0.028999805450439453,0.0003960486685876674,-0.013940831334216641
2025-05-15,0.004884285134641564,-0.7900009155273438,-0.07299995422363281,-0.0015835675045484665,0.009310360612540425
2025-05-16,0.006333939106342834,-0.5900001525878906,-0.01399993896484375,0.0020816721866587784,-0.022548679094299473
2025-05-19,0.001093923920310047,0.8999996185302734,0.03399991989135742,-0.006528796682401916,0.01677733421867389
2025-05-20,-0.0033620496266493216,-0.049999237060546875,0.006000041961669922,-0.003086702754672488,0.005156397997369222
2025-05-21,-0.016850877987892088,2.780000686645508,0.11500024795532227,-0.005593339718594881,-0.0010260152831854663
2025-05-22,0.00039470808698149895,-0.5900001525878906,-0.043000221252441406,0.004017693206987971,0.0006847127144999909
2025-05-23,-0.0068258512570531504,2.010000228881836,-0.04400014877319336,-0.008503386173531191,0.03968525027637981
2025-05-27,0.02079068471986001,-3.3300018310546875,-0.07499980926513672,0.005963775761352652,-0.024350108127024872
2025-05-28,-0.005785347040202837,0.35000038146972656,0.043000221252441406,0.00361736959902359,-0.014839815842110138
2025-05-29,0.0039473365509063996,-0.12999916076660156,-0.053000450134277344,-0.0060071935384495845,-0.0017117164884515867
2025-05-30,-0.0011184010326800164,-0.6100006103515625,-0.007999897003173828,0.0005036568530683017,0.006858736762208828
2025-06-02,0.0056327106771676405,-0.20999908447265625,0.046000003814697266,-0.006342543755149088,0.03440055203969372
2025-06-03,0.005702662290135274,-0.6700000762939453,-0.0019998550415039062,0.00557247283448481,0.0006584968673826186
2025-06-04,-0.00026851243178294126,-0.07999992370605469,-0.0950002670288086,-0.0046347514808328105,0.003948695019529103
2025-06-05,-0.004832756264298466,0.8699989318847656,0.029000282287597656,-0.0005061549883026428,0.008194034681236806
2025-06-06,0.010269030973764526,-1.7099990844726562,0.11600017547607422,0.004557469995670749,-0.017230191245183102
2025-06-09,0.0009013320810069558,0.3899993896484375,-0.028000354766845703,-0.0025204153024159792,0.014885900421888199
2025-06-10,0.005669614593777128,-0.20999908447265625,-0.007999897003173828,0.0011117910616256221,0.0006519053965035049
2025-06-11,-0.002851975015019881,0.3099994659423828,-0.06199979782104492,-0.004240341094390199,-0.02214984652367391
2025-06-12,0.003974378305442006,0.7600002288818359,-0.05500030517578125,-0.007198612027215168,0.007994662473634229
2025-06-13,-0.0111801611547373,2.799999237060547,0.06699991226196289,0.002655250623900818,-0.01619298636523092
2025-06-16,0.009514136167775744,-1.7099990844726562,0.028000354766845703,-0.0018333703872099871,0.0144440812416462
2025-06-17,-0.008544966880486782,2.489999771118164,-0.05900001525878906,0.008367343824736917,-0.007947075245154256
2025-06-18,-0.0001508166576998926,-1.460000991821289,0.0039997100830078125,0.0009107869617801523,0.013017400164047288
2025-06-20,-0.002348474253184407,0.48000144958496094,-0.021999835968017578,-0.0020220864445619213,-0.001976918128113625
2025-06-23,0.009877485739587577,-0.7900009155273438,-0.05499982833862305,-0.002937908197924055,0.011885067419010742
2025-06-24,0.011047186039507384,-2.3500003814697266,-0.026999950408935547,-0.005689875726602511,0.001305086982877235
2025-06-25,0.0005603844216792719,-0.7199993133544922,0.0,-0.0018393654614052846,0.005539265993341536
2025-06-26,0.007823911374270853,-0.1700000762939453,-0.04000043869018555,-0.005425867911967974,0.027219706285622314
2025-06-27,0.004968321792254926,-0.2700004577636719,0.03000020980834961,0.0025733401551559787,-0.000946393877711893
2025-06-30,0.00478117884896645,0.4099998474121094,-0.05299997329711914,-0.005338852816370587,-0.0009472903875349381
2025-07-01,-0.0003237141327537829,0.10000038146972656,0.020999908447265625,-0.0006192976909031866,-0.002212379777956741
2025-07-02,0.00453326557880418,-0.1900005340576172,0.04200029373168945,-0.000413147238725764,0.02122274279756864
2025-07-03,0.007881400243543668,-0.26000022888183594,0.05499982833862305,0.004133101166813313,-0.010235788271534041
2025-07-07,-0.00745187323644414,1.4100017547607422,0.04699993133544922,0.003087086343030565,-0.023816992557693983
2025-07-08,-0.0005478346660828803,-0.9800014495849609,0.019999980926513672,0.00030774290381407887,0.08410917724938982
2025-07-09,0.005996656078344209,-0.869999885559082,-0.07299995422363281,-0.0004102237170650058,0.01569436695625015
2025-07-10,0.002820258275139098,-0.15999984741210938,0.004000186920166016,0.001846725176172015,0.014577259799462672
2025-07-11,-0.0035154084840562927,0.619999885559082,0.07699966430664062,0.0020480997963854275,-0.008333359824287179
2025-07-14,0.0019080851570825175,0.8000011444091797,0.004000186920166016,0.0023505708791036195,-0.0066647219189465146
2025-07-15,-0.004273113843065612,0.17999839782714844,0.06199979782104492,0.005505718856505526,0.0008752215595835278
2025-07-16,0.0033431741923299896,-0.2199993133544922,-0.03399991989135742,-0.0023322181152704013,-0.003789013783497941
2025-07-17,0.006119637877514572,-0.6399993896484375,0.007999897003173828,0.003455676078812253,-0.0008776705391758677
2025-07-18,-0.0007323346017438226,-0.1100006103515625,-0.03099966049194336,-0.0025321583257339464,0.014934064384937829
2025-07-21,0.001896143492131186,0.23999977111816406,-0.059999942779541016,-0.006397287381572192,0.00807844144632286
2025-07-22,0.00014309729281114514,-0.14999961853027344,-0.03600025177001953,-0.004701063787898918,0.01602751560679616
2025-07-23,0.008507575318954297,-1.130000114440918,0.05200004577636719,-0.0018482421840421148,0.016901365468199536
2025-07-24,0.00033102965109055305,0.020000457763671875,0.019999980926513672,0.0017487724570142138,0.0019390498000826373
2025-07-25,0.00422424088026685,-0.46000003814697266,-0.021999835968017578,0.002772687205548907,-0.009123528699560457
2025-07-28,-0.00025106902906613104,0.09999942779541016,0.03399991989135742,0.010343083670744324,-0.029296853587896243
2025-07-29,-0.0026375650574512743,0.9499998092651367,-0.09000015258789062,0.0025339549029026465,0.006036190829156629
2025-07-30,-0.0012592724779846298,-0.5,0.046000003814697266,0.010413494501683607,-0.19314286368233813
2025-07-31,-0.0037512610547767444,1.239999771118164,-0.015999794006347656,0.0009005036591167581,-0.027974469354871023
2025-08-01,-0.01639041762130744,3.6599998474121094,-0.1400003433227539,-0.013395944759003298,0.00437154566664999
2025-08-04,0.015199764160073403,-2.8599987030029297,-0.019999980926513672,0.0009119093693816804,0.005440682632957383
2025-08-05,-0.005069926343612585,0.3299999237060547,-0.0039997100830078125,0.0,-0.01839827711092812
2025-08-06,0.007659660445043404,-1.0799999237060547,0.023999691009521484,-0.0060740886974666175,0.009187798912593914
2025-08-07,-0.000837636431655131,-0.20000076293945312,0.024000167846679688,0.002240794663060486,0.0007283488139291361
2025-08-08,0.007797652437033564,-1.4200000762939453,0.0409998893737793,-0.002235784728572998,0.010553163040691427
2025-08-11,-0.00197750115446238,1.1000003814697266,-0.012000083923339844,0.003462989782377246,-0.0028808038310165207
2025-08-12,0.010646077812391797,-1.5200004577636719,0.020000457763671875,-0.0042630753477077565,0.013362185798071025
2025-08-13,0.0034230360367946133,-0.23999977111816406,-0.05500030517578125,-0.0026503785960716453,-0.003920124914344347
2025-08-14,9.310926376882023e-05,0.3400001525878906,0.05500030517578125,0.004190552713160711,0.0014310914879025471
2025-08-15,-0.0023412933863844465,0.26000022888183594,0.034999847412109375,-0.004071262349912508,-0.0025008822935557173
2025-08-18,-0.00021771255650937515,-0.10000038146972656,0.013000011444091797,0.0032703086337690923,-0.002865326772473087
2025-08-19,-0.00542510102815319,0.5799999237060547,-0.03900003433227539,0.0010186256084980805,-0.00969829225157437
2025-08-20,-0.002657080804944645,0.11999988555908203,-0.006000041961669922,-0.0005087557145735389,0.0032644234161811614
2025-08-21,-0.004011809805612443,0.9100008010864258,0.03399991989135742,0.00407250581253904,0.003976883982587998
2025-08-22,0.015356833041096918,-2.380000114440918,-0.06999969482421875,-0.009125953161769673,0.0
2025-08-25,-0.004401115665894628,0.5699996948242188,0.014999866485595703,0.0072656475194787795,0.0032409128953660993
2025-08-26,0.004187065214133812,-0.1700000762939453,-0.017000198364257812,-0.0020318698325928475,0.0025125518051214435
2025-08-27,0.002278452752666471,0.23000049591064453,-0.019999980926513672,0.0,-0.009667040988668996
2025-08-28,0.0035414199062957508,-0.4200000762939453,-0.031000137329101562,-0.004275738409716734,0.009761404889846226
2025-08-29,-0.005963734491660877,0.9299993515014648,0.020000457763671875,-0.00040896550992530756,0.007160717988025089
2025-09-02,-0.0074102526816088865,1.8100004196166992,0.04999971389770508,0.0064437445478544575,0.012797746928256526
2025-09-03,0.005419642546478309,-0.8199996948242188,-0.06599998474121094,-0.0026422980914495575,-0.004562975142540782
2025-09-04,0.008357320883294106,-1.0500001907348633,-0.034999847412109375,0.002139790969825528,-0.00987308464807668
2025-09-05,-0.0028961941058495144,-0.11999988555908203,-0.09000015258789062,-0.005897324250668912,-0.004985733263134451
2025-09-08,0.0024565777359784047,-0.07000064849853516,-0.039999961853027344,-0.0032729846150292286,0.0032211936602573044
2025-09-09,0.0023118846201510834,-0.06999969482421875,0.0279998779296875,0.0034890095221422612,0.0035675516115394323
2025-09-10,0.002890900188266654,0.3100004196166992,-0.04199981689453125,-0.00010228178890303585,0.007109874472317479
2025-09-11,0.008310195052279257,-0.6400003433227539,-0.020999908447265625,-0.0024544678540162623,0.016590162888112436
2025-09-12,-0.00033472424849623206,0.05000019073486328,0.04999971389770508,0.00010254394234765485,-0.006944404891978451
2025-09-15,0.0053239632981088025,0.9299993515014648,-0.026999950408935547,-0.002562788233510971,0.015034975504908843
2025-09-16,-0.0013768849532600491,0.6700010299682617,-0.007999897003173828,-0.006885979211978421,-0.0027557671999248745
2025-09-17,-0.0012422701734727815,-0.6400003433227539,0.05000019073486328,0.0024837576320595467,-0.018307449833438016
2025-09-18,0.004672499098921978,-0.020000457763671875,0.0279998779296875,0.0049550502108972605,-0.0028149163790039955
2025-09-19,0.00495277480627232,-0.25,0.034999847412109375,0.0029789514131779438,0.008468587502680203
2025-09-22,0.004731142076964234,0.6500005722045898,0.004000186920166016,-0.0031749033237562507,0.0013996121635455605
2025-09-23,-0.0054435624348510014,0.5399990081787109,-0.023000240325927734,-0.0007191995634164838,0.0
2025-09-24,-0.0031816642308674092,-0.45999908447265625,0.026999950408935547,0.006271854790802278,0.03773584528430729
2025-09-25,-0.004613467564511753,0.5599994659423828,0.02500009536743164,0.006947995157786213,-0.006397324214708511
2025-09-26,0.005729127602591033,-1.4499998092651367,0.014999866485595703,-0.004058868731529386,-0.004744133804222117
2025-09-29,0.0028103535347194786,0.8300008773803711,-0.046000003814697266,-0.0024452150793523586,0.031324482465284076
2025-09-30,0.003766834755358328,0.15999984741210938,0.006999969482421875,-0.0014299562231264717,-0.009574146806271111
2025-10-01,0.0034074798459751143,0.010000228881835938,-0.04199981689453125,-0.0006136602296590299,0.0049999872843427
2025-10-02,0.001151824796685963,0.3399982452392578,-0.018000125885009766,0.0014328051474794545,0.013598668411263004
2025-10-03,-1.4805406382656372e-05,0.020000457763671875,0.031000137329101562,-0.0013285360801753576,0.02486911787183832
2025-10-06,0.003586271966467658,-0.279998779296875,0.043000221252441406,0.003990988382896354,-0.006066428349583153
2025-10-07,-0.0037075138893177817,0.8699989318847656,-0.03500032424926758,0.004790553641618622,0.0054609727233208005
2025-10-08,0.005963055269571305,-0.9400005340576172,0.0020003318786621094,0.0027388581664780087,0.0025559081679251694
2025-10-09,-0.002896974724933221,0.13000106811523438,0.018999576568603516,0.006980297946963532,0.009241584553320248
2025-10-10,-0.027027862178845674,5.229999542236328,-0.0969996452331543,-0.005625854464970104,-0.0442058609143553
2025-10-13,0.015344118135168339,-2.6299991607666016,0.0,0.002929816895308246,0.04360752146885627
2025-10-14,-0.0012216462876413203,1.779998779296875,-0.029000282287597656,-0.0022161136168826756,-0.023425127177707283
2025-10-15,0.004439529909605389,-0.1700000762939453,0.024000167846679688,-0.0026249583868726,-0.0035656599348904416
2025-10-16,-0.006810319600221937,4.670000076293945,-0.06999993324279785,-0.0040490082211958045,0.003253102869690938
2025-10-17,0.005676392528467966,-4.529998779296875,0.03099989891052246,0.00040655468823547203,-0.0006485232705809585
2025-10-20,0.010400500262923273,-2.5500011444091797,-0.020999908447265625,0.0016254803639010884,0.01330304514834113
2025-10-21,-1.494287878323064e-05,-0.3599987030029297,-0.023000001907348633,0.0034486659895989202,-0.0220940966001556
2025-10-22,-0.005198916065879078,0.7299995422363281,-0.009999990463256836,-0.0003032323784932789,0.014079842335843695
2025-10-23,0.005929962705964353,-1.3000011444091797,0.037999868392944336,0.000404458189182888,0.014207314943913696
2025-10-24,0.008172554694480416,-0.9299983978271484,0.006000041961669922,0.00010101583373067768,0.005730668769506897
2025-10-27,0.011797664492784632,-0.5800008773803711,0.0,-0.0017180209619838127,0.009813215082146609
2025-10-28,0.002656016019079832,0.630000114440918,-0.01399993896484375,-0.0009110785483172901,0.002821321431477397
2025-10-29,0.0004803706386860007,0.5,0.07500004768371582,0.00537033910412088,0.006564582473391756
2025-10-30,-0.010998097614260183,-0.010000228881835938,0.034999847412109375,0.0031243454422480443,-0.019565250099010334
2025-10-31,0.003280040742968948,0.5300006866455078,0.007999897003173828,0.0027127928842807236,-0.0012669942529416334
2025-11-03,0.0018768302726830388,-0.2700004577636719,0.005000114440917969,0.0007013997262896865,-0.007928956376645035
2025-11-04,-0.01185354736001909,1.8299999237060547,-0.01699972152709961,0.0035045405476679115,-0.02397698157085404
2025-11-05,0.0034653852011290454,-0.9899997711181641,0.06799983978271484,-0.0001996035942654073,0.011464083401550251
2025-11-06,-0.010729363869237507,1.489999771118164,-0.06400012969970703,-0.004690554946337633,-0.0016191463218715452
2025-11-07,0.000984565078659072,-0.4200000762939453,0.0,-0.0013035684190966235,-0.005189745306780846
2025-11-10,0.015604278627143309,-1.4799995422363281,0.017000198364257812,0.00020084611212256576,0.030648859853905863
2025-11-11,0.002289267544563822,-0.31999969482421875,0.009999752044677734,-0.0016061399086325645,-0.008541615075934206
2025-11-12,0.0005564804700675108,0.22999954223632812,-0.05499982833862305,0.00020112882209000205,0.005105291851726257
2025-11-13,-0.016593994920437227,2.489999771118164,0.04699993133544922,-0.0030157121193633563,-0.007619040352957462
2025-11-14,-0.0001637328001578009,-0.1700000762939453,0.03599977493286133,0.0009074040896723812,0.0019193686981149316
2025-11-17,-0.00931643825039885,2.549999237060547,-0.014999866485595703,0.0032235288168167564,-0.013090672139433712
2025-11-18,-0.008397553343794883,2.3100013732910156,-0.009999752044677734,-0.00040157935137508094,-0.003558738624865221
2025-11-19,0.0038631766432766224,-1.0300006866455078,0.009999752044677734,0.0068307411786039385,0.010714283502610611
2025-11-20,-0.015242227316648038,2.760000228881836,-0.026999950408935547,-0.000698390626357015,-0.011564365971992618
2025-11-21,0.009961232480063087,-2.989999771118164,-0.0429997444152832,0.0001996469881717644,0.00974973131613499
2025-11-24,0.014718418739979588,-2.9099998474121094,-0.02500009536743164,-0.0003992904312786205,0.0012874449926050247
2025-11-25,0.009406020957730021,-1.960000991821289,-0.03600025177001953,-0.004793246759183467,0.002250070506296664
2025-11-26,0.006903490619724062,-1.3699989318847656,-0.003999948501586914,-0.000602098994414324,0.021167409908669832
2025-11-28,0.0054584342293309,-0.8400001525878906,0.01900029182434082,-0.0014056163834662572,0.013819052280162225
2025-12-01,-0.004565560353440801,0.8899993896484375,0.07899999618530273,-0.0005026686388848178,0.0003098555331075836
2025-12-02,0.001852367504067809,-0.6499996185302734,-0.010000228881835938,-0.0005029981884697721,-0.00464544817670709
2025-12-03,0.003462749080359595,-0.5100002288818359,-0.028999805450439453,-0.005132871709919606,0.027691331877718994
2025-12-04,0.0007310498015529188,-0.3000001907348633,0.05099964141845703,0.0014162811513354079,-0.00575230498730972
2025-12-05,0.0018994848443159018,-0.36999988555908203,0.031000137329101562,0.0,0.015529790473920446
2025-12-08,-0.0030042091058060105,1.25,0.03299999237060547,0.0010101876581380953,-0.0032982548931644873
2025-12-09,-0.0008631180942337835,0.2700004577636719,0.01399993896484375,0.0013119879666680934,-0.01774970285185329
2025-12-10,0.006632235252757246,-1.1599998474121094,-0.021999835968017578,-0.004333806691045106,0.012863649289952317
2025-12-11,0.0023269460314641055,-0.9200000762939453,-0.023000240325927734,-0.004453916766156141,0.016329026928048496
2025-12-12,-0.010751986278262682,0.8899993896484375,0.05299997329711914,0.0005084194461981717,-0.023207342015240662
2025-12-15,-0.001510898681416406,0.7600002288818359,-0.01199960708618164,-0.0025406503671064895,0.00974717261579694
2025-12-16,-0.002732285145230273,-0.020000457763671875,-0.03299999237060547,0.0,-0.007843201335224537
2025-12-17,-0.011003593983400228,1.1400012969970703,0.0019998550415039062,0.002241479544400349,0.010337493429534605
2025-12-18,0.00755126270975226,-0.75,-0.034999847412109375,0.0006099172198694713,0.0009027619533592546
2025-12-19,0.009063506223587092,-1.960000991821289,0.034999847412109375,0.0017270971087903764,0.010222494580457209
2025-12-22,0.00622989400678442,-0.8299999237060547,0.018000125885009766,-0.0031439915151226794,0.0038690795838982606
2025-12-23,0.0045704023396588855,-0.07999992370605469,0.0,-0.0035608756827857357,0.012451882281132365
2025-12-24,0.003517674396244841,-0.5299997329711914,-0.03299999237060547,0.00040842265193208327,0.0014641064370863877
2025-12-26,-0.00010140966545213459,0.13000011444091797,0.0,0.0004081780441169691,0.047076040188169355
2025-12-29,-0.0035636535074947684,0.5999994277954102,-0.019999980926513672,0.00020408358647250324,-0.045518039810268585
2025-12-30,-0.0012211244085722495,0.13000011444091797,0.01399993896484375,0.00203995253340028,0.03130484743331596
2025-12-31,-0.0074089416209803804,0.619999885559082,0.03299999237060547,0.0004071754519254789,-0.008226976327016855
