Date,CPER,ECH,EMB,GLD,IWM,QQQ,SPY,TLT
2015-01-02,19.020000457763672,27.853984832763672,62.54097366333008,114.08000183105467,102.54312133789062,94.5611572265625,169.68783569335938,91.93522644042967
2015-01-05,19.020000457763672,27.352174758911133,62.140533447265625,115.8000030517578,101.1722183227539,93.17404174804688,166.62338256835938,93.37940979003906
2015-01-06,18.739999771118164,27.2744255065918,61.94602966308594,117.12000274658205,99.42189025878906,91.9247589111328,165.0539093017578,95.06183624267578
2015-01-07,18.739999771118164,27.408716201782227,62.72407531738281,116.43000030517578,100.64624786376952,93.1097412109375,167.11070251464844,94.8740692138672
2015-01-08,18.68000030517578,27.59248352050781,62.99291610717773,115.94000244140624,102.35345458984376,94.891845703125,170.07603454589844,93.61769104003906
2015-01-09,18.61000061035156,27.45112419128418,62.95293045043945,117.26000213623048,101.37049102783205,94.2671890258789,168.71315002441406,94.6430435180664
2015-01-12,18.61000061035156,27.42992210388184,62.58676910400391,118.55999755859376,101.03426361083984,93.28430938720705,167.39154052734375,95.18463134765624
2015-01-13,18.61000061035156,27.21082305908203,62.78704071044922,118.16000366210938,101.1118621826172,93.25672149658205,166.92068481445312,95.18463134765624
2015-01-14,16.920000076293945,26.81502342224121,63.2618522644043,117.97000122070312,100.70661163330078,92.74232482910156,165.91299438476562,95.90666198730467
2015-01-15,17.489999771118164,26.518184661865234,63.347686767578125,120.94000244140624,99.008056640625,91.53897094726562,164.39312744140625,97.41586303710938
2015-01-16,17.829999923706055,26.610063552856445,63.39339828491211,122.5199966430664,100.62039947509766,92.61370086669922,166.5489959716797,96.17388153076172
2015-01-20,17.56999969482422,26.72314071655273,63.3819694519043,124.1999969482422,100.19791412353516,93.34859466552734,166.90419006347656,97.45191955566406
2015-01-21,17.520000457763672,27.26028633117676,63.32477188110352,124.2300033569336,99.87889099121094,93.8262710571289,167.74676513671875,96.3254623413086
2015-01-22,17.399999618530273,27.9882755279541,63.13029098510742,125.2300033569336,101.91370391845705,95.56240844726562,170.24130249023438,95.9788818359375
2015-01-23,16.90999984741211,27.684356689453125,63.87401580810547,124.2300033569336,101.84474182128906,95.7737274169922,169.30792236328125,97.3147201538086
2015-01-26,17.059999465942383,27.66315460205078,63.2790412902832,122.98999786376952,102.82767486572266,95.66344451904295,169.70436096191406,97.0186767578125
2015-01-27,16.729999542236328,27.72675895690918,63.73097610473633,124.4000015258789,102.336181640625,93.1832504272461,167.4658203125,97.1703643798828
2015-01-28,16.75,27.528867721557617,63.79389190673828,123.41999816894533,100.61176300048828,92.70555877685548,165.31825256347656,98.75888061523438
2015-01-29,16.68000030517578,27.42992210388184,63.87969970703125,120.76000213623048,101.99993896484376,93.59660339355467,166.8463592529297,98.10901641845705
2015-01-30,16.68000030517578,26.935176849365234,63.9369010925293,123.4499969482422,99.75817108154295,92.87092590332033,164.7483367919922,99.84921264648438
2015-02-02,17.175000190734863,27.514738082885746,63.99944305419922,122.41999816894533,100.67212677001952,93.67928314208984,166.78857421875,99.47224426269533
2015-02-03,17.34000015258789,28.00947570800781,64.34388732910156,121.0500030517578,102.47415924072266,94.5795440673828,169.20046997070312,97.36677551269533
2015-02-04,17.34000015258789,27.896392822265625,63.80432891845703,121.58000183105467,102.0947723388672,94.4968490600586,168.55621337890625,97.53314971923828
2015-02-05,17.56999969482422,28.278051376342773,64.14300537109375,121.79000091552734,103.41397094726562,95.3144073486328,170.25782775878906,96.46237182617188
2015-02-06,17.420000076293945,28.05895233154297,63.976524353027344,118.63999938964844,103.30187225341795,94.73567962646484,169.7869873046875,94.7547836303711
2015-02-09,17.520000457763672,28.186168670654297,64.01099395751953,119.16999816894533,102.48275756835938,94.43253326416016,169.02706909179688,94.60284423828124
2015-02-10,17.290000915527344,28.09428977966309,63.546016693115234,118.47000122070312,103.13806915283205,95.90231323242188,170.8278045654297,93.85035705566406
2015-02-11,17.360000610351562,27.87518310546875,63.48860168457031,117.06999969482422,102.991455078125,96.25138092041016,170.9269256591797,94.02401733398438
2015-02-12,17.700000762939453,28.638507843017575,63.99373626708984,117.33999633789062,104.16407775878906,97.37207794189452,172.57064819335938,93.71290588378906
2015-02-13,17.700000762939453,28.99189758300781,64.14873504638672,117.9800033569336,104.78489685058594,98.20799255371094,173.281005859375,92.75057983398438
2015-02-17,17.299999237060547,28.76572608947754,64.03965759277344,116.01000213623048,105.11256408691406,98.29988098144533,173.5535888671875,91.3541488647461
2015-02-18,17.6200008392334,28.91415405273437,64.0167236328125,116.33999633789062,105.2246322631836,98.43765258789062,173.570068359375,91.89678192138672
2015-02-19,17.65999984741211,28.9565544128418,63.827239990234375,115.94000244140624,105.23323822021484,98.92452239990234,173.4462127685547,91.2890625
2015-02-20,17.540000915527344,29.15445327758789,64.00524139404297,115.27999877929688,105.5177764892578,99.5859146118164,174.48699951171875,91.55675506591795
2015-02-23,17.450000762939453,28.998958587646484,63.91910171508789,115.43000030517578,105.62122344970705,99.68695831298828,174.46218872070312,92.60588073730467
2015-02-24,17.450000762939453,28.94948387145996,64.21758270263672,115.26000213623048,105.75918579101562,99.76042938232422,174.95787048339844,93.82141876220705
2015-02-25,17.979999542236328,29.006027221679688,64.51033020019531,115.6999969482422,105.87991333007812,99.5124282836914,174.80911254882812,94.22657775878906
2015-02-26,18.559999465942383,28.92121696472168,64.4415283203125,116.06999969482422,106.26789855957033,100.0176773071289,174.60260009765625,92.938720703125
2015-02-27,17.979999542236328,29.196861267089844,64.55052947998047,116.16000366210938,105.69024658203124,99.57672119140624,174.0079345703125,93.7201156616211
2015-03-02,17.979999542236328,28.892946243286133,64.33515930175781,115.68000030517578,106.45757293701172,100.47696685791016,175.10650634765625,91.97442626953124
2015-03-03,17.979999542236328,28.984825134277344,64.45033264160156,115.47000122070312,105.8281478881836,100.00846862792967,174.3878936767578,91.64094543457033
2015-03-04,17.979999542236328,28.94241714477539,64.19695281982422,115.11000061035156,105.50052642822266,99.6226577758789,173.65272521972656,91.66993713378906
2015-03-05,18.020000457763672,28.638507843017575,64.19123077392578,115.0,105.8109130859375,99.79720306396484,173.84268188476562,91.55391693115234
2015-03-06,17.65999984741211,28.25685310363769,63.75932693481445,111.86000061035156,104.47447967529295,98.66731262207033,171.397705078125,89.5313491821289
2015-03-09,18.049999237060547,27.93880653381348,63.7132453918457,111.97000122070312,104.93145751953124,98.95205688476562,172.1080780029297,90.35784149169922
2015-03-10,17.6200008392334,27.39458274841309,63.46560287475586,111.41999816894533,103.72437286376952,97.1148681640625,169.31607055664062,91.54670715332033
2015-03-11,17.690000534057617,27.2744255065918,63.57503509521485,110.75,104.36238861083984,96.55451965332033,168.91964721679688,92.21368408203124
2015-03-12,17.690000534057617,27.507667541503903,63.64989471435547,110.72000122070312,106.09544372558594,97.1883773803711,171.06729125976562,92.14842987060548
2015-03-13,18.09000015258789,26.9281063079834,63.18341827392578,110.87999725341795,105.71607971191406,96.76578521728516,170.01824951171875,91.86573791503906
2015-03-16,18.09000015258789,27.04119682312012,62.99916076660156,110.80999755859376,106.33688354492188,98.0151138305664,172.28976440429688,92.75013732910156
2015-03-17,17.90999984741211,27.04119682312012,63.085548400878906,110.20999908447266,106.62141418457033,98.17125701904295,171.7777099609375,93.51861572265624
2015-03-18,17.520000457763672,27.55006980895996,63.91480255126953,112.37000274658205,107.4749984741211,99.13579559326172,173.84268188476562,95.3237075805664
2015-03-19,17.520000457763672,27.26028633117676,63.62690353393555,112.29000091552734,107.68192291259766,99.28279113769533,173.0496826171875,94.8379898071289
2015-03-20,18.290000915527344,27.67729759216309,64.3178939819336,113.56999969482422,108.6303939819336,99.92546081542967,174.5772247314453,95.3382339477539
2015-03-23,19.46999931335449,28.023609161376957,64.49064636230469,114.29000091552734,108.5354995727539,99.73210144042967,174.23703002929688,95.22222137451172
2015-03-24,18.86000061035156,28.306320190429688,64.52521514892578,114.56999969482422,108.50965881347656,99.37300872802734,173.25796508789062,96.14291381835938
2015-03-25,18.86000061035156,28.31339263916016,64.68648529052734,114.7300033569336,105.91770935058594,97.09884643554688,170.7190704345703,95.3310089111328
2015-03-26,19.059999465942383,28.00947570800781,64.33515930175781,115.4800033569336,105.78797149658205,96.7673797607422,170.3125457763672,93.84481811523438
2015-03-27,19.059999465942383,28.136695861816406,64.44458770751953,115.05999755859376,106.46253204345705,97.15409088134766,170.7025146484375,95.0120086669922
2015-03-30,18.799999237060547,28.29219055175781,64.59427642822266,113.75,107.9068374633789,98.2681655883789,172.78504943847656,94.54076385498048
2015-03-31,18.59000015258789,28.4759464263916,64.5655517578125,113.66000366210938,107.56089782714844,97.22772979736328,171.2750244140625,94.74378204345705
2015-04-01,18.43000030517578,28.9565544128418,64.88217163085938,115.5999984741211,107.60417175292967,96.72137451171876,170.66932678222656,95.9881591796875
2015-04-02,18.43000030517578,29.232196807861328,65.20575714111328,115.27999877929688,107.80306243896484,96.78581237792967,171.28329467773438,94.9711456298828
2015-04-06,18.43000030517578,29.62799072265625,65.44264221191406,116.69000244140624,108.27874755859376,97.57765197753906,172.4365692138672,94.44085693359376
2015-04-07,18.65999984741211,29.642126083374023,65.32134246826172,116.11000061035156,107.58687591552734,97.41190338134766,171.9802703857422,95.232666015625
2015-04-08,18.440000534057617,29.599720001220703,65.62753295898438,115.47000122070312,108.51223754882812,98.1852798461914,172.56100463867188,95.26171112060548
2015-04-09,18.440000534057617,29.606794357299805,65.64488983154297,114.66999816894533,108.12305450439452,98.80216979980467,173.32437133789062,94.0267105102539
2015-04-10,18.549999237060547,29.4583683013916,65.65064239501953,115.97000122070312,108.64195251464844,99.20724487304688,174.27024841308594,94.16475677490234
2015-04-13,18.440000534057617,29.408885955810547,65.5582046508789,115.13999938964844,108.71116638183594,98.95868682861328,173.48199462890625,94.29550170898438
2015-04-14,17.979999542236328,29.52198028564453,65.63331604003906,114.44000244140624,108.68522644042967,98.67324829101562,173.8139190673828,94.96388244628906
2015-04-15,18.270000457763672,29.7976188659668,65.73731231689453,115.43000030517578,109.44628143310548,99.29011535644533,174.59378051757812,94.88397216796876
2015-04-16,18.65999984741211,30.037914276123047,65.59290313720703,115.02999877929688,109.38572692871094,99.15204620361328,174.54400634765625,94.41179656982422
2015-04-17,18.65999984741211,29.86121940612793,65.50621032714844,115.5999984741211,107.61280822753906,97.60523986816406,172.53611755371094,95.49417877197266
2015-04-20,18.459999084472656,29.53611183166504,65.3502197265625,114.72000122070312,108.66791534423828,99.06916046142578,174.11256408691406,94.65150451660156
2015-04-21,18.209999084472656,29.62092399597168,65.40795135498047,115.37999725341795,108.55549621582033,99.4926986694336,173.90516662597656,94.22289276123048
2015-04-22,18.049999237060547,29.585580825805664,65.64488983154297,113.83000183105467,108.71980285644533,100.0359344482422,174.75970458984375,92.78446197509766
2015-04-23,18.36000061035156,29.86121940612793,65.79512786865234,114.66000366210938,109.21276092529295,100.4134292602539,175.19943237304688,93.18401336669922
2015-04-24,18.36000061035156,30.17926597595215,65.93377685546875,113.0500030517578,108.84954071044922,101.77608489990234,175.60604858398438,93.76519012451172
2015-04-27,18.75,30.63160514831543,66.00889587402344,115.33000183105467,107.64740753173828,101.51828002929688,174.8759002685547,93.76519012451172
2015-04-28,18.75,30.53972816467285,65.96266174316406,116.33000183105467,108.244140625,101.31574249267578,175.4318084716797,92.47212982177734
2015-04-29,18.850000381469727,30.059120178222656,65.546630859375,115.51000213623048,107.06795501708984,100.680419921875,174.70997619628906,91.33881378173828
2015-04-30,19.3700008392334,29.84002494812012,65.36170959472656,113.47000122070312,104.80207061767578,99.09676361083984,172.95928955078125,91.4986343383789
2015-05-01,19.850000381469727,30.136865615844727,65.42668914794922,113.08000183105467,105.48527526855467,100.40421295166016,174.8344268798828,90.26691436767578
2015-05-04,19.63999938964844,29.86121940612793,65.33389282226562,114.0999984741211,105.8658218383789,100.56993103027344,175.3322296142578,89.41519927978516
2015-05-05,19.790000915527344,30.327695846557617,65.2353515625,114.41999816894533,104.51667022705078,98.93106842041016,173.32437133789062,89.2914810180664
2015-05-06,19.65999984741211,30.490249633789062,65.21794128417969,114.36000061035156,104.87986755371094,98.24972534179688,172.61077880859375,87.76273345947266
2015-05-07,19.63999938964844,30.58919906616211,65.11931610107422,113.41999816894533,105.27772521972656,98.83900451660156,173.2993927001953,88.94202423095703
2015-05-08,19.63999938964844,30.850709915161133,65.47888946533203,113.97000122070312,106.06471252441406,100.07276916503906,175.5811767578125,89.1822738647461
2015-05-11,19.63999938964844,30.914321899414062,65.1773452758789,113.52999877929688,106.1252670288086,99.68603515625,174.74319458007812,87.012939453125
2015-05-12,19.709999084472656,30.963781356811523,64.82937622070312,114.5,105.93499755859376,99.23489379882812,174.2203826904297,87.23861694335938
2015-05-13,19.71999931335449,30.84364318847656,64.89903259277344,116.5500030517578,105.93499755859376,99.43746185302734,174.25363159179688,86.53973388671875
2015-05-14,19.709999084472656,31.112224578857425,65.11356353759766,117.18000030517578,107.0593032836914,100.89218139648438,176.07066345214844,86.77272033691406
2015-05-15,19.709999084472656,31.26063537597656,65.43830108642578,117.52999877929688,106.93824005126952,100.89218139648438,176.26148986816406,88.51250457763672
2015-05-18,19.65999984741211,31.00619888305664,65.2701187133789,117.5199966430664,108.14899444580078,101.33414459228516,176.8091278076172,87.0274658203125
2015-05-19,19.100000381469727,30.4337100982666,64.95124053955078,115.88999938964844,108.00199127197266,101.2236557006836,176.75100708007812,86.25587463378906
2015-05-20,19.030000686645508,30.23581314086914,65.0091781616211,116.08000183105467,108.2008819580078,101.2881088256836,176.62660217285156,86.40143585205078
2015-05-21,19.309999465942383,30.24994659423828,65.35709381103516,115.69000244140624,108.07980346679688,101.81290435791016,177.14097595214844,87.60987854003906
2015-05-22,18.8799991607666,30.04499053955078,65.44407653808594,115.5999984741211,107.61280822753906,101.71160888671876,176.71786499023438,87.64625549316406
2015-05-26,18.8799991607666,29.705734252929688,65.26435089111328,113.91000366210938,106.58362579345705,100.5422821044922,174.81784057617188,89.14584350585938
2015-05-27,18.899999618530277,29.656251907348636,65.14836883544922,113.88999938964844,107.8895492553711,102.1627960205078,176.4772491455078,89.34971618652344
2015-05-28,18.899999618530277,29.5148983001709,64.96858215332031,114.0199966430664,107.79441833496094,101.93258666992188,176.27809143066406,89.13128662109375
2015-05-29,18.5,29.161518096923828,65.15992736816406,114.0999984741211,107.1457977294922,101.3249053955078,175.1829071044922,89.32789611816406
2015-06-01,18.5,28.779863357543945,64.79849243164062,114.0,107.48307037353516,101.66559600830078,175.5396728515625,88.36775207519531
2015-06-02,18.5,28.62437438964844,64.711181640625,114.45999908447266,107.6906280517578,101.3433074951172,175.3654327392578,87.13487243652344
2015-06-03,18.479999542236328,28.42647171020508,64.48420715332031,113.63999938964844,108.76303100585938,101.6471939086914,175.8300323486328,85.73422241210938
2015-06-04,18.1299991607666,28.11549186706543,64.4143295288086,112.83999633789062,107.67333984375,100.873779296875,174.3448944091797,86.85032653808594
2015-06-05,18.1299991607666,27.981204986572266,64.07097625732422,112.23999786376952,108.45171356201172,100.6343994140625,174.0461883544922,85.79257202148438
2015-06-08,18.1299991607666,28.03067779541016,63.91379928588867,112.56999969482422,107.95008087158205,99.61241912841795,172.9759063720703,85.69771575927734
2015-06-09,18.450000762939453,27.9882755279541,63.67515182495117,112.81999969482422,107.62144470214844,99.44668579101562,172.95095825195312,85.01923370361328
2015-06-10,18.450000762939453,28.270984649658203,63.448184967041016,113.77999877929688,108.96198272705078,100.80933380126952,175.0252685546875,84.2751235961914
2015-06-11,18.450000762939453,28.278051376342773,63.61696243286133,113.26000213623048,109.23871612548828,100.95664978027344,175.58941650390625,86.04791259765625
2015-06-12,18.450000762939453,28.263916015625,63.70431518554688,113.2300033569336,108.9100570678711,100.12798309326172,174.2453155517578,86.04791259765625
2015-06-15,17.829999923706055,27.924659729003903,63.38999557495117,113.7300033569336,108.56414794921876,99.63077545166016,173.4986114501953,86.18647766113281
2015-06-16,17.829999923706055,27.995342254638672,63.37834548950195,113.31999969482422,109.3338394165039,100.17401123046876,174.4444122314453,86.86498260498047
2015-06-17,17.829999923706055,27.896392822265625,63.65771484375,113.8499984741211,109.1695327758789,100.45023345947266,174.72654724121094,86.19377899169922
2015-06-18,17.829999923706055,27.924659729003903,63.98363494873047,115.31999969482422,110.63111114501952,101.91416931152344,176.54359436035156,85.77066802978516
2015-06-19,16.959999084472656,27.408716201782227,64.14659881591797,115.12000274658205,110.57921600341795,101.41033172607422,175.75985717773438,86.87223052978516
2015-06-22,17.040000915527344,27.80450820922852,64.23974609375,113.63999938964844,111.34029388427734,102.15782165527344,176.66030883789062,85.0995101928711
2015-06-23,17.600000381469727,28.136695861816406,64.21648406982422,112.88999938964844,111.57376098632812,102.24088287353516,176.7853240966797,84.5887680053711
2015-06-24,17.610000610351562,27.889324188232425,64.2746810913086,112.58999633789062,110.63111114501952,101.71485900878906,175.5014190673828,85.3183364868164
2015-06-25,17.610000610351562,27.477027893066406,64.18734741210938,112.44000244140624,110.57056427001952,101.5118179321289,174.96783447265625,85.01923370361328
2015-06-26,19.299999237060547,27.484203338623047,63.98363494873047,112.55999755859376,110.2678680419922,100.8381805419922,174.9344940185547,84.0635986328125
2015-06-29,19.299999237060547,26.81734275817871,63.81484222412109,113.06999969482422,107.48307037353516,98.45724487304688,171.2660675048828,86.28862762451172
2015-06-30,17.690000534057617,27.333614349365234,63.97782897949219,112.37000274658205,107.98468780517578,98.80793762207033,171.62457275390625,85.6904525756836
2015-07-01,17.809999465942383,26.953584671020508,64.21272277832031,111.9800033569336,108.3046875,99.59231567382812,173.0001983642578,84.53377532958984
2015-07-02,17.850000381469727,27.147178649902344,64.25358581542969,111.76000213623048,107.50479125976562,99.62002563476562,172.84181213378906,84.81155395507812
2015-07-06,17.110000610351562,26.494686126708984,63.984825134277344,112.05999755859376,107.47004699707033,99.38932037353516,172.34988403320312,86.38353729248047
2015-07-07,16.579999923706055,26.207860946655277,63.93806076049805,110.76000213623048,107.59161376953124,99.63848876953124,173.43377685546875,87.19510650634766
2015-07-08,16.889999389648438,25.74895477294922,63.81538772583008,111.08999633789062,105.9501495361328,97.90354919433594,170.5239715576172,87.94818878173828
2015-07-09,17.200000762939453,26.150501251220703,63.9614372253418,111.36000061035156,106.33228302001952,97.84815216064452,170.83251953125,86.21533203125
2015-07-10,17.09000015258789,26.85319328308105,64.20101928710938,111.48999786376952,107.80874633789062,99.34317779541016,172.98355102539062,84.84813690185547
2015-07-13,17.200000762939453,26.989425659179688,64.10169219970703,110.98999786376952,109.0246810913086,101.08733367919922,174.892822265625,84.5849380493164
2015-07-14,17.15999984741211,27.297765731811523,63.8913459777832,110.73999786376952,109.63265228271484,101.75178527832033,175.6515350341797,84.86273956298828
2015-07-15,17.15999984741211,27.096996307373047,63.8913459777832,110.16000366210938,109.05075073242188,101.86251068115234,175.5931854248047,85.76203918457031
2015-07-16,17.0,27.26192092895508,64.060791015625,109.76000213623048,109.70211029052734,103.30211639404295,177.00216674804688,86.35429382324219
2015-07-17,16.850000381469727,27.147178649902344,64.08419036865234,108.6500015258789,109.22444152832033,104.8248062133789,177.1521759033203,86.8003158569336
2015-07-20,16.6200008392334,27.10416603088379,63.996524810791016,105.6999969482422,108.6338348388672,105.18470764160156,177.2439422607422,86.43467712402344
2015-07-21,16.65999984741211,27.03246116638184,64.03740692138672,105.37000274658205,108.1214370727539,105.1201400756836,176.54359436035156,86.90267181396484
2015-07-22,16.399999618530273,26.57355308532715,64.07833099365234,104.8000030517578,108.5209503173828,103.92964935302734,176.22677612304688,87.44366455078125
2015-07-23,16.100000381469727,26.26522445678711,63.90887069702149,104.33000183105467,107.3223876953125,103.54207611083984,175.23458862304688,88.53308868408203
2015-07-24,16.100000381469727,25.93538856506348,63.6751823425293,105.3499984741211,105.59404754638672,102.52692413330078,173.4170684814453,88.7523422241211
2015-07-27,15.899999618530272,25.368927001953125,63.42392349243164,104.86000061035156,104.7168426513672,101.67794036865234,172.4082794189453,89.22761535644531
2015-07-28,16.239999771118164,25.37609100341797,63.53491973876953,105.0199966430664,105.61143493652344,102.55462646484376,174.52597045898438,88.57695770263672
2015-07-29,16.149999618530273,25.519502639770508,63.86211395263672,105.16999816894533,105.90670013427734,102.94223022460938,175.72654724121094,88.2479019165039
2015-07-30,16.149999618530273,25.096445083618164,64.06658935546875,104.2699966430664,106.2107162475586,103.43133544921876,175.76821899414062,88.92790985107422
2015-07-31,16.149999618530273,25.61271476745605,64.07245635986328,104.93000030517578,106.7926025390625,103.31135559082033,175.5014190673828,89.58588409423828
2015-08-03,15.850000381469728,25.28287506103516,63.79039001464844,104.0999984741211,106.26278686523438,102.98837280273438,174.9094696044922,90.52892303466795
2015-08-04,15.850000381469728,25.19683074951172,63.88422775268555,104.30999755859376,106.01093292236328,102.79454803466795,174.5675506591797,89.81083679199219
2015-08-05,15.770000457763672,25.333070755004883,63.81970977783203,103.93000030517578,106.25411987304688,103.58821868896484,175.1428985595703,89.13672637939453
2015-08-06,15.859999656677246,25.368927001953125,63.59095001220703,104.38999938964844,104.82105255126952,101.92711639404295,173.7089080810547,89.92808532714844
2015-08-07,15.729999542236328,25.684425354003903,63.62024688720703,104.6500015258789,104.11756896972656,101.7978973388672,173.37538146972656,91.10774993896484
2015-08-10,15.729999542236328,25.94256019592285,63.63199234008789,105.72000122070312,105.3161163330078,102.96067810058594,175.55978393554688,89.9793701171875
2015-08-11,15.779999732971191,25.32590103149414,63.64958953857422,106.26000213623048,104.4128646850586,101.64100646972656,173.9757080078125,91.40821075439452
2015-08-12,15.850000381469728,25.268531799316406,63.6848030090332,107.75,104.21310424804688,101.99169921875,174.18414306640625,90.90992736816406
2015-08-13,15.850000381469728,24.70924568176269,63.63199234008789,106.86000061035156,103.86569213867188,101.82557678222656,173.96734619140625,90.61685180664062
2015-08-14,15.729999542236328,24.766605377197266,63.66718292236328,106.8499984741211,104.53443908691406,101.98247528076172,174.6009979248047,90.82938385009766
2015-08-17,15.5600004196167,24.465452194213867,63.708255767822266,107.12999725341795,105.6374740600586,102.83150482177734,175.5764617919922,91.23965454101562
2015-08-18,15.300000190734863,24.39374542236328,63.479530334472656,107.11000061035156,104.79501342773438,102.3054656982422,175.0678253173828,90.52159118652344
2015-08-19,15.31999969482422,24.30769920349121,63.30941390991211,108.5500030517578,103.70936584472656,101.63179779052734,173.68392944335938,91.41552734375
2015-08-20,15.579999923706056,24.39374542236328,63.080684661865234,110.44000244140624,101.08644104003906,98.8171615600586,170.05712890625,92.33876037597656
2015-08-21,15.420000076293944,23.74123954772949,62.81089019775391,111.12999725341795,99.90525817871094,94.49829864501952,164.93800354003906,92.61720275878906
2015-08-24,14.989999771118164,22.90230178833008,61.90177917480469,110.52999877929688,96.00565338134766,90.86233520507812,157.99293518066406,92.5878677368164
2015-08-25,15.4399995803833,23.0313663482666,62.38272476196289,109.16000366210938,95.26740264892578,90.5208740234375,156.13372802734375,91.10045623779295
2015-08-26,15.039999961853027,23.74123954772949,62.37096786499024,107.66999816894533,97.6905517578125,95.07966613769533,162.12831115722656,89.3419418334961
2015-08-27,15.649999618530272,24.95304298400879,63.27422332763672,107.7300033569336,99.43627166748048,97.48827362060548,166.13856506347656,89.39319610595703
2015-08-28,15.789999961853027,24.83114051818848,63.315277099609375,108.6999969482422,100.4177017211914,97.46985626220705,166.14688110351562,89.65699768066406
2015-08-31,15.739999771118164,25.117958068847656,63.3504753112793,108.81999969482422,100.05292510986328,96.26087951660156,164.80455017089844,88.96820831298828
2015-09-01,15.4399995803833,24.75943946838379,63.39815902709961,109.1999969482422,97.18679809570312,93.2524642944336,159.88555908203125,89.60930633544922
2015-09-02,15.609999656677246,24.888504028320312,63.12131881713867,108.62000274658205,98.93254089355467,95.8825454711914,162.9203338623047,88.83826446533203
2015-09-03,15.93000030517578,25.17532730102539,63.451171875,107.83999633789062,98.77619934082033,95.411865234375,163.0370330810547,89.27149200439453
2015-09-04,15.59000015258789,24.56583404541016,63.40407943725586,107.48999786376952,98.0292739868164,94.2768325805664,160.56922912597656,90.08660888671876
2015-09-08,16.280000686645508,24.522815704345703,63.38051223754883,107.5199966430664,100.27003479003906,96.93458557128906,164.60452270507812,88.75750732421875
2015-09-09,16.270000457763672,24.329212188720703,63.592559814453125,106.12999725341795,99.11492156982422,95.84561157226562,162.40342712402344,89.18336486816406
2015-09-10,16.360000610351562,24.680559158325195,63.49834060668945,106.37999725341795,99.56655883789062,96.88842010498048,163.2871856689453,88.58118438720703
2015-09-11,16.360000610351562,24.551498413085938,63.51007080078125,106.16000366210938,100.03553771972656,97.42366027832033,164.02926635742188,89.1392822265625
2015-09-14,16.299999237060547,24.616025924682617,63.55134963989258,106.22000122070312,99.57524871826172,97.12840270996094,163.4206085205078,89.27883911132812
2015-09-15,16.06999969482422,24.83114051818848,63.47477722167969,105.9000015258789,100.69563293457033,98.27268981933594,165.4632110595703,87.56784057617188
2015-09-16,16.06999969482422,25.50516700744629,63.733917236328125,107.30999755859376,101.56413269042967,98.82636260986328,166.89723205566406,87.2374267578125
2015-09-17,16.600000381469727,25.56252861022949,64.10503387451172,108.41000366210938,101.91155242919922,98.86329650878906,166.52207946777344,88.30220031738281
2015-09-18,15.920000076293944,25.082107543945312,64.26997375488281,109.20999908447266,100.50452423095705,97.4571762084961,163.8008575439453,89.66071319580078
2015-09-21,16.06999969482422,24.917186737060547,63.9106559753418,108.52999877929688,100.32213592529295,97.76243591308594,164.64732360839844,88.19937133789062
2015-09-22,15.479999542236328,23.999372482299805,63.39815902709961,107.79000091552734,98.80227661132812,96.30081176757812,162.51025390625,89.4256820678711
2015-09-23,15.479999542236328,23.43291664123535,63.26860046386719,108.22000122070312,98.50698852539062,96.37483215332033,162.25042724609375,89.4183578491211
2015-09-24,15.399999618530272,23.755578994750977,63.05652618408203,110.48999786376952,98.3419418334961,96.02330780029295,161.66380310058594,90.02786254882812
2015-09-25,15.289999961853027,23.712560653686523,62.909278869628906,109.80999755859376,97.04762268066406,95.20923614501952,161.6219024658203,89.24947357177734
2015-09-28,14.989999771118164,23.024200439453125,62.36737823486328,108.41999816894533,94.3301010131836,92.4987335205078,157.5656280517578,90.7768096923828
2015-09-29,15.140000343322754,23.189117431640625,62.22601318359375,107.9800033569336,93.65941619873048,92.01769256591795,157.65785217285156,91.0338363647461
2015-09-30,15.600000381469728,23.633684158325195,62.673641204833984,106.86000061035156,95.114013671875,94.13612365722656,160.5994415283203,90.71810913085938
2015-10-01,15.369999885559082,23.59065818786621,62.496131896972656,106.7300033569336,94.94851684570312,94.56169128417967,161.0184783935547,91.10517120361328
2015-10-02,15.640000343322754,24.142778396606445,63.20613098144531,108.98999786376952,96.35953521728516,96.21759033203124,163.4237518310547,91.6570053100586
2015-10-05,15.789999961853027,24.745100021362305,63.51968383789063,108.7699966430664,98.65900421142578,97.595947265625,166.33184814453125,90.41349792480467
2015-10-06,15.760000228881836,25.082107543945312,63.72091674804688,109.86000061035156,97.97962188720705,97.13340759277344,165.76193237304688,90.80345153808594
2015-10-07,15.75,25.433460235595703,63.92202758789063,109.6999969482422,99.71292877197266,97.71617889404295,167.11965942382812,90.50174713134766
2015-10-08,15.739999771118164,25.462141036987305,63.95162963867188,109.13999938964844,100.61005401611328,98.10474395751952,168.62814331054688,89.74385833740234
2015-10-09,15.739999771118164,25.59838104248047,64.2178726196289,110.87000274658205,100.81038665771484,98.54878997802734,168.7286834716797,89.97931671142578
2015-10-12,16.09000015258789,25.756122589111328,64.30071258544922,111.30999755859376,100.66231536865234,98.7892608642578,168.88792419433594,90.66360473632812
2015-10-13,16.0,25.21117782592773,63.8510627746582,111.86000061035156,99.28610229492188,98.1510009765625,167.82359313964844,90.81818389892578
2015-10-14,16.0,25.21117782592773,64.14096069335938,113.80999755859376,98.31057739257812,97.9936981201172,167.01904296875,91.61289978027344
2015-10-15,16.0,25.497989654541016,64.46046447753906,113.29000091552734,100.66231536865234,99.60335540771484,169.58355712890625,91.16403198242188
2015-10-16,16.1299991607666,25.66291618347168,64.80950927734375,112.48999786376952,100.53166961669922,100.0196304321289,170.3545684814453,91.19346618652344
2015-10-19,15.850000381469728,25.117958068847656,64.81542205810547,112.0199966430664,100.7232894897461,100.59319305419922,170.43836975097656,90.94326782226562
2015-10-20,15.850000381469728,25.08927345275879,64.46046447753906,112.7300033569336,100.58393096923828,100.07511901855467,170.2205352783203,90.38399505615234
2015-10-21,15.850000381469728,24.866992950439453,64.23562622070312,111.7300033569336,99.05093383789062,99.46459197998048,169.16448974609375,91.2817611694336
2015-10-22,15.850000381469728,25.38326835632324,64.50776672363281,111.69000244140624,99.92195129394533,101.49051666259766,172.0223388671875,91.436279296875
2015-10-23,15.850000381469728,25.67007827758789,64.63795471191406,111.5,100.90618896484376,104.33052825927734,173.9080047607422,90.6562957763672
2015-10-26,15.850000381469728,25.64857292175293,64.6734848022461,111.43000030517578,100.21807861328124,104.39527130126952,173.48062133789062,91.25967407226562
2015-10-27,15.850000381469728,25.39043426513672,64.49593353271484,111.68000030517578,99.12062072753906,104.60806274414062,173.14537048339844,91.48780059814452
2015-10-28,15.850000381469728,25.433460235595703,64.22972106933594,110.77999877929688,102.01239013671876,105.47756958007812,175.11480712890625,91.11988067626952
2015-10-29,15.670000076293944,25.117958068847656,64.32440185546875,109.72000122070312,100.92364501953124,105.31110382080078,175.01422119140625,89.67024993896484
2015-10-30,15.40999984741211,25.01757049560547,64.19422912597656,109.3000030517578,100.46197509765624,104.83932495117188,174.2599639892578,90.3472137451172
2015-11-02,15.40999984741211,25.103620529174805,64.2417221069336,108.58999633789062,102.55241394042967,106.02340698242188,176.32159423828125,89.93204498291016
2015-11-03,15.550000190734863,25.541013717651367,64.5981674194336,106.9800033569336,103.08370208740234,106.39346313476562,176.8328399658203,89.194580078125
2015-11-04,15.649999618530272,25.29721450805664,64.5863265991211,105.97000122070312,103.03144073486328,106.40267944335938,176.29649353027344,89.29783630371094
2015-11-05,15.649999618530272,25.053422927856445,64.66351318359375,105.63999938964844,103.10983276367188,106.11593627929688,176.1204833984375,89.06184387207031
2015-11-06,15.649999618530272,24.75943946838379,64.27141571044922,104.0999984741211,103.84149932861328,106.18994140625,176.02828979492188,87.756591796875
2015-11-09,14.979999542236328,24.365068435668945,63.962547302246094,104.4000015258789,102.62208557128906,105.06131744384766,174.38568115234375,87.26249694824219
2015-11-10,14.800000190734863,24.32204246520996,64.04568481445312,104.18000030517578,102.92691802978516,104.79305267333984,174.7879638671875,87.52058410644531
2015-11-11,14.800000190734863,24.379404067993164,64.06349182128906,103.83000183105467,102.02980041503906,104.66354370117188,174.10072326660156,87.33621978759766
2015-11-12,14.5,24.16429328918457,64.18234252929688,103.8499984741211,100.0787353515625,103.64598083496094,171.6702880859375,87.756591796875
2015-11-13,14.5,23.949182510375977,64.0872573852539,103.55999755859376,99.35577392578124,101.6107940673828,169.74276733398438,88.25800323486328
2015-11-16,14.149999618530272,23.949182510375977,64.12293243408203,103.70999908447266,100.20940399169922,103.07241821289062,172.32398986816406,88.17689514160156
2015-11-17,14.149999618530272,23.56914710998535,64.27141571044922,102.33999633789062,99.82613372802734,103.13716888427734,172.19834899902344,88.32441711425781
2015-11-18,13.81999969482422,23.791431427001957,64.4259033203125,102.43000030517578,101.5158920288086,105.11683654785156,174.93040466308594,88.50879669189453
2015-11-19,13.920000076293944,23.891817092895508,64.544677734375,103.55999755859376,101.08909606933594,105.19084167480467,174.7796173095703,89.09876251220703
2015-11-20,13.710000038146973,24.264686584472656,64.74666595458984,103.08999633789062,101.74237060546876,105.90316772460938,175.41650390625,88.82585144042969
2015-11-23,13.4399995803833,23.791431427001957,64.68135833740234,102.26000213623048,102.24755096435548,105.59786224365234,175.21534729003906,89.09876251220703
2015-11-24,13.850000381469728,23.791431427001957,64.61602020263672,102.94000244140624,102.9966049194336,105.50537109375,175.45010375976562,89.09133911132812
2015-11-25,13.649999618530272,23.62651252746582,64.55656433105469,102.45999908447266,103.79794311523438,105.59786224365234,175.42489624023438,89.29783630371094
2015-11-27,13.649999618530272,23.31818389892578,64.56255340576172,101.25,104.1898956298828,105.74588775634766,175.6260528564453,89.20932006835938
2015-11-30,13.6899995803833,23.26082420349121,64.39027404785156,101.91999816894533,103.73698425292967,105.47756958007812,174.89694213867188,89.56332397460938
2015-12-01,13.779999732971191,23.10307502746582,64.5781478881836,102.27999877929688,104.4250717163086,106.53221130371094,176.56472778320312,90.77307891845705
2015-12-02,13.630000114440918,22.880786895751957,64.36936950683594,100.69000244140624,103.30144500732422,105.87541198730467,174.76283264160156,90.80270385742188
2015-12-03,13.65999984741211,23.06004905700684,63.92205047607422,101.76000213623048,101.5594253540039,104.08073425292967,172.31564331054688,88.33433532714844
2015-12-04,13.81999969482422,23.07439422607422,64.01750946044922,104.0199966430664,102.58722686767578,106.51372528076172,175.67626953125,89.11033630371094
2015-12-07,13.59000015258789,22.73021125793457,63.86245727539063,102.66999816894533,101.0455322265625,106.03267669677734,174.61199951171875,89.9749755859375
2015-12-08,13.770000457763672,22.464906692504883,63.76110458374024,102.83999633789062,100.48809051513672,106.04192352294922,173.43869018554688,90.01929473876953
2015-12-09,13.779999732971191,22.6441650390625,63.868412017822266,102.63999938964844,99.36450958251952,104.43228912353516,172.08938598632812,89.92321014404297
2015-12-10,13.789999961853027,22.52943992614746,63.7729377746582,102.5500030517578,99.69548797607422,104.90409088134766,172.53355407714844,90.04147338867188
2015-12-11,14.0600004196167,22.24262237548828,62.79492568969727,103.11000061035156,97.4744110107422,102.48961639404295,169.18968200683594,91.46037292480467
2015-12-14,14.020000457763672,22.127891540527344,63.04537963867188,101.79000091552734,96.77761840820312,103.26670837402344,170.04449462890625,90.2779541015625
2015-12-15,13.710000038146973,22.464906692504883,63.25413131713867,101.5199966430664,98.17121124267578,103.89571380615234,171.82958984375,89.745849609375
2015-12-16,13.859999656677246,22.93814849853516,63.30182266235352,102.75,99.66937255859376,105.44061279296876,174.3438262939453,89.55371856689453
2015-12-17,13.630000114440918,23.15326690673828,63.35552215576172,100.5,98.60674285888672,103.90496063232422,171.6871337890625,90.5661392211914
2015-12-18,14.020000457763672,23.052881240844727,63.21235275268555,102.04000091552734,97.09991455078124,101.91185760498048,168.62852478027344,91.06871795654295
2015-12-21,14.270000457763672,23.22198486328125,63.099063873291016,103.1500015258789,97.8315658569336,103.04386901855467,170.0194549560547,91.04655456542967
2015-12-22,13.960000038146973,23.14282989501953,63.20642852783203,102.61000061035156,98.72867584228516,103.72122955322266,171.56234741210938,90.38882446289062
2015-12-23,14.100000381469728,23.59619140625,63.49267959594727,102.30999755859376,99.9742431640625,104.49141693115234,173.6868896484375,89.7088623046875
2015-12-24,14.149999618530272,23.36591148376465,63.521392822265625,103.0500030517578,100.16316986083984,104.4728546142578,173.40016174316406,90.22284698486328
2015-12-28,13.93000030517578,23.26516914367676,63.34159469604492,102.2699966430664,99.69953918457033,104.41716766357422,173.00399780273438,90.489501953125
2015-12-29,14.239999771118164,23.26516914367676,63.401512145996094,102.1999969482422,100.7755355834961,106.05956268310548,174.85025024414062,88.98611450195312
2015-12-30,14.239999771118164,23.12124252319336,63.53345489501953,101.41999816894533,99.76078033447266,105.10382080078124,173.6109619140625,88.89724731445312
2015-12-31,14.270000457763672,22.970125198364254,63.41350173950195,101.45999908447266,98.51858520507812,103.7954559326172,171.87428283691406,89.29716491699219
2016-01-04,13.859999656677246,22.718259811401367,63.34758758544922,102.88999938964844,96.2353744506836,101.60563659667967,169.47149658203125,89.94144439697266
2016-01-05,13.859999656677246,22.883769989013672,63.515472412109375,103.18000030517578,96.44529724121094,101.4293212890625,169.75814819335938,89.57858276367188
2016-01-06,13.90999984741211,22.70386505126953,63.50944900512695,104.66999816894533,94.97569274902344,100.45503997802734,167.6168212890625,90.78570556640624
2016-01-07,13.449999809265137,21.91228675842285,63.20971298217773,106.1500015258789,92.43878936767578,97.30944061279295,163.5953826904297,90.94864654541016
2016-01-08,13.4399995803833,21.61724853515625,63.15576934814453,105.68000030517578,90.84671020507812,96.5114517211914,161.7997283935547,91.35589599609376
2016-01-11,13.170000076293944,21.61005401611328,63.04783248901367,104.73999786376952,90.4530258178711,96.80835723876952,161.95989990234375,90.35610961914062
2016-01-12,13.0600004196167,21.55967712402344,62.75410461425781,104.20999908447266,90.72421264648438,97.93112182617188,163.2666473388672,91.65951538085938
2016-01-13,12.989999771118164,21.717994689941406,62.50832748413086,104.72000122070312,87.81117248535156,94.55354309082033,159.19468688964844,92.56301879882812
2016-01-14,13.130000114440918,21.86191749572754,62.58024597167969,103.0199966430664,89.02711486816406,96.56710052490234,161.80812072753906,91.69661712646484
2016-01-15,12.970000267028809,21.36537742614746,61.96279525756836,104.08000183105467,87.58370208740234,93.5699691772461,158.33474731445312,93.12586975097656
2016-01-19,14.390000343322754,21.415752410888672,62.19059371948242,103.9800033569336,86.40276336669922,93.77409362792967,158.5454864501953,92.83706665039062
2016-01-20,13.239999771118164,21.31501007080078,61.81292343139648,105.37000274658205,86.76140594482422,93.48645782470705,156.51376342773438,93.81462097167967
2016-01-21,13.210000038146973,21.329402923583984,62.094669342041016,105.48999786376952,86.56023406982422,93.57923889160156,157.3905029296875,93.17772674560548
2016-01-22,13.350000381469728,22.178546905517575,62.67620086669922,105.0,88.67720031738281,96.28874206542967,160.61947631835938,92.82221221923828
2016-01-25,13.279999732971191,21.89789581298828,62.388404846191406,106.08000183105467,86.70895385742188,94.85977172851562,158.19143676757812,93.32581329345705
2016-01-26,13.470000267028809,22.1137809753418,62.586238861083984,107.29000091552734,88.44100952148438,95.71345520019533,160.34963989257812,93.3702392578125
2016-01-27,13.619999885559082,22.14976501464844,62.886024475097656,107.69000244140624,87.22504425048828,93.32869720458984,158.6044921875,93.34801483154295
2016-01-28,13.619999885559082,22.68947410583496,63.215728759765625,106.54000091552734,87.20758056640625,94.6463394165039,159.43072509765625,93.48133087158205
2016-01-29,13.619999885559082,23.481050491333008,63.43754196166992,106.9499969482422,90.06812286376953,96.62278747558594,163.3172149658203,94.27375793457033
2016-02-01,13.720000267028809,23.617780685424805,63.12392425537109,108.0500030517578,89.65697479248047,96.88259887695312,163.25820922851562,93.98509979248048
2016-02-02,13.5600004196167,22.775829315185547,62.98549270629883,108.08999633789062,87.72371673583984,94.78550720214844,160.31593322753906,95.72868347167967
2016-02-03,13.5600004196167,23.171615600585938,63.26237106323242,109.25,87.83741760253906,94.33086395263672,161.27708435058594,94.9348373413086
2016-02-04,14.09000015258789,23.740114212036133,63.34062957763672,110.56999969482422,88.17859649658203,94.32158660888672,161.52996826171875,95.39485931396484
2016-02-05,13.850000381469728,23.445072174072266,63.2744026184082,112.31999969482422,85.76417541503906,91.0460968017578,158.45278930664062,95.50616455078124
2016-02-08,13.890000343322754,23.31554412841797,62.991493225097656,113.83000183105467,84.35577392578125,89.6541976928711,156.31982421875,97.56138610839844
2016-02-09,13.510000228881836,23.164417266845703,62.78694152832031,113.58000183105467,83.78717803955078,89.37583923339844,156.32821655273438,97.66532135009766
2016-02-10,13.220000267028809,23.22918128967285,62.84708786010742,114.45999908447266,83.83088684082031,89.71916961669922,156.1934051513672,98.52595520019533
2016-02-11,13.380000114440918,23.049278259277344,62.77487182617188,119.05999755859376,82.92108917236328,89.5892562866211,154.16156005859375,99.21595764160156
2016-02-12,13.489999771118164,23.59619140625,63.02161407470703,118.36000061035156,84.4957275390625,90.9532470703125,157.3400115966797,97.5688247680664
2016-02-16,13.489999771118164,23.725719451904297,63.22627258300781,114.7699966430664,86.49899291992188,93.00392150878906,159.9955596923828,96.5374984741211
2016-02-17,13.829999923706056,24.13590240478516,63.6716194152832,115.4800033569336,87.85490417480469,95.11028289794922,162.60910034179688,95.94390869140624
2016-02-18,13.81999969482422,24.15749168395996,63.86422729492188,118.29000091552734,87.43502807617188,94.02466583251952,161.9430389404297,97.1236343383789
2016-02-19,13.789999961853027,24.287019729614254,63.81006240844727,117.58000183105467,87.87239837646484,94.30300903320312,161.86717224121094,97.20526123046876
2016-02-22,14.140000343322754,24.48851203918457,64.12301635742188,115.48999786376952,88.8521499633789,95.83406066894533,164.21087646484375,97.15332794189452
2016-02-23,14.0600004196167,24.027963638305664,64.11102294921875,117.22000122070312,88.03862762451172,94.25659942626952,162.13697814941406,97.54657745361328
2016-02-24,14.119999885559082,23.93440818786621,64.12301635742188,117.61000061035156,88.88715362548828,95.1566925048828,162.87884521484375,97.3536605834961
2016-02-25,13.84000015258789,24.09992027282715,64.34574890136719,117.91999816894533,89.70072174072266,96.09386444091795,164.85157775878906,97.70240783691406
2016-02-26,14.100000381469728,24.006372451782227,64.45404815673828,117.11000061035156,90.2693328857422,95.97325134277344,164.4722137451172,96.76010131835938
2016-02-29,14.09000015258789,23.8840389251709,64.55036926269531,118.63999938964844,89.8669204711914,95.11028289794922,163.18235778808594,97.18302154541016
2016-03-01,14.289999961853027,24.51729393005371,65.30517578125,117.7699966430664,91.80021667480467,98.16310119628906,167.01829528808594,95.47171783447266
2016-03-02,14.460000038146973,24.769161224365234,65.14805603027344,118.68000030517578,92.74496459960938,98.20021057128906,167.76861572265625,95.86573791503906
2016-03-03,14.68000030517578,25.164953231811523,65.22662353515625,120.7300033569336,93.71599578857422,98.01461791992188,168.42620849609375,96.2151107788086
2016-03-04,14.989999771118164,25.47439193725586,65.38375091552734,120.54000091552734,94.23210144042967,98.05177307128906,168.9741973876953,95.59814453125
2016-03-07,15.149999618530272,25.48158073425293,65.51067352294922,121.13999938964844,95.2555923461914,97.4486312866211,169.10899353027344,95.56836700439452
2016-03-08,14.779999732971191,25.15056037902832,65.25080108642578,120.58000183105467,92.95489501953124,96.64131927490234,167.26275634765625,96.62398529052734
2016-03-09,14.90999984741211,25.29448127746582,65.40792083740234,119.58000183105467,93.42732238769533,97.26303100585938,168.08895874023438,96.0367431640625
2016-03-10,14.729999542236328,25.380834579467773,65.37166595458984,121.5,92.6662368774414,97.11456298828124,168.2238311767578,95.6427230834961
2016-03-11,14.90999984741211,25.596725463867188,65.77657318115234,119.41000366210938,94.6520004272461,98.81263732910156,170.9384765625,94.67633819580078
2016-03-14,14.9399995803833,25.553543090820312,65.63154602050781,117.87000274658205,94.40706634521484,98.97964477539062,170.71922302246094,94.97370910644533
2016-03-15,14.920000076293944,25.316072463989254,65.26290893554688,117.95999908447266,92.93742370605467,98.94254302978516,170.44110107421875,95.0628662109375
2016-03-16,15.09000015258789,25.567943572998047,65.9095687866211,120.58999633789062,93.59353637695312,99.82404327392578,171.4274444580078,95.3453369140625
2016-03-17,15.300000190734863,26.309139251708984,66.42320251464844,120.12999725341795,95.02816772460938,99.76837921142578,172.5149688720703,95.73934936523438
2016-03-18,15.329999923706056,26.359514236450195,66.47762298583984,119.8000030517578,95.8854522705078,99.9247589111328,173.1929168701172,95.9400405883789
2016-03-21,15.289999961853027,26.44585609436035,66.72537994384766,118.95999908447266,95.65801239013672,100.31558990478516,173.4386749267578,95.20413208007812
2016-03-22,15.25,26.301942825317383,66.59847259521484,119.30999755859376,95.54430389404295,100.62271118164062,173.34539794921875,95.18180084228516
2016-03-23,14.850000381469728,25.776626586914062,66.18148040771484,116.61000061035156,93.77801513671876,99.79444122314452,172.2014617919922,96.25975036621094
2016-03-24,14.800000190734863,25.69746780395508,66.02430725097656,116.33000183105467,94.05882263183594,99.82234191894533,172.1251678466797,96.29692840576172
2016-03-28,14.890000343322754,25.755041122436523,66.15126037597656,116.5999984741211,94.1728744506836,99.68276977539062,172.22686767578125,96.42330932617188
2016-03-29,14.699999809265137,25.94932746887207,66.49575805664062,118.76000213623048,96.78761291503906,101.28350067138672,173.82000732421875,97.43426513671876
2016-03-30,14.529999732971191,26.43867301940918,66.56222534179688,117.0999984741211,96.79635620117188,101.77674102783205,174.58265686035156,96.40841674804688
2016-03-31,14.529999732971191,26.553815841674805,66.68916320800781,117.63999938964844,97.06835174560548,101.6278305053711,174.15896606445312,97.0923309326172
2016-04-01,14.40999984741211,26.611377716064453,66.86446380615234,116.93000030517578,97.49830627441406,102.70738983154295,175.3453369140625,97.34553527832033
2016-04-04,14.369999885559082,26.496238708496094,66.84625244140625,116.1500015258789,96.68230438232422,102.31652069091795,174.77757263183594,97.4051742553711
2016-04-05,14.279999732971191,26.107650756835938,66.67033386230469,117.66000366210938,95.58554077148438,101.33000946044922,173.03192138671875,98.47039794921876
2016-04-06,14.210000038146973,25.93494415283203,66.82806396484375,116.94000244140624,96.66472625732422,102.9958953857422,174.92161560058594,97.75526428222656
2016-04-07,13.789999961853027,25.438404083251957,66.55504608154297,118.61000061035156,95.3573989868164,101.51618194580078,172.82850646972656,98.96200561523438
2016-04-08,13.869999885559082,25.70466041564941,66.76739501953125,118.43000030517578,95.73470306396484,101.44170379638672,173.2946014404297,98.33631896972656
2016-04-11,13.90999984741211,25.841388702392575,67.06464385986328,120.02999877929688,95.43638610839844,101.0694351196289,172.8878173828125,98.209716796875
2016-04-12,14.3100004196167,26.316333770751957,67.15569305419922,120.0500030517578,96.46296691894533,101.9163055419922,174.49795532226562,97.53179931640624
2016-04-13,14.489999771118164,26.525026321411133,67.43476104736328,118.7699966430664,98.54242706298828,103.21924591064452,176.26051330566406,97.87448120117188
2016-04-14,14.529999732971191,26.70492553710937,67.51974487304688,117.11000061035156,98.4195785522461,103.2285385131836,176.2689971923828,97.4051742553711
2016-04-15,14.390000343322754,26.539417266845703,67.55613708496094,117.91999816894533,98.66524505615234,102.96796417236328,176.07408142089844,98.23950958251952
2016-04-18,14.489999771118164,26.76249313354492,67.59247589111328,117.73999786376952,99.41104888916016,103.51708221435548,177.31130981445312,97.81484985351562
2016-04-19,14.829999923706056,27.309404373168945,67.85340118408203,119.58000183105467,99.4900131225586,102.88421630859376,177.87062072753906,97.50946807861328
2016-04-20,14.8100004196167,27.1223087310791,67.9079818725586,118.97000122070312,99.63919830322266,102.96796417236328,178.04010009765625,96.4367904663086
2016-04-21,14.989999771118164,26.999975204467773,67.6653060913086,119.41999816894533,99.1390609741211,102.97728729248048,177.08250427246094,95.86322021484376
2016-04-22,15.010000228881836,26.618579864501957,67.56217193603516,117.88999938964844,100.12174987792967,101.42308044433594,177.08250427246094,95.6173324584961
2016-04-25,14.890000343322754,26.294750213623047,67.28913879394531,118.2300033569336,99.41104888916016,101.42308044433594,176.77740478515625,95.22257995605467
2016-04-26,14.890000343322754,26.496238708496094,67.3498306274414,118.6999969482422,100.385009765625,100.92985534667967,177.04013061523438,94.79051971435548
2016-04-27,14.75,26.88483047485352,67.65316772460938,119.04000091552734,100.73595428466795,100.12017059326172,177.40452575683594,95.73658752441406
2016-04-28,14.789999961853027,27.266225814819336,67.79270935058594,121.29000091552734,99.58654022216795,98.91030883789062,175.79443359375,96.13135528564452
2016-04-29,15.0600004196167,27.438934326171875,67.7259750366211,123.6500015258789,98.69159698486328,98.38912963867188,174.84535217285156,96.37718963623048
2016-05-02,15.039999961853027,27.21585464477539,67.71379089355469,123.23999786376952,99.56901550292967,99.31979370117188,176.23512268066406,95.40684509277344
2016-05-03,14.729999542236328,26.863245010375977,67.56156158447266,122.95999908447266,97.93701171875,98.39844512939452,174.70126342773438,96.6085433959961
2016-05-04,14.510000228881836,26.76969718933105,67.40328216552734,122.20999908447266,97.12976837158205,97.7656021118164,173.7267608642578,97.1384735107422
2016-05-05,14.25,26.88483047485352,67.56156158447266,122.06999969482422,96.74371337890624,97.73767852783205,173.69288635253906,97.78792572021484
2016-05-06,14.220000267028809,27.00716590881348,67.64680480957031,123.18000030517578,97.31404876708984,98.25886535644533,174.32843017578125,97.36995697021484
2016-05-09,14.220000267028809,26.15802001953125,67.476318359375,120.6500015258789,97.59481811523438,98.5380401611328,174.4724578857422,97.67594909667967
2016-05-10,13.869999885559082,26.345121383666992,67.77469635009766,120.9800033569336,98.57752227783205,99.88751220703124,176.64183044433594,97.68341064453124
2016-05-11,13.869999885559082,26.33072280883789,67.93301391601562,122.12000274658205,97.35792541503906,98.98477935791016,174.98941040039062,98.23577117919922
2016-05-12,13.8100004196167,26.172412872314453,68.06697082519531,121.16000366210938,96.84022521972656,98.54737091064452,175.04026794433594,97.78792572021484
2016-05-13,13.899999618530272,25.81980323791504,68.10963439941406,121.70999908447266,96.19971466064452,98.18440246582033,173.5149383544922,98.73584747314452
2016-05-16,13.869999885559082,25.553543090820312,68.14617156982422,121.8000030517578,97.41931915283205,99.41287994384766,175.22669982910156,97.88493347167967
2016-05-17,13.75,25.733444213867188,68.09745025634766,122.22000122070312,95.87508392333984,98.16578674316406,173.5911865234375,98.04918670654295
2016-05-18,13.770000457763672,25.388029098510746,67.43980407714844,120.0999984741211,96.37521362304688,98.51943969726562,173.6420440673828,96.65340423583984
2016-05-19,13.699999809265137,25.208126068115234,67.20841217041016,119.87000274658205,95.60308837890624,98.00758361816406,173.04039001464844,97.07135009765624
2016-05-20,13.609999656677246,25.40241813659668,67.27537536621094,119.70999908447266,97.20872497558594,99.08712768554688,174.133544921875,97.14600372314452
2016-05-23,13.5600004196167,25.35205078125,67.2814712524414,119.37000274658205,97.0947036743164,98.95684814453124,173.8962860107422,97.3624496459961
2016-05-24,13.710000038146973,25.316072463989254,67.43980407714844,117.3000030517578,99.09518432617188,100.93912506103516,176.1503143310547,96.9295425415039
2016-05-25,13.9399995803833,25.51036834716797,67.62854766845703,116.9800033569336,99.67427825927734,101.66504669189452,177.3451690673828,96.56377410888672
2016-05-26,13.989999771118164,25.71185874938965,67.65289306640625,116.58000183105467,99.56021881103516,101.9628677368164,177.39605712890625,97.06390380859376
2016-05-27,13.960000038146973,25.675886154174805,67.6163558959961,115.62000274658205,100.55169677734376,102.4933624267578,178.15867614746094,96.92204284667967
2016-05-31,13.920000076293944,25.330463409423828,67.57982635498047,116.05999755859376,100.90267944335938,102.68878173828124,177.81976318359375,97.15348052978516
2016-06-01,13.75,25.280088424682617,67.81458282470703,115.94000244140624,101.58702087402344,102.69811248779295,178.1841278076172,97.5476303100586
2016-06-02,13.760000228881836,25.37363815307617,67.9369125366211,115.66999816894533,102.36792755126952,102.9121322631836,178.7264404296875,98.250732421875
2016-06-03,13.989999771118164,25.920549392700195,68.47493743896484,118.87999725341795,101.75375366210938,102.42822265625,178.19261169433594,99.64937591552734
2016-06-06,14.039999961853027,26.366701126098636,68.603271484375,118.91999816894533,102.85052490234376,102.80045318603516,179.099365234375,98.90890502929688
2016-06-07,13.640000343322754,26.53221702575684,68.71331787109375,118.81999969482422,103.14883422851562,102.53987884521484,179.3789520263672,99.148193359375
2016-06-08,13.640000343322754,26.75530242919922,69.07408905029297,120.58000183105467,103.91221618652344,102.71671295166016,179.96368408203125,99.67926788330078
2016-06-09,13.479999542236328,26.409889221191406,68.98847961425781,121.25,103.24534606933594,102.54920959472656,179.71795654296875,100.32254028320312
2016-06-10,13.479999542236328,25.93494415283203,68.7255630493164,121.73999786376952,101.84149932861328,101.38584899902344,178.01467895507812,100.80870056152344
2016-06-13,13.479999542236328,25.575136184692383,68.47493743896484,122.63999938964844,100.73595428466795,100.53895568847656,176.64183044433594,101.25743103027344
2016-06-14,13.479999542236328,25.53915405273437,68.16310119628906,122.7699966430664,100.4463882446289,100.53895568847656,176.2943878173828,101.18265533447266
2016-06-15,13.869999885559082,25.740646362304688,68.43209838867188,123.68000030517578,100.5166015625,100.25043487548828,176.04869079589844,101.57159423828124
2016-06-16,13.869999885559082,25.762231826782227,68.44432067871094,122.37999725341795,100.5078125,100.54827880859376,176.57406616210938,102.06524658203124
2016-06-17,13.649999618530272,25.978116989135746,68.37706756591797,123.9499969482422,100.07788848876952,99.36971282958984,175.91647338867188,101.42948150634766
2016-06-20,13.81999969482422,26.33072280883789,68.84175109863281,123.20999908447266,101.16588592529295,99.9949188232422,177.0493927001953,100.34491729736328
2016-06-21,13.979999542236328,26.560997009277344,68.7867660522461,120.83999633789062,100.9728775024414,100.31218719482422,177.5519561767578,99.8812026977539
2016-06-22,14.119999885559082,26.56540298461914,69.08631134033203,120.9000015258789,100.57801818847656,100.06956481933594,177.26229858398438,100.0457992553711
2016-06-23,14.25,27.063867568969727,69.2513656616211,120.11000061035156,102.49954986572266,101.49725341796876,179.57080078125,98.90140533447266
2016-06-24,13.90999984741211,25.685754776000977,68.66437530517578,126.0,98.60383605957033,97.31683349609376,173.12249755859375,101.5566635131836
2016-06-27,13.989999771118164,25.209272384643555,68.87232971191406,126.68000030517578,95.36617279052734,95.38520050048828,170.02194213867188,104.09217834472656
2016-06-28,14.399999618530272,26.28685188293457,69.37974548339844,125.31999969482422,96.84022521972656,97.4754409790039,173.0884552001953,104.30908203125
2016-06-29,14.40999984741211,26.792644500732425,70.07671356201172,125.83999633789062,99.04253387451172,99.2017593383789,176.0356903076172,103.5088119506836
2016-06-30,14.5,26.975902557373047,70.40074920654297,126.47000122070312,100.88512420654295,100.3494873046875,178.4378204345703,103.89026641845705
2016-07-01,14.739999771118164,27.225135803222656,70.6703872680664,128.41000366210938,101.24486541748048,100.85340118408205,178.81268310546875,105.33268737792967
2016-07-05,14.369999885559082,26.99056434631348,70.83011627197266,129.47000122070312,99.75326538085938,100.23753356933594,177.5263671875,106.65153503417967
2016-07-06,14.1899995803833,26.382143020629883,70.92833709716797,130.22999572753906,100.4775619506836,101.05870056152344,178.59115600585938,106.82389831542967
2016-07-07,13.9399995803833,26.770654678344727,70.90377807617188,129.74000549316406,100.68928527832033,101.35730743408205,178.4803924560547,106.81640625
2016-07-08,13.9399995803833,27.24712562561035,71.46885681152344,130.52000427246094,103.03601837158205,102.92498779296876,181.13807678222656,107.6031723022461
2016-07-11,14.199999809265137,27.1738338470459,71.67156982421875,129.2899932861328,104.22705078125,103.51282501220705,181.77688598632807,106.65900421142578
2016-07-12,14.619999885559082,27.53302001953125,71.42589569091797,127.1500015258789,105.62096405029295,104.035400390625,183.0972137451172,104.90558624267578
2016-07-13,14.800000190734863,27.598997116088867,71.46273040771484,128.32000732421875,105.2063446044922,103.78343963623048,183.0717010498047,106.14196014404295
2016-07-14,14.710000038146973,27.987499237060547,71.49341583251953,127.33000183105467,105.3122100830078,104.49264526367188,184.09390258789065,104.59832763671876
2016-07-15,15.029999732971191,27.94351959228516,71.4749984741211,126.83999633789062,105.60333251953124,104.32466888427734,183.84683227539065,103.69918823242188
2016-07-18,14.8100004196167,28.33936309814453,71.37672424316406,127.04000091552734,105.77977752685548,105.01520538330078,184.3408966064453,103.6017837524414
2016-07-19,14.920000076293944,28.30271339416504,71.39511108398438,127.20999908447266,105.2504425048828,104.63262176513672,184.1535186767578,104.18620300292967
2016-07-20,14.859999656677246,28.39067649841309,71.36445617675781,125.38999938964844,105.93859100341795,105.8550033569336,184.92010498046875,103.61673736572266
2016-07-21,14.869999885559082,28.35402107238769,71.36445617675781,127.3000030517578,105.43572998046876,105.61239624023438,184.22169494628903,103.8265609741211
2016-07-22,14.619999885559082,28.51529312133789,71.3705825805664,126.3499984741211,106.2209014892578,106.05097198486328,185.04791259765625,104.00641632080078
2016-07-25,14.710000038146973,28.28072166442871,71.19246673583984,125.47000122070312,106.06208801269533,106.06031036376952,184.54530334472656,103.93145751953124
2016-07-26,14.699999809265137,28.178096771240234,70.98979187011719,126.0,106.57380676269533,106.18161010742188,184.63052368164065,104.09635925292967
2016-07-27,14.5,28.046144485473636,71.30915832519531,128.02999877929688,106.87377166748048,106.9188003540039,184.43463134765625,105.39266967773438
2016-07-28,14.59000015258789,28.002166748046875,71.13716888427734,127.66000366210938,106.60028076171876,107.2920379638672,184.6475982666016,105.19783020019533
2016-07-29,14.609999656677246,28.1854248046875,71.36445617675781,128.97999572753906,106.81201934814452,107.52532196044922,184.9456787109375,106.07455444335938
2016-08-01,14.579999923706056,27.84823226928711,71.09364318847656,129.22000122070312,106.9001922607422,108.09455871582033,184.79234313964844,104.92449951171876
2016-08-02,14.489999771118164,27.818904876708984,70.92709350585938,130.27000427246094,105.40926361083984,107.27336883544922,183.6083831787109,103.84346771240234
2016-08-03,14.550000190734863,27.921533584594727,71.02581024169922,129.64999389648438,106.2650146484375,107.62796020507812,184.1449737548828,103.90352630615234
2016-08-04,14.550000190734863,28.01682472229004,71.50077056884766,129.8699951171875,106.36204528808594,107.93590545654295,184.3408966064453,104.68419647216795
2016-08-05,14.220000267028809,27.914201736450195,71.31573486328125,127.5500030517578,107.89715576171876,108.97169494628906,185.84860229492188,103.59575653076172
2016-08-08,14.220000267028809,28.11944961547852,71.74134063720703,127.44000244140624,107.8442153930664,108.8503875732422,185.73785400390625,103.79092407226562
2016-08-09,14.210000038146973,28.34669685363769,72.07445526123047,127.95999908447266,107.95890808105467,109.10233306884766,185.84860229492188,104.81185150146484
2016-08-10,14.399999618530272,28.34669685363769,72.28417205810547,128.55999755859375,107.18252563476562,108.82241821289062,185.38864135742188,105.21720886230467
2016-08-11,14.40999984741211,28.85981559753418,72.17314910888672,127.66999816894533,107.69424438476562,109.28895568847656,186.2489318847656,104.27888488769533
2016-08-12,14.039999961853027,28.603256225585938,72.4815902709961,127.4000015258789,107.8000946044922,109.36360168457033,186.08709716796875,105.15716552734376
2016-08-15,14.1899995803833,28.68389129638672,72.56796264648438,127.83999633789062,108.86761474609376,109.83015441894533,186.62371826171875,104.16625213623048
2016-08-16,14.31999969482422,28.493303298950195,72.37672424316406,128.47000122070312,107.98538208007812,109.22364807128906,185.66119384765625,103.88853454589844
2016-08-17,14.31999969482422,27.972843170166016,72.59881591796875,128.5,107.66775512695312,109.41958618164062,186.01043701171875,104.51152801513672
2016-08-18,14.31999969482422,28.07546806335449,72.77149963378906,129.11000061035156,108.46178436279295,109.44759368896484,186.4278259277344,104.67674255371094
2016-08-19,14.399999618530272,27.914201736450195,72.43223571777344,127.97000122070312,108.46178436279295,109.41958618164062,186.1552581787109,104.12873840332033
2016-08-22,14.09000015258789,27.50370216369629,72.5248031616211,127.77999877929688,108.70881652832033,109.50355529785156,186.1467742919922,105.00706481933594
2016-08-23,13.880000114440918,27.37908363342285,72.5864486694336,127.76000213623048,109.46753692626952,109.69953155517578,186.5214691162109,105.11963653564452
2016-08-24,13.760000228881836,27.686952590942383,72.33971405029297,126.33999633789062,108.57647705078124,108.99034881591795,185.56753540039065,104.8719253540039
2016-08-25,13.760000228881836,27.86288452148437,72.33353424072266,126.2300033569336,108.78821563720705,108.8130340576172,185.4397125244141,104.47402954101562
2016-08-26,13.649999618530272,27.48170661926269,72.24100494384766,126.0500030517578,108.567626953125,108.97169494628906,185.0904998779297,103.86598205566406
2016-08-29,13.640000343322754,27.467044830322266,72.59881591796875,126.3000030517578,109.13227081298828,109.12100219726562,186.0019073486328,105.25480651855467
2016-08-30,13.630000114440918,27.25446319580078,72.57415008544922,125.02999877929688,109.33518981933594,108.76639556884766,185.69532775878903,104.84939575195312
2016-08-31,13.699999809265137,26.770654678344727,72.30892181396484,124.77999877929688,108.71765899658205,108.65440368652344,185.16717529296875,104.99951934814452
2016-09-01,13.699999809265137,26.829296112060547,72.21720123291016,125.29000091552734,108.79700469970705,108.93433380126952,185.17562866210935,105.11538696289062
2016-09-02,13.699999809265137,27.467044830322266,72.42784118652344,126.56999969482422,109.84688568115234,109.28895568847656,186.01043701171875,104.25804901123048
2016-09-06,13.90999984741211,27.694284439086918,72.87384033203125,128.7100067138672,109.95272827148438,109.97016143798828,186.5726623535156,105.017578125
2016-09-07,13.850000381469728,27.452377319335938,73.07825469970703,128.27000427246094,110.6408920288086,110.03548431396484,186.5556640625,104.9423828125
2016-09-08,13.789999961853027,27.225135803222656,72.74372100830078,127.58999633789062,110.42035675048828,109.3916015625,186.12969970703125,103.62623596191406
2016-09-09,13.630000114440918,26.836631774902344,72.03132629394531,126.75,106.97079467773438,106.63880920410156,181.67474365234372,101.91909790039062
2016-09-12,13.8100004196167,26.909927368164062,72.01895904541016,126.58999633789062,108.46178436279295,108.55178833007812,184.2812957763672,101.97176361083984
2016-09-13,13.779999732971191,26.455453872680664,71.22602844238281,125.75,106.37970733642578,107.58132934570312,181.6321258544922,100.81358337402344
2016-09-14,13.779999732971191,26.47010612487793,71.3623275756836,126.18000030517578,106.39734649658205,108.09455871582033,181.56398010253903,100.96401977539062
2016-09-15,14.140000343322754,26.71934700012207,71.65965270996094,125.37000274658205,107.66775512695312,109.7741928100586,183.37835693359372,100.52780151367188
2016-09-16,14.199999809265137,26.44078254699707,71.45528411865234,125.05999755859376,107.50895690917967,109.72180938720705,182.66946411132807,101.3399887084961
2016-09-19,14.170000076293944,26.514095306396484,71.70924377441406,125.31999969482422,108.2235870361328,109.24469757080078,182.7037811279297,101.0090789794922
2016-09-20,14.170000076293944,26.71200942993164,71.78974151611328,125.44000244140624,107.76481628417967,109.45051574707033,182.7123107910156,101.36257934570312
2016-09-21,14.149999618530272,27.3131046295166,72.5702896118164,127.2699966430664,109.32635498046876,110.52629852294922,184.7669982910156,102.18231964111328
2016-09-22,14.390000343322754,27.686952590942383,72.8552017211914,127.56999969482422,110.89674377441406,111.40563201904295,185.9312744140625,102.99452209472656
2016-09-23,14.489999771118164,27.335094451904297,72.62601470947266,127.6500015258789,110.11155700683594,110.69467163085938,184.9125518798828,102.89674377441406
2016-09-26,14.369999885559082,27.151838302612305,72.40303802490234,127.5500030517578,109.01809692382812,109.76859283447266,183.41429138183597,103.55101013183594
2016-09-27,14.369999885559082,27.1738338470459,72.60746002197266,126.62000274658205,109.46043395996094,110.85372161865234,184.5529327392578,104.31063079833984
2016-09-28,14.300000190734863,27.37908363342285,72.68180084228516,126.22000122070312,110.3008804321289,111.04084014892578,185.46893310546875,104.08499908447266
2016-09-29,14.350000381469728,27.10051918029785,72.39066314697266,126.06999969482422,108.69075012207033,110.23629760742188,183.79098510742188,104.34822082519533
2016-09-30,14.5,27.04187774658203,72.60746002197266,125.63999938964844,109.88507080078124,111.0595245361328,185.17791748046875,103.41569519042967
2016-10-03,14.390000343322754,27.151838302612305,72.7518310546875,125.31999969482422,109.5400619506836,110.90048217773438,184.73269653320312,103.0744171142578
2016-10-04,14.220000267028809,27.078533172607425,72.43449401855469,120.97000122070312,109.00038146972656,110.73211669921876,183.79098510742188,101.86897277832033
2016-10-05,14.229999542236328,27.159162521362305,72.4531478881836,120.77999877929688,109.65509033203124,111.1250228881836,184.60427856445312,101.39429473876952
2016-10-06,14.18000030517578,27.1664981842041,72.34115600585938,119.66000366210938,109.5400619506836,111.06890869140624,184.73269653320312,100.82923126220705
2016-10-07,14.279999732971191,27.093191146850582,72.38470458984375,119.73999786376952,108.66422271728516,110.82567596435548,184.0992126464844,100.89704895019533
2016-10-10,14.380000114440918,27.21048164367676,72.65225982666016,120.16000366210938,109.96467590332033,111.52726745605467,185.05799865722656,100.30186462402344
2016-10-11,14.380000114440918,27.349760055541992,72.07368469238281,119.5500030517578,107.95647430419922,109.93695831298828,182.7208251953125,100.07579803466795
2016-10-12,14.380000114440918,27.357084274291992,72.07368469238281,119.73999786376952,107.8680191040039,109.84342193603516,182.9605712890625,100.17377471923828
2016-10-13,13.989999771118164,27.269123077392575,72.24165344238281,120.02999877929688,106.97450256347656,109.45051574707033,182.36129760742188,100.55046844482422
2016-10-14,13.859999656677246,27.408397674560547,71.88079071044922,119.36000061035156,106.54102325439452,109.58145904541016,182.4554443359375,99.14156341552734
2016-10-17,13.84000015258789,27.48903465270996,71.89942932128906,119.68000030517578,106.41716003417967,109.2821273803711,181.82192993164065,99.7744598388672
2016-10-18,13.84000015258789,27.936185836791992,72.0114517211914,120.41999816894533,107.027587890625,110.25501251220705,182.9605712890625,100.09845733642578
2016-10-19,13.779999732971191,28.500635147094727,72.1047592163086,121.11000061035156,107.47876739501952,110.24567413330078,183.44854736328125,100.18128204345705
2016-10-20,13.789999961853027,28.41266441345215,72.16699981689453,120.73999786376952,107.1603012084961,110.11469268798828,183.1061248779297,100.28678894042967
2016-10-21,13.789999961853027,28.493303298950195,72.4655990600586,120.83000183105467,107.10721588134766,110.52629852294922,183.1917266845703,100.43744659423828
2016-10-24,13.699999809265137,28.83050346374512,72.45941925048828,120.55999755859376,107.78840637207033,111.85468292236328,183.9707946777344,100.0004653930664
2016-10-25,14.06999969482422,29.3582820892334,72.49049377441406,121.47000122070312,106.98334503173828,111.4992218017578,183.35433959960935,100.2641830444336
2016-10-26,14.079999923706056,29.13837432861328,72.06743621826172,120.79000091552734,105.9217529296875,110.74147033691406,182.9862823486328,99.58610534667967
2016-10-27,14.199999809265137,29.25566291809082,71.45153045654297,121.01000213623048,104.7097396850586,110.23629760742188,182.4982452392578,98.50116729736328
2016-10-28,14.380000114440918,29.262989044189453,71.2773208618164,121.58000183105467,104.41779327392578,109.54403686523438,181.9588623046875,98.28266143798828
2016-10-31,14.449999809265137,29.29964828491211,71.35198211669922,121.94000244140624,104.8335952758789,109.4411849975586,181.96743774414065,98.88542175292967
2016-11-01,14.59000015258789,29.18235969543457,71.27887725830078,122.7300033569336,103.55081939697266,108.61795806884766,180.6490020751953,98.8929672241211
2016-11-02,14.539999961853027,29.10172271728516,71.20394897460938,123.63999938964844,102.23267364501952,107.74795532226562,179.561767578125,99.32325744628906
2016-11-03,14.670000076293944,28.933130264282227,71.39134216308594,124.3000030517578,101.73724365234376,106.69086456298828,178.73988342285156,98.56085205078124
2016-11-04,14.850000381469728,28.41266441345215,71.2164306640625,124.38999938964844,102.39190673828124,106.31670379638672,178.5430450439453,99.44403839111328
2016-11-07,15.15999984741211,29.131044387817383,71.79106903076172,122.1500015258789,104.89552307128906,108.84246826171876,182.48110961914065,98.5985870361328
2016-11-08,15.630000114440918,29.52688980102539,71.97846221923828,121.63999938964844,105.16976165771484,109.55341339111328,183.30300903320312,98.19850158691406
2016-11-09,16.100000381469727,29.40227699279785,70.91041564941406,121.55999755859376,108.40767669677734,110.05858612060548,185.24642944335935,94.03174591064452
2016-11-10,16.700000762939453,28.07546806335449,68.29335021972656,119.75,110.1416244506836,108.28118133544922,185.7086639404297,92.64280700683594
2016-11-11,16.549999237060547,27.45971298217773,67.8998794555664,117.0999984741211,112.67176818847656,108.32795715332033,185.28062438964844,92.12198638916016
2016-11-14,16.450000762939453,26.96858024597168,67.55631256103516,116.11000061035156,114.2553253173828,107.23345947265624,185.42611694335935,91.5708999633789
2016-11-15,16.389999389648438,27.45971298217773,68.71807098388672,117.12000274658205,114.60921478271484,108.72086334228516,186.87298583984372,92.02384948730467
2016-11-16,16.15999984741211,27.43772315979004,68.67435455322266,116.7699966430664,114.60037994384766,109.36632537841795,186.52197265625,92.85418701171876
2016-11-17,16.3700008392334,27.349760055541992,68.53070068359375,116.16999816894533,115.272705078125,110.1614761352539,187.4808654785156,91.48789978027344
2016-11-18,16.329999923706055,27.195823669433597,68.14347076416016,115.1500015258789,115.88314819335938,109.7498550415039,187.0613555908203,91.22369384765624
2016-11-21,16.579999923706055,27.82623672485352,68.44325256347656,115.58000183105467,116.42279052734376,110.89114379882812,188.47390747070312,91.45015716552734
2016-11-22,16.760000228881836,27.6063232421875,68.74307250976562,115.54000091552734,117.48439025878906,111.22792053222656,188.84210205078125,91.41992950439452
2016-11-23,17.200000762939453,27.452377319335938,68.23091125488281,113.25,118.21868133544922,110.77887725830078,188.9448089599609,91.06517028808594
2016-11-25,17.610000610351562,27.48170661926269,68.27462768554688,112.61000061035156,118.60791015625,111.13439178466795,189.64678955078125,91.20104217529295
2016-11-28,17.40999984741211,27.452377319335938,68.51194763183594,113.8000030517578,117.06861877441406,110.88176727294922,188.7564697265625,91.87287139892578
2016-11-29,17.110000610351562,27.45971298217773,68.44325256347656,113.2699966430664,117.00667572021484,111.26534271240234,189.1246337890625,92.25787353515624
2016-11-30,16.889999389648438,27.467044830322266,68.27462768554688,111.75,116.43163299560548,109.91826629638672,188.6708984375,90.7632064819336
2016-12-01,17.299999237060547,27.349760055541992,67.89519500732422,111.54000091552734,115.86547088623048,108.01923370361328,187.97743225097656,89.80492401123047
2016-12-02,17.170000076293945,27.635644912719727,67.93909454345703,112.13999938964844,115.80352783203124,108.23439025878906,188.07156372070312,90.46292114257812
2016-12-05,17.520000457763672,28.068138122558597,68.22754669189453,111.54000091552734,117.79400634765624,109.07630920410156,189.2017059326172,90.36463928222656
2016-12-06,17.530000686645508,28.200084686279297,68.55996704101562,111.43000030517578,119.0679702758789,109.33824157714844,189.80093383789065,90.29656982421876
2016-12-07,17.299999237060547,28.735206604003903,68.96131896972656,111.83000183105467,120.22689056396484,110.72273254394533,192.2836456298828,91.06806182861328
2016-12-08,17.079999923706055,28.94778823852539,68.9174575805664,111.56999969482422,122.12008666992188,110.91920471191406,192.75450134277344,89.99397277832031
2016-12-09,17.299999237060547,29.08706283569336,68.62895965576172,110.4000015258789,122.35897064208984,111.78923034667967,193.9188232421875,88.87454986572266
2016-12-12,17.049999237060547,28.874486923217773,68.80458068847656,110.81999969482422,121.06732940673828,111.2840576171875,193.69631958007807,89.04096221923828
2016-12-13,17.010000228881836,29.14570617675781,69.01777648925781,110.4499969482422,121.07621002197266,112.6872329711914,194.98899841308597,89.35859680175781
2016-12-14,16.989999771118164,28.134113311767575,68.41570281982422,108.83000183105467,119.56338500976562,112.45340728759766,193.3794403076172,88.3602523803711
2016-12-15,16.84000015258789,27.994834899902344,68.29029846191406,107.33999633789062,120.45686340332033,112.63111877441406,194.1756896972656,88.80648803710938
2016-12-16,16.59000015258789,27.64297103881836,68.42830657958984,108.0500030517578,120.23577880859376,112.21360778808594,193.7958984375,88.60224914550781
2016-12-19,16.209999084472656,27.37175178527832,68.73558044433594,108.58999633789062,121.02310943603516,112.67337799072266,194.2178649902344,89.55529022216797
2016-12-20,16.299999237060547,27.36441993713379,68.8547592163086,107.79000091552734,122.04932403564452,113.10494995117188,194.9670867919922,89.10903930664062
2016-12-21,16.299999237060547,27.19941520690918,69.08049774169922,107.8499984741211,121.25306701660156,113.02049255371094,194.4245758056641,89.50238037109375
2016-12-22,16.389999389648438,26.89875602722168,69.1012191772461,107.58999633789062,120.20761108398438,112.70149993896484,194.08868408203125,89.34237670898438
2016-12-23,16.270000457763672,26.5467529296875,69.20811462402344,107.93000030517578,120.84713745117188,112.77654266357422,194.3729248046875,89.52433776855469
2016-12-27,16.360000610351562,26.60542297363281,69.14525604248047,108.55999755859376,121.38903045654295,113.35826110839844,194.8551483154297,89.23617553710938
2016-12-28,16.290000915527344,27.00141716003418,69.23954010009766,108.86000061035156,120.1454086303711,112.47633361816406,193.24473571777344,89.88835906982422
2016-12-29,16.260000228881836,27.610088348388672,69.40300750732422,110.29000091552734,120.251953125,112.31683349609376,193.2017059326172,90.20685577392578
2016-12-30,16.350000381469727,27.4414176940918,69.28981018066406,109.61000061035156,119.79004669189452,111.16281127929688,192.49549865722656,90.34336853027344
2017-01-03,16.239999771118164,27.309419631958008,69.52869415283203,110.47000122070312,120.38523864746094,112.15731811523438,193.96815490722656,90.7300796508789
2017-01-04,16.639999389648438,27.34608459472656,69.96249389648438,110.86000061035156,122.39283752441406,112.76718139648438,195.1220703125,91.07896423339844
2017-01-05,16.479999542236328,27.734752655029297,70.5031509399414,112.58000183105467,120.98037719726562,113.40515899658205,194.9670867919922,92.50469207763672
2017-01-06,16.469999313354492,27.5294132232666,70.46539306640625,111.75,120.53624725341795,114.3997039794922,195.66465759277344,91.65535736083984
2017-01-09,16.59000015258789,27.294750213623047,70.38367462158203,112.66999816894533,119.7456283569336,114.77500915527344,195.0187225341797,92.39087677001952
2017-01-10,17.040000915527344,27.43408966064453,70.2705078125,113.1500015258789,120.89154815673828,115.02833557128906,195.0187225341797,92.33029174804688
2017-01-11,16.889999389648438,27.749422073364254,70.33969116210938,113.5,121.10476684570312,115.33795166015624,195.5699462890625,92.64117431640624
2017-01-12,17.329999923706055,28.16742515563965,70.47798919677734,113.91000366210938,120.17198181152344,115.15970611572266,195.0790100097656,92.4365005493164
2017-01-13,17.59000015258789,28.402084350585938,70.5094223022461,114.20999908447266,121.04261016845705,115.55377197265624,195.52682495117188,91.99658966064452
2017-01-17,17.1299991607666,28.387420654296875,70.79857635498047,115.8499984741211,119.39917755126952,115.20662689208984,194.83795166015625,92.95973205566406
2017-01-18,17.1200008392334,28.51942253112793,70.30196380615234,114.87000274658205,119.79004669189452,115.441162109375,195.2684631347656,91.76905059814452
2017-01-19,17.0,28.431419372558597,70.13225555419922,114.7699966430664,118.8128890991211,115.38487243652344,194.54513549804688,91.13961791992188
2017-01-20,17.139999389648438,28.592754364013672,70.22024536132812,115.0500030517578,119.42584228515624,115.6382064819336,195.25991821289065,90.95765686035156
2017-01-23,17.329999923706055,28.89342498779297,70.55342102050781,115.79000091552734,118.92837524414062,115.73201751708984,194.75181579589844,91.86768341064452
2017-01-24,17.729999542236328,28.97408866882324,70.32081604003906,115.2699966430664,120.74940490722656,116.5107192993164,196.00051879882807,91.23822784423828
2017-01-25,17.729999542236328,29.39208984375,70.23908233642578,114.31999969482422,121.88648986816406,117.68356323242188,197.69700622558597,90.09309387207033
2017-01-26,17.469999313354492,29.208749771118164,70.18251037597656,113.26000213623048,121.39787292480467,117.8055191040039,197.49029541015625,90.39646911621094
2017-01-27,17.6200008392334,28.922754287719727,70.38998413085938,113.48999786376952,120.98037719726562,118.03069305419922,197.1802673339844,90.72254180908205
2017-01-30,17.420000076293945,28.585418701171875,70.23279571533203,113.97000122070312,119.29256439208984,117.11124420166016,195.9573974609375,90.44952392578124
2017-01-31,17.780000686645508,28.5120906829834,70.49057006835938,115.5500030517578,120.12760162353516,116.8766632080078,195.94021606445312,91.07896423339844
2017-02-01,17.68000030517578,28.56342315673828,70.50444793701172,115.1999969482422,120.05650329589844,117.68356323242188,196.0177001953125,90.51583099365234
2017-02-02,17.459999084472656,29.03275489807129,70.71273803710938,115.83999633789062,119.75450134277344,117.58035278320312,196.1468963623047,90.47779083251952
2017-02-03,17.139999389648438,29.49476432800293,71.12299346923828,116.12999725341795,121.58444213867188,117.91810607910156,197.4989471435547,90.4397964477539
2017-02-06,17.190000534057617,29.28941535949707,71.12299346923828,117.6999969482422,120.66948699951172,118.05887603759766,197.1457977294922,90.98702239990234
2017-02-07,17.209999084472656,29.05475234985352,71.03457641601562,117.45999908447266,120.13648986816406,118.49044799804688,197.1544647216797,91.65583038330078
2017-02-08,17.510000228881836,29.106088638305664,71.31227111816406,118.19000244140624,119.92330932617188,118.6874771118164,197.41281127929688,92.90221405029295
2017-02-09,17.260000228881836,29.443418502807617,71.21763610839844,117.29000091552734,121.611083984375,119.11904907226562,198.58399963378903,91.83059692382812
2017-02-10,18.100000381469727,30.103425979614254,71.32492065429688,117.5999984741211,122.53496551513672,119.51312255859376,199.36770629882807,91.77742767333984
2017-02-13,18.26000022888184,30.22075843811035,71.40067291259766,116.8000030517578,122.85474395751952,120.18865203857422,200.4527130126953,91.48863983154295
2017-02-14,17.8700008392334,30.264760971069336,71.32492065429688,116.93000030517578,123.26337432861328,120.59213256835938,201.2535858154297,90.827392578125
2017-02-15,18.09000015258789,30.35275650024414,71.30596923828125,117.4499969482422,124.00064849853516,121.30517578125,202.3041534423828,90.40945434570312
2017-02-16,17.829999923706055,30.22075843811035,71.26808166503906,118.08000183105467,123.65421295166016,121.26765441894533,202.1319274902344,90.90338897705078
2017-02-17,17.709999084472656,29.8760986328125,71.287109375,117.68000030517578,123.57425689697266,121.79305267333984,202.4506072998047,91.44304656982422
2017-02-21,17.969999313354492,30.16209602355957,71.39437103271484,117.75,124.54253387451172,122.3935089111328,203.65625,91.2834243774414
2017-02-22,17.889999389648438,30.25009155273437,71.49534606933594,117.91000366210938,123.99178314208984,122.44042205810548,203.4753875732422,91.43543243408205
2017-02-23,17.309999465942383,30.1840934753418,71.70360565185547,118.94000244140624,123.2545166015625,121.980712890625,203.61317443847656,91.70902252197266
2017-02-24,17.510000228881836,29.766096115112305,71.84246826171875,119.6999969482422,123.16564178466795,122.21524047851562,203.8714904785156,92.72744750976562
2017-02-27,17.540000915527344,29.685434341430664,71.67206573486328,119.12000274658205,124.36487579345705,122.36536407470705,204.1901397705078,92.18021392822266
2017-02-28,17.59000015258789,29.546092987060547,71.67206573486328,119.2300033569336,122.44610595703124,121.9900894165039,203.6389923095703,92.522216796875
2017-03-01,17.75,29.934762954711918,71.69801330566406,119.05999755859376,124.68468475341795,123.32239532470705,206.4894561767578,90.9718780517578
2017-03-02,17.530000686645508,29.634092330932617,71.36223602294922,117.58000183105467,123.2545166015625,122.7031478881836,205.18911743164065,90.64449310302734
2017-03-03,17.670000076293945,29.883419036865234,71.69168090820312,117.51000213623048,123.16564178466795,122.9283447265625,205.31829833984372,90.8804931640625
2017-03-06,17.350000381469727,30.037431716918945,71.66638946533203,116.72000122070312,122.32174682617188,122.65624237060548,204.7068328857422,90.44649505615234
2017-03-07,17.06999969482422,30.1840934753418,71.61563110351562,115.77999877929688,121.52229309082033,122.4498062133789,204.0953826904297,90.17233276367188
2017-03-08,16.940000534057617,29.78076934814453,71.05811309814453,115.05999755859376,120.72280883789062,122.66561889648438,203.7164764404297,89.68500518798828
2017-03-09,16.90999984741211,29.67074966430664,70.61455535888672,114.47000122070312,120.24308013916016,122.75945281982422,203.9748077392578,88.96924591064453
2017-03-10,16.950000762939453,29.736757278442383,70.91236877441406,114.72000122070312,120.77606964111328,123.27549743652344,204.6896209716797,89.28144836425781
2017-03-13,17.149999618530273,30.25009155273437,70.79830932617188,114.73999786376952,121.06037139892578,123.48193359375,204.79293823242188,88.7179183959961
2017-03-14,17.209999084472656,29.95675277709961,70.5829086303711,114.12000274658205,120.48294067382812,123.1816177368164,204.0092315673828,89.14439392089844
2017-03-15,17.420000076293945,30.4627628326416,71.54595947265625,116.25,122.34840393066406,123.9416046142578,205.774658203125,90.2332763671875
2017-03-16,17.389999389648438,30.917428970336918,71.33056640625,116.7300033569336,122.50830841064452,123.85714721679688,205.3698883056641,89.77638244628906
2017-03-17,17.59000015258789,31.027423858642575,71.62201690673828,116.98999786376952,122.9968719482422,123.81394958496094,205.00930786132807,90.3398666381836
2017-03-20,17.309999465942383,31.269426345825195,71.77405548095703,117.51000213623048,122.4638671875,123.92676544189452,204.78439331054688,90.72821807861328
2017-03-21,17.059999465942383,31.276763916015625,71.78038024902344,118.54000091552734,119.00831604003906,122.04638671875,202.15501403808597,91.48207092285156
2017-03-22,17.239999771118164,31.269426345825195,71.85005187988281,118.83000183105467,119.03498077392578,122.87372589111328,202.6307678222656,91.8475341796875
2017-03-23,17.280000686645508,31.416095733642575,71.95777130126953,118.66999816894533,119.72785186767578,122.5634994506836,202.4145355224609,91.71810150146484
2017-03-24,17.200000762939453,31.81209754943848,72.06549835205078,118.86000061035156,119.8142318725586,122.81731414794922,202.26751708984372,92.0455093383789
2017-03-27,17.1299991607666,31.650766372680664,72.05916595458984,119.52999877929688,120.0370101928711,123.01477813720705,202.0598602294922,92.46437072753906
2017-03-28,17.420000076293945,32.24477005004883,72.03382110595703,119.04000091552734,120.97241973876952,123.76693725585938,203.53028869628903,91.8475341796875
2017-03-29,17.399999618530273,32.27409744262695,72.26823425292969,119.33000183105467,121.3643798828125,124.34048461914062,203.7205810546875,92.39583587646484
2017-03-30,17.43000030517578,32.12010192871094,72.14154052734375,118.47000122070312,122.28202056884766,124.5472640991211,204.3691864013672,91.64958953857422
2017-03-31,17.309999465942383,31.9440975189209,72.04017639160156,118.72000122070312,122.47802734375,124.46267700195312,203.8935394287109,91.91609191894533
2017-04-03,17.0,32.1274299621582,72.23542022705078,119.3499984741211,121.18621063232422,124.387451171875,203.53895568847656,92.84323120117188
2017-04-04,17.110000610351562,32.09809875488281,72.1018295288086,119.62000274658205,121.04370880126952,124.5849151611328,203.66867065429688,92.33960723876952
2017-04-05,17.510000228881836,32.36943435668945,72.36901092529297,119.62000274658205,119.67173767089844,124.0771713256836,203.063232421875,92.62194061279295
2017-04-06,17.360000610351562,32.8167724609375,72.330810546875,119.18000030517578,120.7853546142578,124.14301300048828,203.63406372070312,92.48458099365234
2017-04-07,17.260000228881836,32.89010238647461,72.28631591796875,119.45999908447266,120.73190307617188,124.0771713256836,203.4264678955078,92.11068725585938
2017-04-10,17.040000915527344,33.25676345825195,72.27995300292969,119.45999908447266,120.99916076660156,124.12419128417967,203.54754638671875,92.53800201416016
2017-04-11,17.059999465942383,32.897430419921875,72.4007797241211,121.19000244140624,121.96126556396484,123.58827209472656,203.30540466308597,93.4155044555664
2017-04-12,16.639999389648438,32.96343994140625,72.61073303222656,122.0199966430664,120.30425262451172,123.0899887084961,202.4145355224609,93.92678833007812
2017-04-13,16.75,33.09543991088867,72.57892608642578,122.5999984741211,119.12830352783205,122.60110473632812,201.09988403320312,94.21676635742188
2017-04-17,16.940000534057617,33.293434143066406,72.69336700439453,122.23999786376952,120.5269775390625,123.61650848388672,202.881591796875,93.92678833007812
2017-04-18,16.56999969482422,32.93409729003906,72.82696533203125,122.81999969482422,120.55376434326172,123.4284439086914,202.27615356445312,95.15536499023438
2017-04-19,16.549999237060547,32.640769958496094,72.61708068847656,121.7300033569336,120.97241973876952,123.62592315673828,201.90423583984372,94.63648223876952
2017-04-20,16.639999389648438,32.6187629699707,72.6679458618164,121.95999908447266,122.51363372802734,124.66007995605467,203.54754638671875,94.27019500732422
2017-04-21,16.639999389648438,32.53810119628906,72.85240936279297,122.30999755859376,122.23748016357422,124.63189697265624,202.8988800048828,94.27019500732422
2017-04-24,16.690000534057617,32.63343811035156,73.07498931884766,121.4800033569336,123.76084899902344,126.13619995117188,205.1303253173828,93.80472564697266
2017-04-25,16.959999084472656,32.24477005004883,72.89057922363281,120.25,124.9636001586914,127.04822540283205,206.32391357421875,92.67536163330078
2017-04-26,16.940000534057617,31.95143318176269,72.87784576416016,120.83999633789062,125.6049575805664,126.8695297241211,206.19415283203125,93.1866226196289
2017-04-27,16.809999465942383,31.599424362182617,73.043212890625,120.38999938964844,125.56932067871094,127.6311264038086,206.3671417236328,93.1561050415039
2017-04-28,16.899999618530273,31.48943328857422,73.27217864990234,120.7699966430664,123.88562774658205,127.85676574707033,205.9174041748047,93.36212921142578
2017-05-01,17.270000457763672,31.504100799560547,73.17259216308594,119.66999816894533,124.59827423095705,128.99440002441406,206.43638610839844,92.5859832763672
2017-05-02,17.100000381469727,31.973434448242188,73.4343490600586,119.6500015258789,123.96574401855467,129.21063232421875,206.51419067382807,93.06008911132812
2017-05-03,16.399999618530273,31.66543960571289,73.34498596191406,117.9800033569336,123.19957733154295,128.79698181152344,206.26339721679688,93.12125396728516
2017-05-04,16.299999237060547,31.40876007080078,73.01293182373047,116.79000091552734,123.03038024902344,128.84396362304688,206.5055389404297,92.66246795654295
2017-05-05,16.440000534057617,31.614097595214844,73.08956909179688,117.01000213623048,123.8232192993164,129.3140106201172,207.3185577392578,92.7465591430664
2017-05-08,16.100000381469727,31.0494327545166,72.8916244506836,116.75,123.3065185546875,129.59609985351562,207.28399658203125,92.24186706542967
2017-05-09,16.1299991607666,30.93942642211914,72.82141876220703,116.0500030517578,123.25308990478516,130.04745483398438,207.0936737060547,92.2342529296875
2017-05-10,16.270000457763672,31.32076835632324,73.0321044921875,116.04000091552734,124.01921844482422,130.1226348876953,207.46556091308597,92.12716674804688
2017-05-11,16.360000610351562,31.357425689697266,73.15343475341797,116.5,123.15509796142578,130.0192108154297,207.0417633056641,92.12716674804688
2017-05-12,16.420000076293945,31.526094436645508,73.40882110595703,116.83000183105467,122.50469970703124,130.31069946289062,206.6958465576172,92.8230209350586
2017-05-15,16.450000762939453,32.00276565551758,73.46630096435547,117.13999938964844,123.45796966552734,130.7243194580078,207.8374938964844,92.57069396972656
2017-05-16,16.639999389648438,32.01742935180664,73.47906494140625,117.6500015258789,123.50249481201172,131.2696533203125,207.6472625732422,92.91476440429688
2017-05-17,16.530000686645508,31.62876510620117,73.4726791381836,119.79000091552734,120.1706314086914,127.93196105957033,203.96270751953125,94.2682647705078
2017-05-18,16.43000030517578,31.012771606445312,73.09595489501953,118.80999755859376,120.60716247558594,129.05078125,204.78439331054688,94.37532806396484
2017-05-19,16.829999923706055,31.4454345703125,73.37687683105469,119.4000015258789,121.18621063232422,129.59609985351562,206.1163482666016,94.59708404541016
2017-05-22,16.850000381469727,31.39409828186035,73.34498596191406,119.9000015258789,122.00585174560548,130.686767578125,207.1628875732422,94.33712768554688
2017-05-23,16.790000915527344,31.37943649291992,73.38966369628906,119.13999938964844,122.40675354003906,130.81834411621094,207.62124633789065,93.7024154663086
2017-05-24,16.809999465942383,31.72410011291504,73.67060089111328,119.61000061035156,122.48689270019533,131.42010498046875,208.1056060791016,94.23001861572266
2017-05-25,16.8700008392334,31.775434494018555,73.61312866210938,119.4800033569336,122.56710815429688,132.5388946533203,209.10028076171875,94.26062774658205
2017-05-26,16.65999984741211,31.82676696777344,73.7408218383789,120.54000091552734,122.53143310546876,132.7740020751953,209.0570526123047,94.42117309570312
2017-05-30,16.610000610351562,31.78276252746582,73.77914428710938,120.13999938964844,121.5693130493164,132.8867950439453,208.8753967285156,94.8876495361328
2017-05-31,16.760000228881836,31.46742820739746,73.8302230834961,120.62000274658205,121.444580078125,132.8397979736328,208.8235015869141,95.12467193603516
2017-06-01,16.850000381469727,31.8414306640625,73.95459747314453,120.72000122070312,123.78759002685548,133.35693359375,210.484130859375,95.1346664428711
2017-06-02,16.700000762939453,31.9440975189209,74.35840606689453,121.61000061035156,124.58936309814452,134.88002014160156,211.1846923828125,96.26111602783205
2017-06-05,16.600000381469727,31.958770751953125,74.23020935058594,121.7300033569336,123.81428527832033,134.8517608642578,211.029052734375,95.66336822509766
2017-06-06,16.549999237060547,32.12010192871094,74.38404846191406,123.0999984741211,123.6985321044922,134.3158416748047,210.35443115234372,96.1844711303711
2017-06-07,16.670000076293945,31.98810386657715,74.31991577148438,122.4499969482422,123.81428527832033,134.84242248535156,210.7436370849609,95.72466278076172
2017-06-08,16.850000381469727,31.9367733001709,74.21094512939453,121.6500015258789,125.50698852539062,134.98342895507812,210.8473663330078,95.47180938720705
2017-06-09,17.059999465942383,31.98810386657715,74.05071258544922,120.54000091552734,126.15735626220705,131.60816955566406,210.5273895263672,95.32624053955078
2017-06-12,16.899999618530273,32.090763092041016,74.04428100585938,120.36000061035156,125.952392578125,130.90298461914062,210.484130859375,95.2955551147461
2017-06-13,16.829999923706055,32.325435638427734,74.15971374511719,120.4800033569336,126.59388732910156,131.9654083251953,211.51336669921875,95.31090545654295
2017-06-14,16.829999923706055,32.237430572509766,74.31991577148438,119.81999969482422,125.84549713134766,131.39190673828125,211.2452545166016,96.78215789794922
2017-06-15,16.639999389648438,31.907434463500977,74.08279418945312,119.31999969482422,125.2041015625,130.80899047851562,210.8387756347656,96.62889862060548
2017-06-16,16.639999389648438,31.8414306640625,74.07633972167969,119.33999633789062,124.89226531982422,130.24142456054688,210.88478088378903,96.82046508789062
2017-06-19,16.799999237060547,31.8414306640625,73.99948120117188,118.43000030517578,125.81879425048828,132.41920471191406,212.64044189453125,96.6825714111328
2017-06-20,16.799999237060547,31.360008239746094,73.65332794189453,118.18000030517578,124.54484558105467,131.38214111328125,211.20640563964844,97.54845428466795
2017-06-21,16.829999923706055,31.061899185180664,73.49951171875,118.5199966430664,124.23304748535156,132.6831512451172,211.1542205810547,97.7476806640625
2017-06-22,16.829999923706055,31.233308792114254,73.65972900390625,118.91999816894533,124.7052001953125,132.6454315185547,211.0586395263672,97.96224975585938
2017-06-23,16.989999771118164,31.43453025817871,73.90330505371094,119.43000030517578,125.5337371826172,133.15457153320312,211.3106689453125,97.91626739501952
2017-06-26,17.020000457763672,31.568675994873047,74.03790283203125,118.36000061035156,125.68515014648438,132.53236389160156,211.44973754882807,98.2840805053711
2017-06-27,17.06999969482422,31.25566864013672,73.65332794189453,118.80999755859376,124.58049011230467,130.12832641601562,209.74624633789065,97.2342529296875
2017-06-28,17.239999771118164,31.091711044311523,73.73664093017578,118.9000015258789,126.48694610595705,132.00440979003906,211.6235809326172,96.91240692138672
2017-06-29,17.239999771118164,30.98737907409668,73.39054107666016,118.31999969482422,125.73857879638672,129.7135009765625,209.763671875,96.10015869140624
2017-06-30,17.459999084472656,31.0544490814209,73.30079650878906,118.0199966430664,125.5426254272461,129.76060485839844,210.1547393798828,95.8779525756836
2017-07-03,17.270000457763672,31.2109489440918,73.0646743774414,116.08999633789062,126.59388732910156,128.39366149902344,210.5111083984375,95.56924438476562
2017-07-05,17.1299991607666,31.82206153869629,73.00030517578125,116.5199966430664,126.13951873779295,129.65695190429688,210.9978179931641,95.59226989746094
2017-07-06,17.200000762939453,31.605934143066406,72.6013412475586,116.47000122070312,124.49236297607422,128.48789978027344,209.0683441162109,94.8014144897461
2017-07-07,17.200000762939453,31.762439727783203,72.64640808105469,115.27999877929688,125.7002182006836,129.87379455566406,210.4241943359375,94.2332000732422
2017-07-10,17.049999237060547,32.13505935668945,72.96810150146484,115.47000122070312,125.1544418334961,130.7222442626953,210.6501617431641,94.37139892578124
2017-07-11,17.049999237060547,32.142513275146484,73.0389404296875,115.62000274658205,125.5212173461914,131.08990478515625,210.49365234375,94.53264617919922
2017-07-12,17.049999237060547,32.61201477050781,73.47003936767578,116.02999877929688,126.487548828125,132.6454315185547,212.0754852294922,95.18529510498048
2017-07-13,17.049999237060547,32.91011047363281,73.4764633178711,115.81999969482422,126.59493255615234,132.9376983642578,212.43185424804688,94.5863800048828
2017-07-14,17.049999237060547,33.18585968017578,73.6630630493164,116.7699966430664,126.8096694946289,133.984130859375,213.42263793945312,94.70157623291016
2017-07-17,17.610000610351562,33.33490753173828,73.68879699707031,117.29000091552734,127.1049346923828,134.0501708984375,213.3966064453125,94.96261596679688
2017-07-18,17.649999618530273,33.595741271972656,73.9011459350586,118.11000061035156,126.77384185791016,134.94581604003906,213.50958251953125,95.79191589355467
2017-07-19,17.649999618530273,33.69261932373047,73.98479461669922,118.08000183105467,128.03546142578125,135.73765563964844,214.6655120849609,95.83029174804688
2017-07-20,17.559999465942383,33.67026901245117,74.01051330566406,118.23999786376952,128.1249237060547,135.9167938232422,214.76112365722656,96.10678100585938
2017-07-21,17.520000457763672,33.5286750793457,74.18428039550781,119.26000213623048,127.5433120727539,135.8602294921875,214.5699462890625,96.51373291015624
2017-07-24,17.520000457763672,33.49886703491211,74.03624725341797,119.30999755859376,127.72230529785156,136.48243713378906,214.5177154541016,96.13746643066406
2017-07-25,18.270000457763672,33.700077056884766,73.81747436523438,118.91999816894533,128.8854522705078,136.13365173339844,215.0392303466797,94.88583374023438
2017-07-26,18.56999969482422,34.08015823364258,74.21642303466797,119.87999725341795,128.169677734375,136.57675170898438,215.0479278564453,95.03944396972656
2017-07-27,18.540000915527344,33.91619873046875,74.1070327758789,119.79000091552734,127.35545349121094,135.71881103515625,214.8479766845703,94.57103729248048
2017-07-28,18.59000015258789,33.871490478515625,74.1070327758789,120.69000244140624,127.01544952392578,135.60568237304688,214.5959625244141,95.1315689086914
2017-07-31,18.63999938964844,33.878929138183594,74.16495513916016,120.75,126.6127700805664,135.03060913085938,214.4743194580078,95.24675750732422
2017-08-01,18.56999969482422,33.878929138183594,74.25148010253906,120.6500015258789,126.85440826416016,135.3417205810547,214.9523468017578,95.91549682617188
2017-08-02,18.61000061035156,33.908748626708984,74.35491943359375,120.4000015258789,125.46755981445312,135.7093963623047,215.05653381347656,95.96932983398438
2017-08-03,18.57999992370605,33.96091842651367,74.6133041381836,120.58999633789062,124.84129333496094,135.18145751953125,214.63946533203125,96.9620590209961
2017-08-04,18.6200008392334,34.00564193725586,74.4388656616211,119.6500015258789,125.44965362548828,135.42657470703125,215.03054809570312,96.13866424560548
2017-08-07,18.739999771118164,34.22174835205078,74.57450103759766,119.51000213623048,125.6554946899414,136.28440856933594,215.43035888671875,96.24636840820312
2017-08-08,18.93000030517578,34.20684051513672,74.41946411132812,119.86000061035156,125.26179504394533,136.04881286621094,214.900146484375,95.9001007080078
2017-08-09,18.82999992370605,33.93110656738281,74.4453353881836,121.30999755859376,124.1791763305664,135.86965942382812,214.89149475097656,96.42344665527344
2017-08-10,18.729999542236328,33.79696273803711,74.1352310180664,122.20999908447266,121.92444610595705,132.95654296875,211.85824584960935,97.24678802490234
2017-08-11,18.790000915527344,33.68517303466797,74.27088165283203,122.79000091552734,122.1033935546875,133.96530151367188,212.17112731933597,97.29296875
2017-08-14,18.76000022888184,33.953460693359375,74.4388656616211,121.91999816894533,123.9554672241211,135.69053649902344,214.27435302734372,96.79273986816406
2017-08-15,18.63999938964844,34.06525039672852,74.458251953125,120.9800033569336,122.93549346923828,135.7848358154297,214.24835205078125,96.3848648071289
2017-08-16,19.190000534057617,34.4453239440918,74.52283477783203,121.87000274658205,122.97130584716795,136.02053833007812,214.6220245361328,96.7388687133789
2017-08-17,18.709999084472656,34.22174835205078,74.458251953125,122.48999786376952,120.72547912597656,133.23936462402344,211.27598571777344,97.46226501464844
2017-08-18,18.920000076293945,34.437870025634766,74.64561462402344,122.3000030517578,120.71656799316406,133.14511108398438,210.94569396972656,97.4392318725586
2017-08-21,19.239999771118164,34.691261291503906,74.71663665771484,122.76000213623048,120.63601684570312,132.97547912597656,211.1107635498047,97.677734375
2017-08-22,19.299999237060547,34.847755432128906,74.74249267578125,122.20999908447266,121.9423599243164,135.00233459472656,213.3183441162109,97.30064392089844
2017-08-23,19.280000686645508,34.967002868652344,74.90398406982422,122.66999816894533,121.74552154541016,134.52157592773438,212.55352783203125,97.96247863769533
2017-08-24,19.6299991607666,35.25764465332031,74.98150634765625,122.29000091552734,122.1212921142578,134.12557983398438,212.05816650390625,97.60075378417967
2017-08-25,19.6299991607666,35.51103210449219,75.18177795410156,122.73999786376952,122.47025299072266,133.84275817871094,212.55352783203125,97.97785186767578
2017-08-28,19.850000381469727,35.95817565917969,75.06548309326172,124.69000244140624,122.98917388916016,134.25758361816406,212.5622100830078,97.9162826538086
2017-08-29,19.959999084472656,36.010337829589844,75.11073303222656,124.41999816894533,123.01597595214844,134.7855224609375,212.8055725097656,98.2318115234375
2017-08-30,19.809999465942383,35.429046630859375,75.35620880126953,124.36000061035156,123.80335998535156,136.3693389892578,213.81378173828125,98.20103454589844
2017-08-31,19.799999237060547,35.88365173339844,75.64042663574219,125.81999969482422,125.02022552490234,137.83056640625,215.10006713867188,98.4934539794922
2017-09-01,19.950000762939453,36.12214279174805,75.56973266601562,126.05999755859376,125.72708892822266,137.64202880859375,215.4042510986328,97.74006652832033
2017-09-05,20.040000915527344,35.94327163696289,75.82266235351562,127.45999908447266,124.51917266845705,136.40701293945312,213.8571929931641,99.2900390625
2017-09-06,20.200000762939453,35.74951934814453,75.6799545288086,126.80999755859376,124.77862548828124,136.8218536376953,214.58726501464844,98.68084716796876
2017-09-07,20.1299991607666,36.15939712524414,75.9717788696289,128.1300048828125,124.46546173095705,137.14239501953125,214.56118774414065,99.69099426269533
2017-09-08,19.5,35.77931594848633,76.04313659667969,127.97000122070312,124.56390380859376,135.95452880859375,214.3091583251953,99.47506713867188
2017-09-11,19.729999542236328,36.11467742919922,75.91343688964844,126.19000244140624,125.87020111083984,137.51943969726562,216.59500122070312,98.28754425048828
2017-09-12,19.459999084472656,36.18175506591797,75.75780487060547,126.55999755859376,126.6396484375,137.8494415283203,217.3250274658203,97.77088165283205
2017-09-13,19.07999992370605,35.77186584472656,75.75780487060547,125.61000061035156,127.01544952392578,138.03797912597656,217.4293670654297,97.38533782958984
2017-09-14,18.950000762939453,36.04015350341797,75.80967712402344,126.16000366210938,126.8991241455078,137.22726440429688,217.3597869873047,97.7863311767578
2017-09-15,18.950000762939453,36.21900939941406,75.91343688964844,125.52999877929688,127.41812133789062,137.69862365722656,217.6524200439453,97.82487487792967
2017-09-18,19.040000915527344,36.24137115478516,75.76429748535156,124.36000061035156,128.2859649658203,137.5181427001953,218.1153106689453,97.26192474365234
2017-09-19,19.049999237060547,36.50966262817383,75.65403747558594,124.62000274658205,128.2859649658203,137.7543487548828,218.3336944580078,97.02289581298828
2017-09-20,18.979999542236328,36.62144470214844,75.16768646240234,123.62000274658205,128.697509765625,137.32919311523438,218.41233825683597,97.0923309326172
2017-09-21,18.81999969482422,36.740684509277344,75.38163757324219,122.68000030517578,128.56333923339844,136.4883270263672,217.82708740234372,97.03832244873048
2017-09-22,18.8799991607666,36.710880279541016,75.51136016845703,123.23999786376952,129.109130859375,136.35601806640625,217.8708038330078,97.31594848632812
2017-09-25,18.82999992370605,36.22646713256836,75.44004821777344,124.52999877929688,129.28805541992188,134.919921875,217.42529296875,97.92515563964844
2017-09-26,18.739999771118164,35.88365173339844,75.41411590576172,123.13999938964844,129.69976806640625,135.26947021484375,217.5563201904297,97.74778747558594
2017-09-27,18.75,35.98798751831055,75.0963134765625,121.9800033569336,132.23797607421875,136.4883270263672,218.40354919433597,96.27490234375
2017-09-28,18.75,36.10722351074219,75.25201416015625,122.20999908447266,132.58767700195312,136.44107055664062,218.6656494140625,95.98959350585938
2017-09-29,18.950000762939453,36.23391342163086,75.4983901977539,121.58000183105467,132.90159606933594,137.42369079589844,219.4341735839844,96.20553588867188
2017-10-02,18.93000030517578,36.375518798828125,75.4281005859375,120.7699966430664,134.53395080566406,137.54652404785156,220.3863067626953,96.02937316894533
2017-10-03,18.93000030517578,37.14311599731445,75.40853881835938,120.83000183105467,134.8300018310547,137.83938598632812,220.85797119140625,96.12210845947266
2017-10-04,18.96999931335449,37.36669921875,75.4671401977539,121.16999816894533,134.3994598388672,137.97164916992188,221.1199493408203,96.12982177734376
2017-10-05,19.5,37.53810119628906,75.50621032714844,120.5199966430664,134.7671661376953,139.32276916503906,222.43006896972656,95.76659393310548
2017-10-06,19.489999771118164,37.657344818115234,75.31741333007812,121.08999633789062,134.57882690429688,139.51171875,222.1768035888672,95.49616241455078
2017-10-09,19.51000022888184,37.42631530761719,75.2132568359375,122.08000183105467,134.02273559570312,139.3511505126953,221.8099365234375,95.79757690429688
2017-10-10,19.68000030517578,37.80639266967773,75.3499526977539,122.4000015258789,134.40843200683594,139.4550323486328,222.39517211914065,95.95209503173828
2017-10-11,19.8700008392334,38.00015640258789,75.43460845947266,122.79000091552734,134.3097686767578,139.87071228027344,222.74456787109372,96.1374740600586
2017-10-12,20.049999237060547,37.843658447265625,75.57782745361328,122.88999938964844,134.21115112304688,139.6156463623047,222.41270446777344,96.5470199584961
2017-10-13,20.040000915527344,38.09703826904297,75.79265594482422,123.81999969482422,133.9689178466797,140.15415954589844,222.68344116210935,97.242431640625
2017-10-16,20.75,38.45475006103516,75.65597534179688,122.97000122070312,133.8523712158203,140.63604736328125,222.98036193847656,97.17291259765624
2017-10-17,20.540000915527344,38.216270446777344,75.6949691772461,122.12999725341795,133.46664428710938,140.81556701660156,223.1376190185547,97.2965316772461
2017-10-18,20.38999938964844,38.12684631347656,75.70807647705078,121.66999816894533,134.1034698486328,140.64547729492188,223.35598754882807,96.6552276611328
2017-10-19,20.3700008392334,38.09703826904297,75.79265594482422,122.38999938964844,133.897216796875,140.12582397460938,223.4170837402344,96.82521057128906
2017-10-20,20.25,38.05977249145508,75.5452880859375,121.61000061035156,134.5160369873047,140.5037841796875,224.5700225830078,95.79757690429688
2017-10-23,20.399999618530277,38.02250671386719,75.48014068603516,121.8000030517578,133.51153564453125,139.5872802734375,223.69659423828125,95.96752166748048
2017-10-24,20.56999969482422,37.82874298095703,75.38253021240234,121.33000183105467,133.78955078125,139.8235321044922,224.08966064453125,95.3725357055664
2017-10-25,20.3799991607666,37.80639266967773,75.25231170654297,121.3499984741211,133.1438446044922,139.29443359375,222.98036193847656,94.91667175292967
2017-10-26,20.43000030517578,37.523193359375,75.03094482421875,120.33000183105467,133.42185974121094,138.850341796875,223.2686004638672,94.59986114501952
2017-10-27,19.979999542236328,37.85855484008789,75.38900756835938,120.9000015258789,134.34561157226562,142.89418029785156,225.09413146972656,95.22579193115234
2017-10-30,20.01000022888184,38.06722259521485,75.61040496826172,121.12999725341795,132.9285430908203,143.2154083251953,224.25559997558597,96.1374740600586
2017-10-31,19.899999618530277,38.11194610595703,75.68196868896484,120.66999816894533,133.87026977539062,143.75396728515625,224.60494995117188,96.16841888427734
2017-11-01,20.07999992370605,38.22373580932617,75.69831085205078,121.11000061035156,132.9823455810547,143.7067413330078,224.9019012451172,96.59661865234376
2017-11-02,20.13999938964844,37.97034454345703,75.90744018554688,121.19000244140624,133.3769989013672,143.43270874023438,224.98928833007807,97.02252960205078
2017-11-03,20.059999465942383,37.49338912963867,75.43038940429688,120.62000274658205,133.2872772216797,144.81216430664062,225.74046325683597,97.28575134277344
2017-11-06,20.34000015258789,37.88836288452149,75.32582092285156,121.6500015258789,133.4397430419922,145.3034210205078,226.08987426757807,97.64974212646484
2017-11-07,19.81999969482422,37.44866943359375,74.92713165283203,121.20999908447266,131.84326171875,145.38848876953125,225.9326629638672,98.06006622314452
2017-11-08,19.920000076293945,37.56045913696289,74.89448547363281,121.62999725341795,132.02268981933594,145.97421264648438,226.3169708251953,97.8433074951172
2017-11-09,19.88999938964844,37.21018600463867,74.7376480102539,122.12999725341795,131.55628967285156,145.20896911621094,225.49591064453125,97.56452941894533
2017-11-10,19.75,36.91209030151367,74.79646301269531,121.12999725341795,131.45770263671875,145.19949340820312,225.42605590820312,96.09336853027344
2017-11-13,20.09000015258789,36.59163284301758,74.88142395019531,121.30999755859376,131.49349975585938,145.37901306152344,225.63558959960935,96.2946319580078
2017-11-14,19.63999938964844,36.12214279174805,74.82258605957031,121.55999755859376,131.13478088378906,144.84994506835938,225.11160278320312,96.94508361816406
2017-11-15,19.649999618530277,35.87619400024414,74.87484741210938,121.41000366210938,130.6145477294922,144.16964721679688,223.98483276367188,97.99815368652344
2017-11-16,19.65999984741211,36.60654067993164,75.17550659179688,121.4000015258789,132.533935546875,146.0120391845703,225.8889312744141,97.14640045166016
2017-11-17,19.780000686645508,37.299617767333984,75.31275177001953,122.86000061035156,133.1438446044922,145.45458984375,225.22512817382807,97.86650848388672
2017-11-20,19.88999938964844,34.84030532836914,75.29312133789062,121.30999755859376,134.11245727539062,145.34121704101562,225.60943603515625,97.82780456542967
2017-11-21,20.149999618530277,35.488670349121094,75.39771270751953,121.51000213623048,135.5116729736328,146.91908264160156,227.0855255126953,98.13751220703124
2017-11-22,20.200000762939453,35.08623504638672,75.71793365478516,122.62999725341795,135.3322296142578,147.0985870361328,226.88465881347656,98.45501708984376
2017-11-24,20.420000076293945,34.56456756591797,75.69181823730469,122.31999969482422,135.38601684570312,147.6371307373047,227.40872192382807,98.18399810791016
2017-11-27,20.1299991607666,34.19194030761719,75.72444152832031,122.83000183105467,134.97349548339844,147.57098388671875,227.2951812744141,98.0446319580078
2017-11-28,19.81999969482422,34.25901412963867,75.82904815673828,122.80999755859376,137.0990753173828,147.9489288330078,229.60101318359372,98.17621612548828
2017-11-29,19.61000061035156,33.647911071777344,75.55455017089844,122.04000091552734,137.55650329589844,145.36956787109375,229.46127319335935,97.20834350585938
2017-11-30,19.65999984741211,33.47649383544922,75.47615051269531,121.0999984741211,137.8076629638672,146.58840942382812,231.47021484375,96.88311004638672
2017-12-01,19.75,33.64045333862305,75.72480010986328,121.58999633789062,137.24256896972656,145.96481323242188,230.98985290527344,98.19052124023438
2017-12-04,19.649999618530277,33.431785583496094,75.77070617675781,121.18000030517578,136.7313690185547,144.28306579589844,230.71034240722656,98.237060546875
2017-12-05,18.8799991607666,32.55984878540039,75.87567138671875,120.31999969482422,135.3680877685547,144.3775177001953,229.88059997558597,98.72588348388672
2017-12-06,18.979999542236328,32.26175308227539,75.9413070678711,120.06999969482422,134.7313232421875,145.02944946289062,229.9242248535156,99.0673370361328
2017-12-07,18.920000076293945,32.27665710449219,75.78385925292969,118.48999786376952,135.67306518554688,145.5207977294922,230.6491851806641,98.29138946533205
2017-12-08,19.049999237060547,32.56731033325195,75.79693603515625,118.4800033569336,135.79861450195312,146.16323852539062,231.9069366455078,98.29912567138672
2017-12-11,19.21999931335449,33.08897399902344,75.757568359375,118.01000213623048,135.74478149414062,147.29705810546875,232.605712890625,98.09739685058594
2017-12-12,19.309999465942383,33.200767517089844,75.78385925292969,118.1500015258789,135.32327270507812,147.0985870361328,233.01617431640625,98.05865478515624
2017-12-13,19.57999992370605,34.437870025634766,76.00033569335938,119.16999816894533,136.1304473876953,147.38204956054688,232.99008178710935,98.79573822021484
2017-12-14,19.559999465942383,34.67634582519531,76.03970336914062,118.93000030517578,134.62367248535156,147.2781219482422,232.03797912597656,99.21471405029295
2017-12-15,20.0,35.3247184753418,76.13809204101562,119.18000030517578,136.54298400878906,148.95046997070312,233.97021484375,99.58717346191406
2017-12-18,20.06999969482422,38.98387908935547,76.21683502197266,119.7300033569336,138.3906707763672,150.19924926757812,235.45382690429688,98.67935943603516
2017-12-19,20.059999465942383,38.69221496582031,76.05280303955078,119.81999969482422,137.29647827148438,149.3092498779297,234.5496368408203,97.39907836914062
2017-12-20,20.40999984741211,38.2968635559082,75.93473052978516,120.13999938964844,137.5655059814453,149.14833068847656,234.42678833007807,96.32061004638672
2017-12-21,20.549999237060547,37.91643524169922,75.92882537841797,120.30999755859376,138.16778564453125,149.167236328125,234.9096221923828,96.88195037841795
2017-12-22,20.700000762939453,38.550479888916016,76.17891693115234,120.94000244140624,137.91571044921875,148.996826171875,234.8481292724609,97.01417541503906
2017-12-26,20.88999938964844,38.58032989501953,76.2184066772461,121.7699966430664,137.99671936035156,148.1920623779297,234.56716918945312,97.30191040039062
2017-12-27,20.940000534057617,38.56540298461914,76.29080963134766,122.2300033569336,137.86166381835938,148.21096801757812,234.6812896728516,98.5692901611328
2017-12-28,21.15999984741211,39.012969970703125,76.3171157836914,122.8499984741211,138.40188598632812,148.39088439941406,235.16416931152344,98.4837646484375
2017-12-29,21.059999465942383,38.90854644775391,76.41587829589844,123.6500015258789,137.2584991455078,147.47250366210938,234.2774658203125,98.63921356201172
2018-01-02,20.920000076293945,40.0945930480957,76.61334228515625,125.1500015258789,138.5548858642578,150.05722045898438,235.95425415039065,97.57402801513672
2018-01-03,20.809999465942383,40.10205078125,76.58042907714844,124.81999969482422,138.69895935058594,151.51528930664062,237.4467010498047,98.04053497314452
2018-01-04,20.780000686645508,40.27362060546875,76.77787017822266,125.45999908447266,139.06808471679688,151.7803955078125,238.44754028320312,98.02496337890624
2018-01-05,20.6200008392334,40.62421417236328,76.8239517211914,125.33000183105467,139.356201171875,153.3047637939453,240.0365753173828,97.7450714111328
2018-01-08,20.63999938964844,40.75103378295898,76.68573760986328,125.30999755859376,139.5722198486328,153.9011993408203,240.4754943847656,97.6828842163086
2018-01-09,20.530000686645508,40.549617767333984,76.44874572753906,124.7300033569336,139.3831787109375,153.91062927246094,241.01980590820312,96.37660217285156
2018-01-10,20.649999618530277,40.35567092895508,76.2249755859375,125.02999877929688,139.4011993408203,153.55088806152344,240.65106201171875,96.2599639892578
2018-01-11,20.61000061035156,40.81816101074219,76.32372283935547,125.44000244140624,141.79595947265625,154.60182189941406,242.4068603515625,96.65648651123048
2018-01-12,20.59000015258789,41.04194641113281,76.43560791015625,126.95999908447266,142.3901824951172,155.73802185058594,243.9871826171875,96.81977081298828
2018-01-16,20.51000022888184,40.639137268066406,76.44219970703125,127.16999816894533,140.57156372070312,155.29302978515625,243.1531524658203,97.22412872314452
2018-01-17,20.32999992370605,41.02703094482422,76.4619369506836,126.13999938964844,141.90399169921875,156.96881103515625,245.4707489013672,97.09190368652344
2018-01-18,20.420000076293945,41.4074592590332,76.28426361083984,125.86000061035156,140.931640625,156.9972686767578,245.05816650390625,96.18997192382812
2018-01-19,20.34000015258789,41.52680969238281,76.06702423095703,126.41999816894533,142.78627014160156,157.48959350585938,246.17312622070312,95.68456268310548
2018-01-22,20.450000762939453,41.50442886352539,76.08018493652344,126.6500015258789,143.551513671875,159.17489624023438,248.17462158203125,95.77787017822266
2018-01-23,19.940000534057617,40.94497680664063,76.2249755859375,127.27999877929688,144.0106964111328,160.49087524414062,248.7014923095703,96.18997192382812
2018-01-24,20.600000381469727,41.22842788696289,76.11312866210938,128.8300018310547,143.11941528320312,159.4494171142578,248.6049041748047,95.6690444946289
2018-01-25,20.46999931335449,41.57902908325195,76.2184066772461,127.97000122070312,143.17343139648438,159.39266967773438,248.71018981933597,96.45433807373048
2018-01-26,20.459999084472656,41.86248779296875,76.36318969726562,128.07000732421875,143.68655395507812,161.8353729248047,251.5897979736328,96.09668731689452
2018-01-29,20.43000030517578,41.653621673583984,75.94855499267578,127.3499984741211,142.8762969970703,161.04946899414062,249.92172241210935,95.42797088623048
2018-01-30,20.350000381469727,41.362701416015625,75.8169174194336,126.8000030517578,141.5078582763672,159.72398376464844,247.3583526611328,94.86814880371094
2018-01-31,20.450000762939453,41.74313354492188,75.92882537841797,127.6500015258789,140.76962280273438,160.3867645263672,247.48117065429688,95.42797088623048
2018-02-01,20.520000457763672,41.8997802734375,75.89581298828125,128.07000732421875,141.21075439453125,159.02340698242188,247.20021057128903,94.04495239257812
2018-02-02,20.26000022888184,41.11653900146485,75.30840301513672,126.38999938964844,138.491943359375,155.85162353515625,241.81869506835935,93.17230224609376
2018-02-05,20.459999084472656,40.05730438232422,74.87945556640625,126.70999908447266,133.17120361328125,149.70693969726562,231.70523071289065,94.05276489257812
2018-02-06,20.459999084472656,41.04940032958984,75.01805877685547,125.37999725341795,134.7646942138672,153.67398071289062,236.27035522460935,93.46839141845705
2018-02-07,19.780000686645508,40.94497680664063,74.88607788085938,124.79000091552734,134.89971923828125,151.6857452392578,234.9886016845703,92.58013916015624
2018-02-08,19.6200008392334,39.44561767578125,74.04129791259766,124.9800033569336,130.93844604492188,145.2853546142578,226.17437744140625,92.47885131835938
2018-02-09,19.5,39.3337287902832,73.82353973388672,124.7699966430664,132.13584899902344,147.79440307617188,229.5719146728516,91.89447784423828
2018-02-12,19.790000915527344,39.721622467041016,73.94233703613281,125.37000274658205,133.38722229003906,150.4169921875,232.94305419921875,92.29962158203124
2018-02-13,20.280000686645508,39.52021026611328,73.67172241210938,126.08000183105467,133.67527770996094,151.1934356689453,233.52249145507807,92.71259307861328
2018-02-14,20.690000534057617,40.22885894775391,73.5067367553711,128.22999572753906,136.07913208007812,154.02432250976562,236.67417907714844,91.68411254882812
2018-02-15,20.700000762939453,41.00464630126953,73.98851776123047,128.3800048828125,137.56459045410156,156.88363647460938,239.69407653808597,91.99575805664062
2018-02-16,20.649999618530277,40.71372604370117,74.47684478759766,127.95999908447266,138.0507354736328,156.1830291748047,239.76438903808597,92.4944305419922
2018-02-20,20.43000030517578,40.77340698242188,73.98851776123047,126.23999786376952,136.91641235351562,156.49545288085938,238.2631378173828,92.08928680419922
2018-02-21,20.5,40.66897964477539,73.73112487792969,125.66000366210938,137.0603790283203,156.0504150390625,237.07801818847656,90.95950317382812
2018-02-22,20.6200008392334,41.16129684448242,73.81031036376953,126.3000030517578,136.84437561035156,156.03152465820312,237.38526916503903,91.2322006225586
2018-02-23,20.540000915527344,41.77297592163086,74.36468505859375,126.13999938964844,138.62692260742188,159.22225952148438,241.16900634765625,92.04248046875
2018-02-26,20.549999237060547,41.54172897338867,74.56924438476562,126.4499969482422,139.5362091064453,161.33355712890625,243.96954345703125,92.07369232177734
2018-02-27,20.25,40.654056549072266,74.43070983886719,125.12999725341795,137.52853393554688,159.33578491210938,240.92323303222656,91.94122314453124
2018-02-28,19.959999084472656,40.06475830078125,74.27228546142578,125.0,135.35887145996094,158.3133087158203,238.482666015625,92.52557373046876
2018-03-01,19.940000534057617,39.52021026611328,74.00089263916016,124.72000122070312,134.99876403808594,155.72854614257812,235.0149383544922,93.15721893310548
2018-03-02,19.950000762939453,39.81859588623047,74.25245666503906,125.38999938964844,137.15948486328125,157.15818786621094,236.22640991210935,92.39988708496094
2018-03-05,19.84000015258789,39.72906875610352,74.13990783691406,125.18000030517578,138.38385009765625,158.90023803710938,238.9567413330078,92.15005493164062
2018-03-06,20.059999465942383,39.714168548583984,74.25245666503906,126.52999877929688,139.87831115722656,159.57249450683594,239.56243896484372,92.2359619140625
2018-03-07,19.979999542236328,39.72906875610352,74.17301177978516,125.72000122070312,141.1117706298828,159.94178771972656,239.47471618652344,92.1344757080078
2018-03-08,19.61000061035156,39.59481048583984,74.17962646484375,125.41999816894533,140.8236846923828,160.82228088378906,240.6335601806641,92.66535186767578
2018-03-09,20.0,40.422813415527344,74.32527160644531,125.54000091552734,143.07437133789062,163.94671630859375,244.8211212158203,92.0563507080078
2018-03-12,19.850000381469727,40.288536071777344,74.31201171875,125.54000091552734,143.32650756835938,164.81777954101562,244.5137939453125,92.58731842041016
2018-03-13,19.96999931335449,39.99761962890625,74.1928482055664,125.77999877929688,142.6602783203125,162.57383728027344,242.9335784912109,93.05572509765624
2018-03-14,20.1200008392334,40.13189315795898,74.35836791992188,125.6999969482422,141.9850311279297,162.54544067382812,241.6869659423828,93.87548828125
2018-03-15,19.950000762939453,39.63957214355469,74.29877471923828,124.9000015258789,141.27378845214844,162.40341186523438,241.4235992431641,93.87548828125
2018-03-16,19.75,39.41578674316406,74.29212951660156,124.5999984741211,142.06607055664062,161.92054748535156,241.68540954589844,93.53977966308594
2018-03-19,19.559999465942383,39.15470504760742,73.98101806640625,124.87000274658205,140.6975555419922,158.46578979492188,238.4153594970703,93.24308013916016
2018-03-20,19.3700008392334,38.9906005859375,73.82880401611328,124.30999755859376,140.66165161132812,158.98736572265625,238.82080078125,92.86831665039062
2018-03-21,19.649999618530277,39.28897476196289,74.05382537841797,126.4800033569336,141.4808349609375,158.29505920410156,238.3624725341797,92.96983337402344
2018-03-22,19.299999237060547,38.56540298461914,73.8354263305664,125.9800033569336,138.37850952148438,154.38800048828125,232.4040985107422,93.8910903930664
2018-03-23,19.049999237060547,38.304325103759766,73.53750610351562,127.61000061035156,135.4006805419922,150.3196563720703,227.4504547119141,93.82083129882812
2018-03-26,19.040000915527344,38.789188385009766,73.98101806640625,128.27999877929688,138.3604736328125,155.9053192138672,233.67320251464844,93.4617156982422
2018-03-27,19.040000915527344,38.57286071777344,74.09356689453125,127.48999786376952,135.680419921875,150.8601837158203,229.69810485839844,94.46104431152344
2018-03-28,19.1200008392334,38.714599609375,74.28555297851562,125.7300033569336,135.6352996826172,149.12477111816406,229.0193634033203,94.71086883544922
2018-03-29,19.200000762939453,39.550052642822266,74.68269348144531,125.79000091552734,137.00689697265625,151.85594177246094,231.94573974609372,95.17153930664062
2018-04-02,19.40999984741211,39.28897476196289,74.53925323486328,127.26000213623048,133.66815185546875,147.47463989257812,226.93931579589844,95.3592529296875
2018-04-03,19.51000022888184,39.44561767578125,74.5923843383789,126.3000030517578,135.58119201660156,149.1342315673828,229.8479766845703,94.62380981445312
2018-04-04,19.200000762939453,39.85588836669922,74.67874145507812,126.4499969482422,137.3046875,151.48614501953125,232.30718994140625,94.4281997680664
2018-04-05,19.3700008392334,40.049835205078125,74.65215301513672,125.8000030517578,138.44168090820312,152.34909057617188,234.14047241210935,93.72403717041016
2018-04-06,19.420000076293945,39.77383804321289,74.76507568359375,126.38999938964844,135.680419921875,148.53680419921875,228.92247009277344,94.74903869628906
2018-04-09,19.549999237060547,39.669410705566406,74.6920166015625,126.81999969482422,135.8428192138672,149.57992553710938,230.0506591796875,94.905517578125
2018-04-10,19.950000762939453,40.35567092895508,74.57247924804688,127.12000274658205,138.40560913085938,152.88015747070312,233.70855712890625,94.7333526611328
2018-04-11,19.850000381469727,40.54216384887695,74.59904479980469,128.11000061035156,138.70335388183594,151.99819946289062,232.4833831787109,95.06979370117188
2018-04-12,19.5,40.780860900878906,74.59904479980469,126.62000274658205,139.65084838867188,153.82843017578125,234.3961334228516,94.37347412109376
2018-04-13,19.559999465942383,40.7957878112793,74.6588363647461,127.4499969482422,138.9199676513672,153.03187561035156,233.70855712890625,94.59252166748048
2018-04-16,19.700000762939453,40.66897964477539,74.56581115722656,127.62999725341795,140.20126342773438,154.1983184814453,235.6300506591797,94.62380981445312
2018-04-17,19.63999938964844,40.78832244873047,74.40644836425781,127.75,141.72630310058594,157.51751708984375,238.15090942382807,94.88201141357422
2018-04-18,20.149999618530277,41.26572799682617,74.40644836425781,127.8499984741211,142.10531616210938,157.83990478515625,238.3272857666016,94.12307739257812
2018-04-19,19.959999084472656,41.37016296386719,74.1473617553711,127.5999984741211,141.12168884277344,156.3890380859375,237.005126953125,93.35635375976562
2018-04-20,20.020000457763672,41.23589324951172,73.82197570800781,126.62999725341795,140.36375427246094,153.91384887695312,234.9954376220703,92.68343353271484
2018-04-23,19.809999465942383,40.81816101074219,73.64262390136719,125.62000274658205,140.15618896484375,153.5249481201172,234.9602203369141,92.70692443847656
2018-04-24,20.049999237060547,40.95989608764648,73.52973175048828,126.2300033569336,139.3530731201172,150.27224731445312,231.7958984375,92.28443908691406
2018-04-25,20.0,40.40043640136719,73.26410675048828,125.41000366210938,139.1455078125,150.45240783691406,232.3687896728516,91.6663055419922
2018-04-26,19.920000076293945,40.6615104675293,73.32384490966797,124.97000122070312,139.7862091064453,153.6198272705078,234.7310333251953,92.30794525146484
2018-04-27,19.530000686645508,40.63167190551758,73.38359069824219,125.5,139.58767700195312,153.7146453857422,234.9513397216797,93.0199203491211
2018-04-30,19.5,40.11697006225586,73.15115356445312,124.58999633789062,138.3514404296875,152.6240997314453,233.14447021484372,93.1842041015625
2018-05-01,19.36000061035156,39.63957214355469,73.01844787597656,123.70999908447266,139.02822875976562,154.3690185546875,233.55870056152344,92.84860229492188
2018-05-02,19.450000762939453,39.408329010009766,72.43851470947266,123.6500015258789,139.55157470703125,153.45860290527344,231.98985290527344,92.74666595458984
2018-05-03,19.61000061035156,39.12486267089844,72.35848999023438,124.27999877929688,138.79360961914062,153.4396209716797,231.47854614257807,93.1622085571289
2018-05-04,19.540000915527344,38.87124252319336,72.41848754882812,124.54000091552734,140.52610778808594,156.35098266601562,234.4753875732422,93.3033676147461
2018-05-07,19.549999237060547,38.781734466552734,72.11849975585938,124.56999969482422,141.71726989746094,157.6502227783203,235.2687225341797,93.15442657470705
2018-05-08,19.489999771118164,38.19989013671875,71.69181823730469,124.58999633789062,142.42112731933594,157.48902893066406,235.2687225341797,93.06818389892578
2018-05-09,19.40999984741211,38.550479888916016,71.56517791748047,124.33000183105467,143.18812561035156,159.20550537109375,237.5427398681641,92.51144409179688
2018-05-10,19.75,39.550052642822266,72.47183227539062,125.18000030517578,143.95513916015625,160.85560607910156,239.7639617919922,93.25634002685548
2018-05-11,19.76000022888184,39.669410705566406,72.7784652709961,125.0,144.2349090576172,160.70384216308594,240.4955596923828,93.49158477783205
2018-05-14,19.6200008392334,39.29644012451172,72.65180969238281,124.48999786376952,143.68446350097656,160.9788055419922,240.61004638671875,92.99759674072266
2018-05-15,19.36000061035156,38.87124252319336,72.15181732177734,122.4800033569336,143.7115478515625,159.19601440429688,238.9530029296875,91.93901824951172
2018-05-16,19.530000686645508,39.04281234741211,72.30516052246094,122.29000091552734,145.20950317382812,160.24862670898438,239.9578857421875,91.586181640625
2018-05-17,19.56999969482422,38.74443435668945,72.01850891113281,122.36000061035156,145.87721252441406,159.63226318359375,239.7552032470703,91.12353515625
2018-05-18,19.56999969482422,38.53556823730469,71.93852233886719,122.41000366210938,146.06671142578125,158.8072052001953,239.15579223632807,91.90762329101562
2018-05-21,19.56999969482422,38.39384078979492,71.95185089111328,122.4800033569336,147.03224182128906,159.69863891601562,240.9537811279297,91.95467376708984
2018-05-22,19.56999969482422,38.88616180419922,72.23184967041016,122.41000366210938,145.9674530029297,159.489990234375,240.28392028808597,91.81355285644533
2018-05-23,19.489999771118164,39.00551986694336,72.67847442626953,122.54000091552734,146.15695190429688,160.8366241455078,240.94497680664065,92.48007202148438
2018-05-24,19.690000534057617,38.26702880859375,72.89849090576172,123.58999633789062,146.2110595703125,160.78916931152344,240.45140075683597,93.21715545654295
2018-05-25,19.690000534057617,38.319244384765625,73.07847595214844,123.20999908447266,145.9494171142578,160.950439453125,239.8784637451172,93.79736328125
2018-05-29,19.420000076293945,37.41664505004883,72.87847900390625,123.19000244140624,145.7509002685547,160.23915100097656,237.1196746826172,95.851806640625
2018-05-30,19.549999237060547,37.47632598876953,72.85848236083984,123.37000274658205,148.06097412109375,161.38661193847656,240.28392028808597,95.20883178710938
2018-05-31,19.549999237060547,37.23015975952149,72.55850219726562,123.0999984741211,146.87881469726562,161.28225708007812,238.8119964599609,95.05198669433594
2018-06-01,19.649999618530277,37.28237533569336,72.29875946044922,122.48999786376952,147.84429931640625,163.81439208984375,241.15655517578125,94.54973602294922
2018-06-04,19.979999542236328,37.94626998901367,72.27198791503906,122.37000274658205,148.6294403076172,165.29376220703125,242.3023681640625,93.86595153808594
2018-06-05,20.40999984741211,37.40172958374024,72.38578796386719,122.8499984741211,149.54986572265625,165.80587768554688,242.4786834716797,94.0860824584961
2018-06-06,20.780000686645508,37.528541564941406,72.22512817382812,122.91999816894533,150.63270568847656,166.77317810058594,244.50601196289065,93.32369232177734
2018-06-07,20.700000762939453,37.095890045166016,72.02428436279297,122.86000061035156,149.81150817871094,165.4170379638672,244.47950744628903,94.22753143310548
2018-06-08,20.920000076293945,37.52108383178711,72.09120178222656,123.01000213623048,150.26275634765625,165.42649841308594,245.2023468017578,93.9446258544922
2018-06-11,20.649999618530277,37.3942756652832,71.95065307617188,123.2300033569336,150.48838806152344,165.87222290039062,245.5283966064453,93.77169799804688
2018-06-12,20.59000015258789,37.30475616455078,71.64942932128906,122.81999969482422,151.1741180419922,166.74472045898438,245.8457794189453,93.79528045654295
2018-06-13,20.729999542236328,37.2674674987793,71.42182159423828,123.19000244140624,150.57858276367188,166.73529052734375,245.06124877929688,93.74807739257812
2018-06-14,20.420000076293945,37.17049026489258,71.33477020263672,123.37999725341795,151.3816680908203,168.42323303222656,245.6782684326172,94.52621459960938
2018-06-15,19.93000030517578,37.13318634033203,71.4820327758789,121.33999633789062,151.42677307128906,167.83531188964844,245.3648681640625,94.61265563964844
2018-06-18,19.8700008392334,36.70053482055664,71.10047149658203,121.11000061035156,152.13966369628906,167.73834228515625,244.86019897460935,94.52621459960938
2018-06-19,19.350000381469727,36.22163772583008,71.08037567138672,120.8000030517578,152.14869689941406,167.26312255859375,243.92169189453125,95.07636260986328
2018-06-20,19.32999992370605,36.22163772583008,71.2343521118164,120.26000213623048,153.37594604492188,168.4511260986328,244.33782958984372,94.24327087402344
2018-06-21,19.26000022888184,35.833953857421875,71.49542236328125,120.0500030517578,151.94113159179688,166.98757934570312,242.80612182617188,94.73836517333984
2018-06-22,19.270000457763672,35.90237045288086,71.89708709716797,120.33999633789062,151.4358367919922,166.616943359375,243.248779296875,94.73052215576172
2018-06-25,18.93000030517578,35.58310317993164,71.56907653808594,119.88999938964844,148.9633331298828,162.86302185058594,239.9375,94.9427719116211
2018-06-26,19.049999237060547,35.3094482421875,71.46866607666016,119.26000213623048,149.82958984375,163.52830505371094,240.4687042236328,95.07636260986328
2018-06-27,18.88999938964844,35.02819061279297,71.32807159423828,118.58000183105467,147.4292755126953,161.30441284179688,238.47657775878903,95.9723663330078
2018-06-28,18.739999771118164,34.78493881225586,71.46866607666016,118.22000122070312,147.88046264648438,162.6919708251953,239.8401336669922,95.99590301513672
2018-06-29,18.709999084472656,34.99778747558594,71.475341796875,118.6500015258789,147.7812042236328,163.1291046142578,240.18540954589844,95.66584777832033
2018-07-02,18.479999542236328,34.74692916870117,71.47265625,117.45999908447266,148.8009033203125,164.22206115722656,240.6988525390625,95.59099578857422
2018-07-03,18.43000030517578,35.21822738647461,71.70123291015625,118.6500015258789,149.39410400390625,162.32130432128906,239.8489227294922,96.10302734375
2018-07-05,17.90999984741211,34.670921325683594,72.15836334228516,119.0500030517578,151.09669494628906,164.33609008789062,241.8055725097656,96.37872314453124
2018-07-06,17.799999237060547,34.76972198486328,72.77680969238281,118.86000061035156,152.3736114501953,166.89254760742188,243.8508453369141,96.69378662109376
2018-07-09,18.149999618530277,35.36266326904297,72.9784927368164,119.1500015258789,153.33358764648438,168.39405822753906,246.0465240478516,96.0715103149414
2018-07-10,17.889999389648438,35.44627380371094,73.10618591308594,118.93000030517578,152.63623046875,168.5176544189453,246.9319610595703,96.06361389160156
2018-07-11,17.3799991607666,35.0053825378418,72.8036880493164,117.63999938964844,151.3411865234375,167.66233825683594,245.1257781982422,96.43386840820312
2018-07-12,17.56999969482422,35.24103164672852,72.94486999511719,118.12999725341795,152.0747833251953,170.55142211914062,247.34811401367188,96.42599487304688
2018-07-13,17.559999465942383,35.12700653076172,73.32137298583984,117.61000061035156,151.6219482421875,170.69400024414062,247.5428466796875,96.6701889038086
2018-07-16,17.540000915527344,34.99017333984375,73.13309478759766,117.5500030517578,151.03335571289062,170.28529357910156,247.32150268554688,96.26842498779295
2018-07-17,17.3799991607666,35.37785720825195,73.12640380859375,116.27999877929688,151.7034912109375,171.32119750976562,248.32205200195312,96.08726501464844
2018-07-18,17.469999313354492,35.43867874145508,73.05914306640625,116.30999755859376,152.12908935546875,170.9980926513672,248.8443756103516,95.70128631591795
2018-07-19,17.100000381469727,34.89896011352539,73.04570007324219,115.80999755859376,153.20680236816406,170.14280700683594,247.90591430664065,96.30782318115234
2018-07-20,17.3799991607666,35.332252502441406,72.9784927368164,116.55999755859376,152.58189392089844,170.104736328125,247.6224365234375,95.12621307373048
2018-07-23,17.299999237060547,35.05099868774414,72.88440704345703,116.0,152.77212524414062,170.6464385986328,248.08297729492188,93.95248413085938
2018-07-24,17.700000762939453,35.76554489135742,72.81715393066406,116.04000091552734,151.14195251464844,171.34974670410156,249.33132934570312,94.27544403076172
2018-07-25,18.049999237060547,36.153228759765625,73.46922302246094,116.68000030517578,151.69439697265625,173.74459838867188,251.4562225341797,94.12581634521484
2018-07-26,17.700000762939453,36.07720947265625,73.52973937988281,115.7699966430664,152.5094757080078,171.11212158203125,250.86300659179688,93.94464874267578
2018-07-27,17.639999389648438,35.833953857421875,73.657470703125,115.83000183105467,149.665771484375,168.802734375,249.1630859375,94.10215759277344
2018-07-30,17.649999618530273,36.12281799316406,73.44905090332031,115.6500015258789,148.70579528808594,166.41734313964844,247.8616485595703,93.77922058105467
2018-07-31,17.899999618530273,36.654930114746094,73.31462097167969,115.98999786376952,150.2182159423828,167.6907958984375,249.0834197998047,94.29120635986328
2018-08-01,17.290000915527344,36.069602966308594,73.00481414794922,115.13999938964844,150.11854553222656,168.32752990722656,248.667236328125,93.52304077148438
2018-08-02,17.25,35.84156036376953,72.94402313232422,114.5199966430664,151.21441650390625,170.617919921875,250.02194213867188,93.65727996826172
2018-08-03,17.40999984741211,36.107608795166016,73.1060562133789,114.91999816894533,150.6891632080078,171.140625,251.09323120117188,94.12308502197266
2018-08-06,17.219999313354492,35.552696228027344,72.98457336425781,114.33000183105467,151.53138732910156,172.14804077148438,252.0140686035156,94.1783218383789
2018-08-07,17.40999984741211,35.62870788574219,72.87652587890625,114.58999633789062,151.8936004638672,172.77525329589844,252.8462677001953,93.68885803222656
2018-08-08,17.399999618530273,35.33985137939453,72.87652587890625,114.91000366210938,151.7578125,172.9843292236328,252.74008178710935,93.78359985351562
2018-08-09,17.450000762939453,35.02058792114258,72.62006378173828,114.73999786376952,152.14723205566406,172.87982177734375,252.3946990966797,94.57310485839844
2018-08-10,17.31999969482422,34.351646423339844,71.7966079711914,114.69000244140624,151.7215576171875,171.55880737304688,250.70361328125,95.25994110107422
2018-08-13,17.280000686645508,33.849937438964844,71.4793701171875,112.95999908447266,150.83407592773438,171.3687286376953,249.7652130126953,95.06255340576172
2018-08-14,16.959999084472656,34.009578704833984,71.9450912475586,113.06999969482422,152.32833862304688,172.442626953125,251.35885620117188,94.84939575195312
2018-08-15,16.31999969482422,33.1353874206543,71.7966079711914,111.19000244140624,150.4174041748047,170.3328399658203,249.4819183349609,95.40203857421876
2018-08-16,16.459999084472656,33.54588317871094,71.9450912475586,111.0999984741211,151.81216430664062,170.89356994628906,251.50054931640625,95.39415740966795
2018-08-17,16.81999969482422,33.50786590576172,72.23533630371094,112.12999725341795,152.4641876220703,170.93153381347656,252.38595581054688,95.5125961303711
2018-08-20,16.850000381469727,33.54588317871094,72.14082336425781,112.69000244140624,152.88987731933594,170.7794952392578,252.92593383789065,96.15204620361328
2018-08-21,16.940000534057617,33.758724212646484,72.34335327148438,113.0199966430664,154.6468048095703,171.40676879882812,253.51919555664065,95.82838439941406
2018-08-22,16.8799991607666,34.19200897216797,72.66056060791016,113.2699966430664,155.0271453857422,172.07199096679688,253.3686370849609,96.2072982788086
2018-08-23,16.8799991607666,33.682701110839844,72.30284118652344,112.1999969482422,154.5562286376953,171.82492065429688,253.03219604492188,96.3573226928711
2018-08-24,17.030000686645508,34.199615478515625,72.49183654785156,114.16000366210938,155.39854431152344,173.4214630126953,254.5550994873047,96.54676055908205
2018-08-27,17.06999969482422,34.382049560546875,72.58631896972656,114.58999633789062,155.6248779296875,175.18919372558594,256.5648803710937,95.99419403076172
2018-08-28,17.170000076293945,34.16160583496094,72.4513168334961,113.68000030517578,155.76979064941406,175.44577026367188,256.6888732910156,95.41783905029295
2018-08-29,17.049999237060547,34.009578704833984,72.23533630371094,114.1999969482422,156.22259521484375,177.4700469970703,258.0700378417969,95.5441436767578
2018-08-30,16.8799991607666,33.00616836547852,71.83711242675781,113.63999938964844,156.09580993652344,177.15640258789062,257.02520751953125,95.74942779541016
2018-08-31,16.719999313354492,32.94534683227539,71.61433410644531,113.51000213623048,156.69354248046875,177.38450622558594,257.0341491699219,95.52838134765624
2018-09-04,16.34000015258789,31.881126403808597,71.39476013183594,112.93000030517578,155.99620056152344,176.62420654296875,256.5914611816406,94.9760513305664
2018-09-05,16.420000076293945,31.9039306640625,71.44219970703125,113.31999969482422,155.57962036132812,174.34339904785156,255.9008026123047,94.72289276123048
2018-09-06,16.540000915527344,32.02556610107422,71.76074981689453,113.54000091552734,154.52903747558594,172.7847137451172,255.1305389404297,95.0709991455078
2018-09-07,16.3799991607666,32.13197708129883,71.57096862792969,113.2300033569336,154.447509765625,172.11952209472656,254.63473510742188,94.26388549804688
2018-09-10,16.459999084472656,31.797502517700195,71.43543243408203,113.1500015258789,154.63771057128906,172.69920349121094,255.0773468017578,94.61207580566406
2018-09-11,16.440000534057617,31.926733016967773,71.29984283447266,113.22000122070312,154.89132690429688,174.02972412109375,255.91851806640625,93.89202117919922
2018-09-12,16.829999923706055,32.57286834716797,71.53033447265625,114.16999816894533,154.52000427246094,173.5165557861328,255.98052978515625,94.11359405517578
2018-09-13,16.81999969482422,33.583885192871094,72.2283935546875,113.76000213623048,154.5562286376953,175.36972045898438,257.4945068359375,94.25599670410156
2018-09-14,16.440000534057617,33.637088775634766,72.30974578857422,113.0199966430664,155.208251953125,174.8565673828125,257.5388488769531,93.80498504638672
2018-09-17,16.579999923706055,33.94876480102539,72.08607482910156,113.61000061035156,153.56007385253906,172.33811950683594,256.1753234863281,93.80498504638672
2018-09-18,17.149999618530273,34.230010986328125,71.86241912841797,113.44000244140624,154.20303344726562,173.76365661621094,257.5653381347656,92.82380676269533
2018-09-19,17.1200008392334,34.61009216308594,72.1199722290039,113.87999725341795,153.6414794921875,173.63058471679688,257.83984375,92.26991271972656
2018-09-20,17.31999969482422,35.05859375,72.52661895751953,114.2699966430664,155.0633544921875,175.55029296875,259.92926025390625,92.69717407226562
2018-09-21,17.850000381469727,35.157413482666016,72.68250274658203,113.48999786376952,154.3207550048828,174.59042358398438,259.69189453125,92.65764617919922
2018-09-24,17.709999084472656,34.70132827758789,72.60795593261719,113.47000122070312,153.75018310546875,175.07598876953125,258.82916259765625,92.42023468017578
2018-09-25,17.670000076293945,34.62530517578125,72.66216278076172,113.6500015258789,153.9856719970703,175.31399536132812,258.58892822265625,92.32527923583984
2018-09-26,17.700000762939453,34.57209014892578,72.9942855834961,113.0500030517578,152.5781707763672,175.4377899169922,257.81524658203125,92.97415161132812
2018-09-27,17.43000030517578,34.541683197021484,73.25180053710938,112.0500030517578,152.58726501464844,176.9230194091797,258.5355834960937,93.0374526977539
2018-09-28,17.579999923706055,34.44285583496094,73.06884002685547,112.76000213623048,153.05035400390625,176.8849334716797,258.5623474121094,92.7921142578125
2018-10-01,17.479999542236328,34.44285583496094,73.0688247680664,112.56999969482422,151.0345001220703,177.24668884277344,259.4606018066406,92.11095428466795
2018-10-02,17.579999923706055,34.51127624511719,73.14369201660156,113.87000274658205,149.4000701904297,176.8468475341797,259.3094177246094,92.67400360107422
2018-10-03,17.729999542236328,34.602500915527344,72.76252746582031,113.41999816894533,150.70761108398438,177.03721618652344,259.45172119140625,91.06414031982422
2018-10-04,17.469999313354492,33.76632308959961,72.25212097167969,113.4800033569336,148.59188842773438,173.63836669921875,257.42388916015625,90.42176055908205
2018-10-05,17.350000381469727,33.264610290527344,72.0343246459961,113.8000030517578,147.24798583984375,171.51524353027344,255.9830780029297,89.64460754394531
2018-10-08,17.420000076293945,33.70551300048828,72.01390838623047,112.54000091552734,146.93931579589844,170.4679718017578,255.9830780029297,89.3432846069336
2018-10-09,17.6299991607666,33.31782913208008,72.04109191894531,112.5999984741211,146.36720275878906,171.0201416015625,255.60958862304688,90.2472686767578
2018-10-10,17.31999969482422,32.337215423583984,71.74166870117188,112.87999725341795,142.16294860839844,163.4988555908203,247.51612854003903,90.00143432617188
2018-10-11,17.360000610351562,32.428443908691406,71.85057067871094,115.77999877929688,139.4479217529297,161.47096252441406,242.06423950195312,91.0958251953125
2018-10-12,17.68000030517578,32.73250198364258,72.01390838623047,115.2300033569336,139.47518920898438,165.9647216796875,245.42608642578125,90.77865600585938
2018-10-15,17.489999771118164,32.603275299072266,72.02750396728516,116.0,139.9927520751953,163.95584106445312,244.04751586914065,90.73897552490234
2018-10-16,17.43000030517578,33.22661209106445,72.29975128173828,115.8000030517578,144.0516815185547,168.7256622314453,249.3838348388672,90.94517517089844
2018-10-17,17.3700008392334,32.87693405151367,72.12956237792969,115.79000091552734,143.43423461914062,168.79232788085938,249.42832946777344,90.40591430664062
2018-10-18,17.149999618530273,32.420841217041016,71.85737609863281,115.91999816894533,140.7464141845703,164.87933349609375,245.82627868652344,90.37419891357422
2018-10-19,17.459999084472656,32.28401565551758,71.77566528320312,116.01000213623048,139.2572479248047,164.7269744873047,245.69293212890625,90.17593383789062
2018-10-22,17.440000534057617,32.238399505615234,71.7008285522461,115.70999908447266,138.9575958251953,165.57435607910156,244.59005737304688,90.05696105957031
2018-10-23,17.34000015258789,32.13197708129883,71.72124481201172,116.38999938964844,137.7135772705078,164.9650115966797,243.34490966796875,90.34244537353516
2018-10-24,17.25,31.64547348022461,71.44217681884766,116.66000366210938,132.5286407470703,157.41510009765625,235.97189331054688,91.0244598388672
2018-10-25,17.31999969482422,32.08636474609375,71.66680145263672,116.4000015258789,135.39804077148438,162.86093139648438,240.20542907714844,90.6438446044922
2018-10-26,17.190000534057617,32.10918045043945,71.7620849609375,116.7699966430664,133.91795349121094,158.6718292236328,235.9807586669922,91.19100189208984
2018-10-29,16.969999313354492,31.280595779418945,71.45581817626953,116.30999755859376,133.1824493408203,155.4062042236328,234.6734161376953,90.98486328125
2018-10-30,16.770000457763672,31.32620620727539,71.53064727783203,115.8000030517578,135.96102905273438,157.9673309326172,238.15089416503903,90.5327606201172
2018-10-31,16.68000030517578,31.56185531616211,71.23123931884766,115.1500015258789,136.2334442138672,161.6803741455078,240.69461059570312,90.07283020019533
2018-11-01,17.049999237060547,32.90734100341797,71.57369232177734,116.62999725341795,139.37530517578125,163.81300354003906,243.2559509277344,90.15632629394533
2018-11-02,17.639999389648438,33.28741836547852,71.49164581298828,116.6500015258789,139.83836364746094,161.26145935058594,241.81521606445312,89.03540802001953
2018-11-05,17.270000457763672,33.25701141357422,71.66254425048828,116.37000274658205,139.72943115234375,160.8616180419922,243.14930725097656,89.38514709472656
2018-11-06,17.139999389648438,33.378639221191406,71.57369232177734,116.04000091552734,140.41952514648438,162.08023071289062,244.6878967285156,89.32955169677734
2018-11-07,17.18000030517578,33.47745513916016,71.74459075927734,116.02999877929688,142.934814453125,167.164306640625,249.92642211914065,89.44879150390625
2018-11-08,17.1200008392334,33.41665267944336,71.47799682617188,115.77999877929688,142.55340576171875,166.0980224609375,249.47280883789065,89.44087219238281
2018-11-09,16.84000015258789,32.740108489990234,71.51216125488281,114.4800033569336,139.91104125976562,163.29893493652344,247.0359344482422,90.108642578125
2018-11-12,16.770000457763672,32.18518829345703,71.25238037109375,113.66000366210938,137.14157104492188,158.357666015625,242.41995239257807,90.69689178466795
2018-11-13,16.790000915527344,32.03315353393555,71.16351318359375,113.6999969482422,136.70565795898438,158.49095153808594,241.9664001464844,90.64122009277344
2018-11-14,17.059999465942383,32.53485870361328,71.30025482177734,114.63999938964844,135.70677185058594,157.2818145751953,240.31211853027344,90.69689178466795
2018-11-15,17.270000457763672,33.14298629760742,71.0062484741211,114.7699966430664,137.64088439941406,160.0332794189453,242.8201904296875,90.65715026855467
2018-11-16,17.5,33.439453125,71.11568450927734,115.62000274658205,137.96780395507812,159.47157287597656,243.4515686035156,91.1818389892578
2018-11-19,17.489999771118164,33.279823303222656,70.86271667480469,115.66999816894533,135.1710205078125,154.29232788085938,239.33380126953125,91.4361801147461
2018-11-20,17.229999542236328,32.747711181640625,70.28849792480469,115.66999816894533,132.56497192382812,151.5312957763672,234.9046630859375,91.4679718017578
2018-11-21,17.479999542236328,33.14298629760742,70.60977172851562,115.86000061035156,134.41734313964844,152.68331909179688,235.7050323486328,91.4361801147461
2018-11-23,17.34000015258789,32.70969772338867,70.36373138427734,115.7699966430664,134.29025268554688,151.5789031982422,234.13092041015625,91.53156280517578
2018-11-26,17.229999542236328,32.70969772338867,70.46625518798828,115.63999938964844,136.03367614746094,155.08250427246094,237.9108123779297,91.32488250732422
2018-11-27,17.049999237060547,32.72489929199219,69.97404479980469,114.9499969482422,134.90771484375,155.606201171875,238.7111968994141,91.42821502685548
2018-11-28,17.489999771118164,33.03656768798828,70.84905242919922,115.37999725341795,138.24017333984375,160.6140594482422,244.2076110839844,90.98304748535156
2018-11-29,17.389999389648438,33.10498046875,70.72602844238281,115.73999786376952,137.867919921875,160.09039306640625,243.6740264892578,91.34078979492188
2018-11-30,17.420000076293945,32.71730041503906,70.88324737548828,115.54000091552734,138.58526611328125,161.25196838378906,245.1592712402344,91.68264770507812
2018-12-03,17.649999618530273,33.348236083984375,71.38036346435547,116.41000366210938,139.91104125976562,164.07005310058594,248.4055633544922,92.3335952758789
2018-12-04,17.200000762939453,32.960548400878906,71.1743392944336,117.12000274658205,133.95423889160156,157.7769317626953,240.3566131591797,93.8794174194336
2018-12-06,17.15999984741211,32.90734100341797,71.38723754882812,117.13999938964844,133.66371154785156,158.89083862304688,239.99197387695312,94.17424011230467
2018-12-07,17.229999542236328,32.56526184082031,71.45587921142578,118.08999633789062,130.77613830566406,153.64491271972656,234.41549682617188,94.34954833984376
2018-12-10,16.989999771118164,32.18518829345703,71.45587921142578,117.68000030517578,130.394775390625,155.25393676757812,234.86013793945312,94.73995208740234
2018-12-11,17.25,31.97233772277832,71.50392150878906,117.54000091552734,130.258544921875,155.7680206298828,234.9136199951172,94.72402954101562
2018-12-12,17.229999542236328,32.63368225097656,71.63440704345703,117.79000091552734,131.5026092529297,157.13900756835938,236.0964508056641,94.30174255371094
2018-12-13,17.270000457763672,32.73250198364258,71.84037780761719,117.52999877929688,129.6410675048828,157.1865692138672,236.0163726806641,94.07862854003906
2018-12-14,17.219999313354492,32.504451751708984,71.8541259765625,117.05999755859376,127.6796875,153.3592987060547,231.6584014892578,94.40531158447266
2018-12-17,17.1200008392334,31.97994041442871,71.95027160644531,117.87000274658205,124.8362274169922,149.8842315673828,227.1136474609375,94.9551239013672
2018-12-18,16.6200008392334,31.85890388488769,72.02672576904297,118.1500015258789,124.6813507080078,150.82676696777344,226.86459350585935,95.5237808227539
2018-12-19,16.65999984741211,31.59246253967285,71.92937469482422,117.43000030517578,122.08475494384766,147.1232452392578,223.4671173095703,96.78567504882812
2018-12-20,16.780000686645508,31.356470108032227,71.79728698730469,119.23999786376952,120.07125091552734,144.99061584472656,219.82955932617188,96.4343032836914
2018-12-21,16.639999389648438,31.211833953857425,71.5678939819336,118.72000122070312,116.95537567138672,140.49688720703125,215.32534790039065,96.4183349609375
2018-12-24,16.6200008392334,30.9758358001709,71.53312683105469,120.0199966430664,114.68678283691406,137.0128173828125,209.6358337402344,96.89755249023438
2018-12-26,16.8799991607666,31.85890388488769,71.63740539550781,119.66000366210938,120.19880676269533,145.5677490234375,220.2276306152344,95.85919189453124
2018-12-27,16.760000228881836,31.65336799621582,71.93632507324219,120.56999969482422,120.69994354248048,146.1310577392578,221.9184112548828,95.87518310546876
2018-12-28,16.729999542236328,31.46305274963379,71.98500061035156,121.05999755859376,121.04608917236328,146.0546875,221.6320953369141,96.68187713623048
2018-12-31,16.440000534057617,31.52394676208496,72.2352523803711,121.25,121.99366760253906,147.28636169433594,223.5733642578125,97.04926300048828
2019-01-02,16.280000686645508,31.69142341613769,72.2352523803711,121.33000183105467,122.68605041503906,147.8783416748047,223.8059539794922,97.56040954589844
2019-01-03,16.100000381469727,31.5620059967041,72.54113006591797,122.43000030517578,120.49037170410156,143.04708862304688,218.46534729003903,98.67062377929688
2019-01-04,16.520000457763672,32.62017059326172,73.09030151367188,121.44000244140624,124.99111938476562,149.1673126220703,225.78298950195312,97.52850341796876
2019-01-07,16.450000762939453,32.741973876953125,73.40316009521484,121.86000061035156,127.17766571044922,150.9432373046875,227.5631866455078,97.24097442626952
2019-01-08,16.56999969482422,32.9855842590332,73.34754180908203,121.52999877929688,129.1273956298828,152.30857849121094,229.7012176513672,96.9853744506836
2019-01-09,16.670000076293945,33.46516799926758,73.47962951660156,122.30999755859376,130.19334411621094,153.5498504638672,230.77471923828125,96.83364868164062
2019-01-10,16.510000228881836,33.89908981323242,73.34754180908203,121.58999633789062,130.8675994873047,153.98898315429688,231.58876037597656,96.21065521240234
2019-01-11,16.600000381469727,33.89908981323242,73.35447692871094,121.8000030517578,130.9040069580078,153.42567443847656,231.6782684326172,96.5860595703125
2019-01-14,16.43000030517578,34.08939743041992,73.27110290527344,122.08999633789062,129.60121154785156,152.06996154785156,230.26480102539065,96.22664642333984
2019-01-15,16.549999237060547,34.2036018371582,73.52134704589844,121.87999725341795,130.69447326660156,155.03929138183594,232.90383911132807,95.87518310546876
2019-01-16,16.739999771118164,34.54616928100586,73.58386993408203,122.2699966430664,131.66934204101562,155.0106658935547,233.4674530029297,95.97105407714844
2019-01-17,16.8799991607666,34.6908073425293,73.8341293334961,122.11000061035156,132.8628692626953,156.23280334472656,235.23870849609372,95.99503326416016
2019-01-18,16.979999542236328,34.934410095214844,74.18869018554688,121.0199966430664,134.22947692871094,157.7795867919922,238.36968994140625,95.4917984008789
2019-01-22,16.6200008392334,34.371070861816406,74.20955657958984,121.4499969482422,132.10662841796875,154.6191864013672,235.14926147460935,96.13878631591795
2019-01-23,16.65999984741211,34.40152359008789,74.57797241210938,121.27999877929688,131.7421875,154.81967163085938,235.6412811279297,96.09883880615234
2019-01-24,16.559999465942383,34.515716552734375,74.93951416015625,121.08999633789062,132.5348358154297,155.82220458984375,235.76646423339844,96.72979736328124
2019-01-25,17.06999969482422,34.70602798461914,74.86995697021484,122.86000061035156,134.23858642578125,157.68408203125,237.7613525390625,96.26656341552734
2019-01-28,16.84000015258789,34.53855514526367,74.5293197631836,123.29000091552734,133.51878356933594,155.73626708984375,235.95431518554688,96.17073822021484
2019-01-29,17.010000228881836,34.614681243896484,74.59190368652344,123.9800033569336,133.19993591308594,154.26589965820312,235.6412811279297,96.65789794921876
2019-01-30,17.3700008392334,35.1323356628418,75.12019348144531,124.69000244140624,134.65769958496094,158.19009399414062,239.3716583251953,96.5860595703125
2019-01-31,17.3700008392334,35.566261291503906,75.6902847290039,124.75,135.80563354492188,160.55801391601562,241.47398376464844,97.41668701171876
2019-02-01,17.31999969482422,35.61955261230469,75.79637145996094,124.5,135.91494750976562,159.88006591796875,241.5902557373047,96.82831573486328
2019-02-04,17.540000915527344,36.053470611572266,75.53810119628906,123.95999908447266,137.5366973876953,161.86605834960938,243.28990173339844,96.39598846435548
2019-02-05,17.639999389648438,36.03063583374024,76.04065704345703,124.27999877929688,137.68247985839844,163.29824829101562,244.3097381591797,96.83631134033205
2019-02-06,17.68000030517578,35.65761947631836,75.6497802734375,123.44000244140624,137.5093231201172,162.8113250732422,243.98765563964844,96.88433074951172
2019-02-07,17.719999313354492,35.5890998840332,75.51017761230469,123.73999786376952,136.37962341308594,160.62478637695312,241.6617431640625,97.52477264404295
2019-02-08,17.579999923706055,35.04098129272461,75.17510986328125,124.20999908447266,136.52537536621094,160.93992614746094,241.95692443847656,97.94100952148438
2019-02-11,17.43000030517578,34.77455139160156,75.00064086914062,123.5999984741211,137.66424560546875,160.7871551513672,242.09120178222656,97.55675506591795
2019-02-12,17.360000610351562,34.789772033691406,75.27983093261719,123.86000061035156,139.38612365722656,163.16455078125,245.20428466796875,97.30860137939452
2019-02-13,17.350000381469727,34.629905700683594,75.28681945800781,123.37000274658205,139.7779541015625,163.27915954589844,246.0004730224609,96.94036102294922
2019-02-14,17.360000610351562,34.53855514526367,75.48224639892578,124.05999755859376,140.0968475341797,163.4796600341797,245.45474243164065,97.4927215576172
2019-02-15,17.59000015258789,34.65274429321289,75.54508209228516,124.8000030517578,142.32901000976562,164.16714477539062,248.12954711914065,97.64483642578124
2019-02-19,17.969999313354492,35.08666229248047,75.49620819091797,126.6999969482422,142.72073364257812,164.49172973632812,248.5589599609375,97.89297485351562
2019-02-20,18.229999542236328,35.269371032714844,75.50318908691406,126.4800033569336,143.39492797851562,164.46311950683594,249.0599670410156,97.61283111572266
2019-02-21,18.170000076293945,35.47490310668945,75.45435333251953,125.0500030517578,142.84828186035156,163.861572265625,248.17425537109372,96.74027252197266
2019-02-22,18.440000534057617,36.01540756225586,75.92198944091797,125.5,144.08734130859375,165.0740966796875,249.7129821777344,97.31664276123048
2019-02-25,18.420000076293945,36.16765594482422,75.79637145996094,125.37000274658205,144.12376403808594,165.67568969726562,250.0529327392578,97.02845764160156
2019-02-26,18.43000030517578,35.901214599609375,76.01973724365234,125.58000183105467,143.13075256347656,165.84751892089844,249.8740081787109,97.50875854492188
2019-02-27,18.549999237060547,35.261756896972656,76.04065704345703,124.69000244140624,143.33116149902344,165.74249267578125,249.76670837402344,96.4040756225586
2019-02-28,18.40999984741211,34.34823989868164,75.9917984008789,123.98999786376952,142.8391876220703,165.36058044433594,249.30149841308597,96.07583618164062
2019-03-01,18.26000022888184,34.11985397338867,75.7205581665039,121.87999725341795,144.1693572998047,166.50634765625,250.85806274414065,95.18779754638672
2019-03-04,18.21999931335449,33.921932220458984,75.67852020263672,121.55999755859376,142.86648559570312,166.53500366210938,249.945556640625,95.93384552001952
2019-03-05,18.3700008392334,33.98282623291016,75.71357727050781,121.72000122070312,142.20144653320312,166.65911865234375,249.6055908203125,96.1344223022461
2019-03-06,18.290000915527344,33.914310455322266,75.65048217773438,121.61000061035156,139.4134521484375,165.71389770507812,248.0938262939453,96.48737335205078
2019-03-07,18.239999771118164,33.4499397277832,75.47531127929688,121.51000213623048,138.19265747070312,163.68011474609375,246.0183563232422,97.11306762695312
2019-03-08,18.13999938964844,33.44232940673828,75.68550872802734,122.83999633789062,138.1562042236328,163.43190002441406,245.52626037597656,97.52218627929688
2019-03-11,18.190000534057617,33.79251480102539,75.96585845947266,122.23999786376952,140.57057189941406,166.8309783935547,249.0868225097656,97.23341369628906
2019-03-12,18.34000015258789,33.9980583190918,76.20415496826172,122.9800033569336,140.64346313476562,167.74754333496094,250.0260772705078,97.915283203125
2019-03-13,18.34000015258789,33.807743072509766,76.22517395019531,123.83999633789062,141.19920349121094,169.0078582763672,251.68104553222656,97.73077392578124
2019-03-14,18.09000015258789,33.78489685058594,76.11308288574219,122.41000366210938,140.62527465820312,168.7214813232422,251.52003479003903,97.02482604980467
2019-03-15,18.209999084472656,34.11985397338867,76.4214096069336,122.97000122070312,140.998779296875,170.28732299804688,252.7626953125,97.66658782958984
2019-03-18,18.229999542236328,34.25688171386719,76.49149322509766,123.04000091552734,141.90077209472656,170.69287109375,253.67916870117188,97.61042022705078
2019-03-19,18.270000457763672,34.020896911621094,76.54756927490234,123.37999725341795,141.1809844970703,171.266845703125,253.74212646484372,97.39385223388672
2019-03-20,18.350000381469727,33.75445556640625,77.22740936279297,124.18000030517578,140.00437927246094,171.9459686279297,252.97833251953125,98.41259765625
2019-03-21,18.209999084472656,33.52607345581055,77.20640563964844,123.68000030517578,141.8405303955078,174.63380432128906,255.83563232421875,98.62920379638672
2019-03-22,17.84000015258789,32.376556396484375,76.69477081298828,123.97000122070312,136.6792449951172,170.798095703125,250.91168212890625,100.1613998413086
2019-03-25,17.860000610351562,32.521202087402344,77.1222915649414,124.91999816894533,137.28207397460938,170.4729461669922,250.7230987548828,100.32183074951172
2019-03-26,17.8799991607666,32.574493408203125,77.19237518310547,124.3000030517578,138.72552490234375,171.266845703125,252.5919952392578,100.24964141845705
2019-03-27,17.899999618530273,32.34611129760742,76.9050064086914,123.6500015258789,138.1865234375,170.16680908203125,251.2711181640625,101.17215728759766
2019-03-28,18.0,32.48313522338867,77.06620788574219,121.9000015258789,139.41973876953125,170.55899047851562,252.2235412597656,101.52509307861328
2019-03-29,18.31999969482422,32.87137985229492,77.13631439208984,122.01000213623048,139.84909057617188,171.8502960205078,253.8140106201172,101.42884063720705
2019-04-01,18.299999237060547,33.609806060791016,77.27281188964844,121.52999877929688,141.3746337890625,174.1268310546875,256.82403564453125,99.98812866210938
2019-04-02,18.190000534057617,33.00080108642578,77.32210540771484,121.9800033569336,141.0092010498047,174.78683471679688,256.94976806640625,100.1730728149414
2019-04-03,18.40999984741211,33.434715270996094,77.1461410522461,121.8000030517578,141.7400665283203,175.79119873046875,257.3540344238281,99.30481719970705
2019-04-04,18.25,33.640262603759766,77.12505340576172,122.11000061035156,142.43434143066406,175.72422790527344,258.03692626953125,99.58615112304688
2019-04-05,18.100000381469727,33.76205825805664,77.42766571044922,121.9800033569336,143.76805114746094,176.6329803466797,259.2859802246094,99.7148208618164
2019-04-08,18.350000381469727,33.86864471435547,77.11801147460938,122.51000213623048,143.530517578125,177.08248901367188,259.48370361328125,99.36107635498048
2019-04-09,18.38999938964844,33.95237731933594,77.16726684570312,123.1500015258789,141.7765655517578,176.4607391357422,258.15380859375,99.67464447021484
2019-04-10,18.34000015258789,33.975215911865234,77.32210540771484,123.52999877929688,143.7041015625,177.4077606201172,259.0343017578125,99.9158172607422
2019-04-11,18.1299991607666,33.66310119628906,77.04058074951172,121.9499969482422,143.5214385986328,176.98687744140625,258.96246337890625,99.32891845703124
2019-04-12,18.40999984741211,33.9980583190918,77.03355407714844,121.83000183105467,144.04208374023438,177.75210571289062,260.7146301269531,98.6214599609375
2019-04-15,18.399999618530277,33.7011604309082,77.08280181884766,121.5999984741211,143.5762176513672,177.78076171875,260.5438537597656,98.87066650390624
2019-04-16,18.3799991607666,33.8305778503418,76.93500518798828,120.51000213623048,143.9142303466797,178.39300537109375,260.7146301269531,98.25161743164062
2019-04-17,18.56999969482422,33.83818817138672,77.00540924072266,120.27999877929688,142.59877014160156,179.01467895507812,260.07666015625,98.29182434082033
2019-04-18,18.299999237060547,33.8305778503418,77.06874084472656,120.37000274658205,142.1785430908203,179.24429321289062,260.5888366699219,98.80633544921876
2019-04-22,18.190000534057617,33.52607345581055,77.012451171875,120.37000274658205,141.80398559570312,179.7512664794922,260.8133850097656,98.33199310302734
2019-04-23,18.15999984741211,33.198726654052734,77.2446517944336,120.12000274658205,143.94163513183594,182.0373687744141,263.1586303710937,98.54103088378906
2019-04-24,18.270000457763672,32.74958038330078,77.02650451660156,120.47000122070312,144.38926696777344,181.46343994140625,262.57452392578125,99.34500885009766
2019-04-25,17.920000076293945,32.60495376586914,77.1321029663086,120.56999969482422,143.19252014160156,182.19998168945312,262.41278076171875,99.20030975341795
2019-04-26,18.11000061035156,32.73435974121094,77.08280181884766,121.37000274658205,144.58108520507812,182.36257934570312,263.6347961425781,99.53795623779295
2019-04-29,18.13999938964844,32.48313522338867,77.1602554321289,120.83000183105467,145.27532958984375,182.71646118164065,264.048095703125,98.90281677246094
2019-04-30,18.18000030517578,32.52881622314453,77.27281188964844,121.1999969482422,144.599365234375,181.30078125,264.1827697753906,99.40935516357422
2019-05-01,17.479999542236328,32.1101188659668,77.25093841552734,120.4000015258789,143.22909545898438,180.71731567382807,262.1971740722656,99.8193817138672
2019-05-02,17.40999984741211,32.12534713745117,77.13078308105469,119.94000244140624,143.89590454101562,179.93299865722656,261.6310729980469,99.34406280517578
2019-05-03,17.639999389648438,32.2547607421875,77.56892395019531,120.6500015258789,146.64559936523438,182.80259704589844,264.1918640136719,99.62605285644533
2019-05-06,17.790000915527344,32.04160690307617,77.55477905273438,120.80999755859376,146.8100128173828,181.68344116210935,263.1048278808594,99.89994049072266
2019-05-07,17.43000030517578,31.402145385742188,77.14490509033203,121.20999908447266,143.90505981445312,178.14430236816406,258.7108459472656,100.66534423828124
2019-05-08,17.34000015258789,31.36408424377441,77.22972106933594,120.91000366210938,143.20166015625,177.69468688964844,258.3515014648437,100.23029327392578
2019-05-09,17.309999465942383,31.32601928710937,76.99650573730469,121.1999969482422,142.68099975585938,176.7381591796875,257.56982421875,100.64112854003906
2019-05-10,17.360000610351562,31.25750732421875,77.25797271728516,121.43000030517578,143.0737762451172,176.9581756591797,258.8636474609375,100.50415802001952
2019-05-13,16.989999771118164,30.488630294799805,76.6361312866211,122.66999816894533,138.51541137695312,170.8172149658203,252.35829162597656,101.29370880126952
2019-05-14,17.010000228881836,30.663721084594727,76.87641143798828,122.45999908447266,140.2601318359375,172.6920166015625,254.6405029296875,100.99560546875
2019-05-15,17.15999984741211,30.67133140563965,77.1590805053711,122.38999938964844,140.7169189453125,175.13119506835938,256.1321105957031,101.61599731445312
2019-05-16,17.170000076293945,30.4505672454834,77.17315673828125,121.51000213623048,141.5939178466797,176.8911895751953,258.5042724609375,101.27755737304688
2019-05-17,17.079999923706055,30.21457290649414,76.99650573730469,120.6500015258789,139.62069702148438,175.08334350585938,256.8329772949219,101.5031967163086
2019-05-20,17.059999465942383,30.00902557373047,77.34278106689453,120.63999938964844,138.65235900878906,172.12771606445312,255.13478088378903,101.29370880126952
2019-05-21,17.0,30.130834579467773,77.43463897705078,120.36000061035156,140.51597595214844,173.92596435546875,257.43505859375,101.13259887695312
2019-05-22,16.729999542236328,29.902462005615234,77.39225006103516,120.23999786376952,139.33750915527344,173.1511688232422,256.64434814453125,101.71263122558594
2019-05-23,16.790000915527344,29.65123748779297,77.2862319946289,121.16999816894533,136.4691162109375,170.50160217285156,253.50848388671875,102.85671997070312
2019-05-24,16.90999984741211,29.643627166748047,77.3639907836914,121.3000030517578,137.74806213378906,170.41551208496094,254.0834045410156,102.9453125
2019-05-28,16.84000015258789,28.973716735839844,77.462890625,120.83000183105467,136.65185546875,169.774658203125,251.7203826904297,103.68651580810548
2019-05-29,16.670000076293945,29.293445587158203,77.42052459716797,120.87000274658205,135.50990295410156,168.37806701660156,250.0311737060547,104.0007095336914
2019-05-30,16.559999465942383,29.45330810546875,77.6537094116211,121.69000244140624,135.13539123535156,169.08587646484375,250.71408081054688,104.89495086669922
2019-05-31,16.469999313354492,29.323898315429688,77.6537094116211,123.33000183105467,133.24441528320312,166.3885040283203,247.3355712890625,106.20813751220705
2019-06-03,16.6200008392334,30.19173622131348,77.62460327148438,125.11000061035156,133.71031188964844,162.72500610351562,246.7066345214844,106.91858673095705
2019-06-04,16.670000076293945,30.54953384399414,78.09295654296875,125.1500015258789,137.17251586914062,167.30679321289062,252.06182861328125,105.6995620727539
2019-06-05,16.40999984741211,30.336376190185547,78.34136199951172,125.47000122070312,137.199951171875,168.55029296875,254.2452545166016,105.10213470458984
2019-06-06,16.530000686645508,30.09276962280273,78.63937377929688,125.87999725341795,136.8436737060547,169.88941955566406,255.8985290527344,105.44122314453124
2019-06-07,16.3700008392334,30.275474548339844,79.11478424072266,126.58999633789062,137.8119659423828,173.17030334472656,258.4592590332031,106.35344696044922
2019-06-10,16.649999618530273,30.465795516967773,79.01549530029297,125.33000183105467,138.625,175.1885986328125,259.6453552246094,105.35238647460938
2019-06-11,16.719999313354492,31.0595760345459,78.90898895263672,125.18000030517578,138.21388244628906,175.42774963378906,259.5823974609375,105.4169921875
2019-06-12,16.540000915527344,30.74745750427246,78.84516143798828,125.83000183105467,138.3692169189453,174.413818359375,259.12420654296875,105.49771118164062
2019-06-13,16.610000610351562,30.808349609375,79.02254486083984,126.5999984741211,139.830810546875,175.44686889648438,260.19342041015625,105.8609848022461
2019-06-14,16.43000030517578,30.37443733215332,78.95867919921875,126.55999755859376,138.6067657470703,174.70074462890625,259.90594482421875,106.12744140625
2019-06-17,16.56999969482422,30.3821964263916,78.99420166015625,126.4800033569336,139.56285095214844,175.7529754638672,260.0047912597656,106.3130874633789
2019-06-18,16.93000030517578,30.677021026611328,79.7960433959961,127.12000274658205,141.1855010986328,178.3068389892578,262.7273254394531,106.84588623046876
2019-06-19,16.81999969482422,30.816669464111328,80.49147033691406,127.88999938964844,141.68968200683594,178.9764404296875,263.3202819824219,106.99930572509766
2019-06-20,16.989999771118164,31.251148223876957,80.85335540771484,131.11000061035156,142.35887145996094,180.6408233642578,265.8360900878906,107.28186798095705
2019-06-21,16.829999923706055,31.297697067260746,80.06570434570312,131.97999572753906,141.1304931640625,180.3730010986328,265.4497985839844,106.10319519042967
2019-06-24,16.950000762939453,31.631311416625977,80.22181701660156,133.94000244140625,139.41619873046875,180.37875366210935,265.1246643066406,106.89436340332033
2019-06-25,17.09000015258789,31.56148338317871,79.81022644042969,134.1999969482422,138.56362915039062,177.2822723388672,262.5243225097656,107.22531127929688
2019-06-26,16.969999313354492,31.66234588623047,79.94503021240234,132.97000122070312,138.24281311035156,178.10675048828125,262.2624816894531,106.53914642333984
2019-06-27,17.010000228881836,31.522693634033203,80.2715072631836,132.83999633789062,140.83712768554688,178.7873992919922,263.1925354003906,107.28996276855467
2019-06-28,16.959999084472656,31.70113182067871,80.39208984375,133.1999969482422,142.55140686035156,179.01748657226562,264.546875,107.2172622680664
2019-07-01,16.770000457763672,31.56148338317871,80.80387115478516,130.6199951171875,143.10145568847656,181.4332427978516,266.9485168457031,106.9665069580078
2019-07-02,16.65999984741211,31.367521286010746,80.94634246826172,133.41000366210938,142.23056030273438,182.15223693847656,267.6437683105469,107.79158020019533
2019-07-03,16.75,31.37528419494629,81.1671371459961,133.6300048828125,143.2481231689453,183.52305603027344,269.7836303710937,108.5600357055664
2019-07-05,16.649999618530273,31.297697067260746,80.7468490600586,132.13999938964844,143.6331787109375,183.14920043945312,269.47662353515625,107.12020111083984
2019-07-08,16.639999389648438,31.235626220703125,80.6329116821289,131.2899932861328,142.26722717285156,181.8646545410156,267.9958801269531,107.26580810546876
2019-07-09,16.440000534057617,31.064939498901367,80.4405517578125,131.75,142.45968627929688,182.7753753662109,268.3299865722656,107.225341796875
2019-07-10,16.81999969482422,31.32872772216797,80.56876373291016,133.8300018310547,142.70724487304688,184.5967559814453,269.612060546875,106.63491821289062
2019-07-11,16.799999237060547,31.592517852783203,80.33370208740234,132.6999969482422,142.01052856445312,184.46255493164065,270.2440185546875,105.21128845214844
2019-07-12,16.860000610351562,31.577001571655277,80.49757385253906,133.52999877929688,143.11065673828125,185.5266571044922,271.4539489746094,105.3325653076172
2019-07-15,16.959999084472656,31.646825790405277,80.66139221191406,133.52999877929688,142.35887145996094,186.12103271484372,271.5443420410156,105.93924713134766
2019-07-16,16.889999389648438,31.45286750793457,80.61864471435547,132.39999389648438,142.31307983398438,185.1623992919922,270.6683959960937,105.62377166748048
2019-07-17,16.959999084472656,31.27442169189453,80.71125793457031,134.5800018310547,141.2954864501953,184.25167846679688,268.8266296386719,106.76427459716795
2019-07-18,17.020000457763672,31.313213348388672,80.86085510253906,136.47999572753906,141.8272247314453,184.46255493164065,269.8106994628906,106.77238464355467
2019-07-19,17.170000076293945,30.956323623657227,80.73971557617188,134.47000122070312,141.01133728027344,183.11087036132807,268.3119201660156,106.52162170410156
2019-07-22,17.030000686645508,30.77012252807617,81.02466583251953,134.4499969482422,140.88294982910156,184.5679931640625,268.9709777832031,106.72386169433594
2019-07-23,16.90999984741211,30.46754264831543,81.27400970458984,133.69000244140625,141.81800842285156,185.77590942382807,270.8940734863281,106.14144897460938
2019-07-24,16.989999771118164,30.327884674072266,81.45926666259766,134.3699951171875,144.1648406982422,187.0796661376953,272.167236328125,106.60250854492188
2019-07-25,16.959999084472656,30.180479049682617,81.33812713623047,133.4199981689453,142.42311096191406,185.30618286132807,270.8670349121094,106.09295654296876
2019-07-26,16.850000381469727,30.3977108001709,81.2953872680664,133.63999938964844,144.1098175048828,187.21388244628903,272.6819152832031,106.34371185302734
2019-07-29,17.030000686645508,30.20375061035156,81.28827667236328,134.52999877929688,143.1472930908203,186.57156372070312,272.1852722167969,106.37601470947266
2019-07-30,16.780000686645508,30.133922576904297,81.15289306640625,134.97999572753906,144.69654846191406,185.76634216308597,271.51708984375,106.63491821289062
2019-07-31,16.700000762939453,29.84685707092285,80.98197174072266,133.2100067138672,143.52316284179688,183.1971740722656,268.5467529296875,107.49227905273438
2019-08-01,16.459999084472656,29.466691970825195,81.33091735839844,136.41000366210938,141.4421844482422,182.2864532470703,266.2081298828125,109.6271514892578
2019-08-02,16.1200008392334,28.91584587097168,81.28080749511719,135.88999938964844,139.8745880126953,179.6022491455078,264.20379638671875,110.64025115966795
2019-08-05,16.010000228881836,27.95378875732422,80.48004150390625,137.7899932861328,135.67591857910156,173.25599670410156,256.25830078125,112.55298614501952
2019-08-06,16.079999923706055,28.10896110534668,81.04484558105469,138.91000366210938,136.92269897460938,175.68136596679688,259.8517761230469,113.45264434814452
2019-08-07,16.219999313354492,28.3649959564209,81.45240783691406,141.02000427246094,136.88600158691406,176.63047790527344,260.0053405761719,113.49317932128906
2019-08-08,16.290000915527344,28.95463752746582,81.8599624633789,141.72999572753906,139.83787536621094,180.474609375,265.10650634765625,113.73635864257812
2019-08-09,16.260000228881836,29.01670265197754,81.81706237792969,141.25999450683594,138.0777587890625,178.77777099609375,263.3008728027344,113.50938415527344
2019-08-12,16.18000030517578,28.264137268066406,80.95906829833984,142.6300048828125,136.29017639160156,176.72630310058594,260.0955810546875,115.8760223388672
2019-08-13,16.489999771118164,28.729639053344727,80.84466552734375,141.77999877929688,137.75689697265625,180.5991973876953,264.1406555175781,115.47887420654295
2019-08-14,16.280000686645508,28.07792854309082,80.73744201660156,142.75,133.9066619873047,175.20205688476562,256.3305969238281,118.08055877685548
2019-08-15,16.270000457763672,28.07792854309082,81.05916595458984,143.6999969482422,133.37496948242188,175.00076293945312,257.0077819824219,119.3935546875
2019-08-16,16.229999542236328,28.32619857788086,81.5239486694336,142.77999877929688,136.25347900390625,177.80953979492188,260.79986572265625,118.43717193603516
2019-08-19,16.290000915527344,28.1710262298584,81.19501495361328,141.11000061035156,137.6285858154297,180.63758850097656,263.9418334960937,116.7432632446289
2019-08-20,16.139999389648438,28.124473571777344,81.21649169921875,142.2100067138672,136.7301483154297,179.2379913330078,261.9194641113281,117.95087432861328
2019-08-21,16.170000076293945,28.10896110534668,81.45240783691406,141.75999450683594,137.85780334472656,180.82928466796875,264.05029296875,117.16470336914062
2019-08-22,16.059999465942383,27.736557006835938,81.49533081054688,141.39999389648438,137.53695678710938,180.24456787109372,263.968994140625,116.3866729736328
2019-08-23,15.880000114440918,27.092601776123047,81.53107452392578,144.1699981689453,133.31991577148438,174.54061889648438,257.18829345703125,118.29940032958984
2019-08-26,15.90999984741211,26.83657455444336,81.45955657958984,144.19000244140625,134.7866668701172,177.17684936523438,260.0323486328125,117.82115936279295
2019-08-27,16.0,27.05380630493164,81.68839263916016,145.57000732421875,132.78822326660156,176.802978515625,259.0120849609375,119.63671875
2019-08-28,16.06999969482422,26.720191955566406,81.78133392333984,145.16000366210938,134.33750915527344,177.4357147216797,260.83599853515625,119.79070281982422
2019-08-29,16.110000610351562,27.046049118041992,81.96721649169922,144.1199951171875,136.69351196289062,180.148681640625,264.16766357421875,119.33675384521484
2019-08-30,16.0,27.69000625610352,82.23893737792969,143.75,136.44601440429688,179.71728515625,264.05029296875,119.36921691894533
2019-09-03,15.850000381469728,27.240013122558597,82.4276123046875,145.75,134.44752502441406,177.97256469726562,262.5062866210937,119.52351379394533
2019-09-04,16.229999542236328,27.40294075012207,82.9443359375,146.66000366210938,135.52920532226562,180.54171752929688,265.48590087890625,119.70213317871094
2019-09-05,16.5,28.062410354614254,82.49937438964844,143.13999938964844,138.05029296875,183.8490295410156,268.8987121582031,117.53428649902344
2019-09-06,16.43000030517578,28.318439483642575,82.79361724853516,141.9199981689453,137.41773986816406,183.6668701171875,269.1063232421875,118.37059020996094
2019-09-09,16.459999084472656,28.52791404724121,82.11190032958984,141.38999938964844,139.26036071777344,183.2834014892578,269.2419128417969,116.2677001953125
2019-09-10,16.40999984741211,28.52791404724121,81.50196838378906,140.17999267578125,141.03884887695312,182.75621032714844,269.1785888671875,114.22978973388672
2019-09-11,16.3700008392334,28.85377311706543,81.58806610107422,141.02999877929688,143.926513671875,184.4721221923828,271.0927734375,114.02680206298828
2019-09-12,16.530000686645508,29.35031509399414,81.74593353271484,141.32000732421875,143.9631805419922,185.2390594482422,272.03179931640625,113.27979278564452
2019-09-13,16.920000076293945,29.69944953918457,80.80592346191406,140.14999389648438,144.21070861816406,184.5776214599609,271.8512268066406,110.86023712158205
2019-09-16,16.559999465942383,29.63738250732422,81.15037536621094,141.32000732421875,144.75157165527344,183.75311279296875,271.0115051269531,112.27301025390624
2019-09-17,16.450000762939453,29.62962913513184,81.4086685180664,141.60000610351562,144.3756866455078,184.63510131835935,271.69775390625,112.88199615478516
2019-09-18,16.360000610351562,29.567556381225582,81.4158706665039,140.7100067138672,143.48646545410156,184.55845642089844,271.8602905273437,113.36099243164062
2019-09-19,16.34000015258789,29.5210018157959,81.77464294433594,141.27999877929688,142.7897491455078,184.8651885986328,271.8421936035156,113.70199584960938
2019-09-20,16.25,29.45893096923828,82.1406021118164,142.9499969482422,142.4872283935547,182.90960693359372,270.5577392578125,115.20406341552734
2019-09-23,16.3799991607666,29.156354904174805,81.95402526855469,143.75,142.37722778320312,182.99024963378903,270.4942321777344,115.1797103881836
2019-09-24,16.309999465942383,28.94688034057617,81.43020629882812,144.50999450683594,140.22821044921875,180.56002807617188,268.371826171875,116.56808471679688
2019-09-25,16.360000610351562,28.783950805664062,81.19339752197266,141.8300018310547,141.7645263671875,182.58685302734372,269.9591064453125,114.8630828857422
2019-09-26,16.15999984741211,28.923603057861328,81.35843658447266,141.7899932861328,140.1822509765625,181.91444396972656,269.3968200683594,115.60191345214844
2019-09-27,16.290000915527344,29.21066665649414,81.25080871582031,141.05999755859375,139.05992126464844,179.65701293945312,267.94537353515625,115.88607788085938
2019-09-30,16.1299991607666,29.04773712158203,81.3369140625,138.8699951171875,139.2254638671875,181.36685180664065,269.1880798339844,116.1702880859375
2019-10-01,16.09000015258789,28.8925724029541,80.94806671142578,139.6300048828125,136.4932403564453,179.88758850097656,265.9862365722656,116.52000427246094
2019-10-02,16.100000381469727,28.791704177856445,80.93366241455078,141.25999450683594,135.46286010742188,176.7945556640625,261.28765869140625,116.80459594726562
2019-10-03,16.010000228881836,29.133079528808597,81.32252502441406,141.89999389648438,135.91363525390625,178.7349090576172,263.4283142089844,117.87013244628906
2019-10-04,16.06999969482422,29.474462509155277,82.0354232788086,141.89999389648438,137.2015838623047,181.36685180664065,266.9930419921875,118.74042510986328
2019-10-07,16.1299991607666,29.21842384338379,81.57457733154297,140.69000244140625,136.96241760253906,180.81935119628903,265.8410339355469,117.75634002685548
2019-10-08,16.09000015258789,28.75291633605957,81.49535369873047,141.9199981689453,134.73614501953125,178.11050415039062,261.71392822265625,118.073486328125
2019-10-09,16.079999923706055,29.071016311645508,81.50257873535156,142.0500030517578,135.3524627685547,179.84915161132812,264.1992492675781,117.4065933227539
2019-10-10,16.34000015258789,29.39687156677246,81.36576080322266,140.80999755859375,135.89520263671875,181.24197387695312,265.9862365722656,115.65782165527344
2019-10-11,16.469999313354492,30.126161575317383,81.3081283569336,140.02999877929688,138.1951446533203,183.57623291015625,268.74365234375,114.22637176513672
2019-10-14,16.510000228881836,29.986513137817383,81.34412384033203,140.58999633789062,137.6891326904297,183.55699157714844,268.4443054199219,115.0559539794922
2019-10-15,16.3700008392334,30.07961654663086,81.5169448852539,139.61000061035156,139.271484375,185.8912048339844,271.1019592285156,113.6651611328125
2019-10-16,16.209999084472656,29.986513137817383,81.38732147216797,140.41000366210938,139.41867065429688,185.43011474609372,270.6665954589844,113.8033676147461
2019-10-17,16.309999465942383,30.35892105102539,81.50257873535156,140.61000061035156,141.0653839111328,185.9200134277344,271.4648132324219,113.52696228027344
2019-10-18,16.530000686645508,30.38994407653809,81.57457733154297,140.4600067138672,140.39381408691406,184.1332855224609,270.2765808105469,113.52696228027344
2019-10-21,16.579999923706055,28.838258743286133,81.27935791015625,139.7899932861328,141.70932006835938,185.766357421875,272.1088256835937,112.67285919189452
2019-10-22,16.530000686645508,28.558958053588867,81.57457733154297,140.1999969482422,141.86573791503906,184.28704833984372,271.2198791503906,113.33168029785156
2019-10-23,16.719999313354492,28.27189064025879,81.71858978271484,140.52999877929688,142.04049682617188,184.64239501953125,272.0090637207031,113.44554901123048
2019-10-24,16.719999313354492,28.690847396850582,81.71858978271484,141.52999877929688,141.83811950683594,186.438720703125,272.4535827636719,113.21776580810548
2019-10-25,16.829999923706055,28.264137268066406,81.69696044921875,141.86000061035156,142.59251403808594,187.92767333984372,273.5692749023437,112.66475677490234
2019-10-28,16.850000381469727,28.4348201751709,81.56736755371094,140.63999938964844,143.82525634765625,189.7815704345703,275.1112670898437,111.6399383544922
2019-10-29,16.8700008392334,27.91499710083008,81.35137939453125,140.25,144.29441833496094,188.3118438720703,275.0296325683594,111.7130889892578
2019-10-30,16.81999969482422,26.96846389770508,81.43777465820312,141.02000427246094,143.8160400390625,189.2243804931641,275.8731994628906,113.34793853759766
2019-10-31,16.540000915527344,26.790016174316406,81.80497741699219,142.42999267578125,143.00643920898438,189.31088256835935,275.138427734375,114.87703704833984
2019-11-01,16.670000076293945,27.31759452819824,82.09769439697266,142.55999755859375,145.4443359375,191.03028869628903,277.6872863769531,114.52342987060548
2019-11-04,16.700000762939453,27.115877151489254,81.92424011230469,142.14999389648438,146.22633361816406,192.2117919921875,278.80291748046875,113.01612854003906
2019-11-05,16.940000534057617,26.33226776123047,81.33162689208984,139.85000610351562,146.4102783203125,192.31748962402344,278.4945678710937,111.7450942993164
2019-11-06,16.739999771118164,25.89003562927246,81.36776733398438,140.4499969482422,145.56393432617188,191.8852386474609,278.5580139160156,112.42133331298828
2019-11-07,17.010000228881836,26.099519729614254,81.0859375,138.27000427246094,145.9503173828125,192.52877807617188,279.5376892089844,110.3843765258789
2019-11-08,16.889999389648438,25.998655319213867,81.20156860351562,137.38999938964844,146.34591674804688,193.29725646972656,280.22705078125,109.91997528076172
2019-11-11,16.700000762939453,25.33918571472168,81.13651275634766,137.05999755859375,146.06991577148438,193.03793334960935,279.69189453125,109.99331665039062
2019-11-12,16.649999618530273,24.121109008789062,80.97029876708984,137.42999267578125,146.11587524414062,193.59500122070312,280.28155517578125,110.49852752685548
2019-11-13,16.579999923706055,23.849559783935547,80.84745025634766,137.97999572753906,145.49032592773438,193.6430511474609,280.3722229003906,111.21548461914062
2019-11-14,16.5,23.31422233581543,81.27383422851562,138.55999755859375,145.4443359375,193.48936462402344,280.78045654296875,112.36431884765624
2019-11-15,16.610000610351562,25.812450408935547,81.33885955810547,138.2100067138672,146.19871520996094,194.91107177734372,282.8122863769531,112.2420654296875
2019-11-18,16.479999542236328,25.812450408935547,80.95585632324219,138.6199951171875,145.83074951171875,195.06472778320312,283.02081298828125,112.44576263427734
2019-11-19,16.700000762939453,25.45556259155273,80.77518463134766,138.69000244140625,146.3734893798828,195.3528594970703,282.9391784667969,113.3827896118164
2019-11-20,16.6299991607666,25.44780158996582,80.91246795654297,138.75999450683594,145.82154846191406,194.18099975585935,281.8869323730469,114.55602264404295
2019-11-21,16.520000457763672,24.982295989990234,80.91970825195312,138.0,145.10397338867188,193.74871826171875,281.4334716796875,113.83897399902344
2019-11-22,16.610000610351562,24.671955108642575,81.13651275634766,137.74000549316406,145.5547637939453,193.8735809326172,282.059326171875,113.98567199707033
2019-11-25,16.670000076293945,24.532306671142575,81.1292724609375,137.0800018310547,148.64578247070312,196.1693878173828,284.245361328125,114.3197784423828
2019-11-26,16.8799991607666,24.020240783691406,81.34610748291016,137.74000549316406,148.74697875976562,196.5440216064453,284.88934326171875,114.98783111572266
2019-11-27,16.90999984741211,23.54697608947754,81.2304916381836,137.00999450683594,149.79571533203125,197.9176177978516,286.15924072265625,114.65375518798828
2019-11-29,16.649999618530273,23.26766967773437,81.02812194824219,137.86000061035156,148.820556640625,197.0146942138672,285.0980224609375,114.40937042236328
2019-12-02,16.6200008392334,23.43060111999512,80.70027160644531,137.7899932861328,147.36703491210938,194.9974822998047,282.6761779785156,112.88390350341795
2019-12-03,16.450000762939453,23.51594352722168,80.85978698730469,139.11000061035156,146.89785766601562,193.4701995849609,280.78045654296875,115.25080871582033
2019-12-04,16.6299991607666,24.33058738708496,81.04838562011719,138.9199981689453,147.90975952148438,194.449951171875,282.5128173828125,114.10002899169922
2019-12-05,16.68000030517578,25.253841400146484,81.28778076171875,139.0,148.05699157714844,194.83416748046875,283.02081298828125,113.5450210571289
2019-12-06,17.229999542236328,25.292633056640625,81.45462036132812,137.6199951171875,149.78652954101562,196.91864013671875,285.60595703125,112.91656494140624
2019-12-09,17.260000228881836,25.37797737121582,81.6722183227539,137.5800018310547,149.5012969970703,196.02532958984372,284.7079467773437,113.16141510009766
2019-12-10,17.34000015258789,25.32366943359375,81.6722183227539,137.97000122070312,149.5933380126953,195.8619842529297,284.390380859375,113.16966247558594
2019-12-11,17.5,25.727108001708984,82.21619415283203,138.9199981689453,149.54733276367188,196.89944458007807,285.1977844238281,114.05921936035156
2019-12-12,17.6299991607666,26.0141716003418,82.22344207763672,138.42999267578125,150.8352508544922,198.3691253662109,287.65594482421875,112.18201446533205
2019-12-13,17.450000762939453,26.33226776123047,82.52812194824219,139.0500030517578,150.2556610107422,199.0222930908203,287.8282470703125,113.4797592163086
2019-12-16,17.600000381469727,26.40536117553711,82.5788803100586,139.0399932861328,151.31475830078125,201.02035522460935,289.8056640625,112.45955657958984
2019-12-17,17.579999923706055,26.195423126220703,82.8835220336914,139.00999450683594,152.07188415527344,201.13560485839844,289.8690795898437,112.30445861816406
2019-12-18,17.600000381469727,26.055463790893555,83.04305267333984,139.02000427246094,152.3673553466797,201.28927612304688,289.88726806640625,111.38220977783205
2019-12-19,17.68000030517578,26.10989189147949,82.75984191894531,139.3800048828125,153.02288818359375,202.5476531982422,291.0755310058594,111.56041717529295
2019-12-20,17.549999237060547,26.2965030670166,82.96369934082031,139.52000427246094,153.24452209472656,203.36415100097656,292.3516540527344,111.7074966430664
2019-12-23,17.579999923706055,26.01659202575684,83.05838012695312,139.9499969482422,153.5492401123047,203.90126037597656,292.7982177734375,111.5440444946289
2019-12-24,17.700000762939453,26.039913177490234,83.20402526855469,141.27000427246094,153.90008544921875,204.0072021484375,292.80731201171875,111.86280059814452
2019-12-26,17.850000381469727,26.10211563110352,83.32051086425781,142.3800048828125,153.90008544921875,205.80734252929688,294.3660888671875,112.13262939453124
2019-12-27,17.700000762939453,26.01659202575684,83.54622650146484,142.3300018310547,153.14295959472656,205.63406372070312,294.2931213378906,112.25521087646484
2019-12-30,17.68000030517578,25.73667335510254,83.40789794921875,142.6300048828125,152.755126953125,204.2863311767578,292.6706848144531,111.84651947021484
2019-12-31,17.540000915527344,25.915508270263672,83.41517639160156,142.89999389648438,152.96749877929688,204.6714324951172,293.381591796875,110.75105285644533
2020-01-02,17.700000762939453,26.514209747314453,83.51708984375,143.9499969482422,153.06906127929688,208.08888244628903,296.1252746582031,112.00186157226562
2020-01-03,17.450000762939453,26.335378646850582,83.30594635009766,145.86000061035156,152.4689178466797,206.1828155517578,293.8829345703125,113.72669219970705
2020-01-06,17.469999313354492,26.234298706054688,83.13846588134766,147.38999938964844,152.6720428466797,207.51129150390625,295.00408935546875,113.08089447021484
2020-01-07,17.520000457763672,26.506441116333008,83.26951599121094,147.97000122070312,152.16424560546875,207.4824066162109,294.1746520996094,112.52498626708984
2020-01-08,17.59000015258789,26.638620376586918,83.48796081542969,146.86000061035156,152.6351318359375,209.04188537597656,295.74249267578125,111.7811050415039
2020-01-09,17.540000915527344,26.506441116333008,83.42971801757812,146.02999877929688,152.81979370117188,210.8131866455078,297.74786376953125,112.17350006103516
2020-01-10,17.6200008392334,26.82523727416992,83.44429779052734,146.91000366210938,152.24729919433594,210.2740936279297,296.8909606933594,113.17083740234376
2020-01-13,17.920000076293945,26.700834274291992,83.52439880371094,145.82000732421875,153.23529052734375,212.6999969482422,298.9328308105469,112.8274917602539
2020-01-14,17.979999542236328,26.54531478881836,83.50254821777344,145.69000244140625,153.79852294921875,211.86251831054688,298.47705078125,113.40790557861328
2020-01-15,17.950000762939453,26.10989189147949,83.81565856933594,146.5399932861328,154.5371551513672,211.94908142089844,299.1514587402344,114.1599349975586
2020-01-16,17.860000610351562,26.195423126220703,83.99039459228516,146.30999755859375,156.5315399169922,213.98036193847656,301.63995361328125,113.80032348632812
2020-01-17,17.8700008392334,26.195423126220703,83.88846588134766,146.5800018310547,156.10679626464844,215.03929138183597,302.57891845703125,112.8274917602539
2020-01-21,17.5,25.091312408447266,83.81565856933594,146.74000549316406,154.81414794921875,214.94302368164065,301.9863586425781,114.0127944946289
2020-01-22,17.399999618530273,25.08353614807129,83.88117980957031,146.7899932861328,154.71263122558594,215.51097106933597,302.0228881835937,114.4133758544922
2020-01-23,17.139999389648438,24.811397552490234,83.68458557128906,147.1199951171875,154.6110382080078,216.2041015625,302.36920166015625,115.21453857421876
2020-01-24,16.84000015258789,24.92025375366211,83.57534790039062,147.97999572753906,152.70895385742188,214.3846740722656,299.6801452636719,116.14641571044922
2020-01-27,16.299999237060547,24.09605598449707,83.47343444824219,148.99000549316406,150.97311401367188,209.9564514160156,294.87646484375,117.95299530029295
2020-01-28,16.200000762939453,24.27489280700684,83.8665771484375,147.66000366210938,152.22882080078125,213.18130493164065,297.966552734375,117.02926635742188
2020-01-29,16.110000610351562,23.89389419555664,84.25254821777344,148.4600067138672,151.3609161376953,213.5279235839844,297.72052001953125,118.17374420166016
2020-01-30,16.0,23.971649169921875,84.19426727294922,148.47000122070312,151.3609161376953,214.28839111328125,298.68658447265625,118.19012451171876
2020-01-31,15.779999732971191,23.847244262695312,84.4491195678711,149.3300018310547,148.2216033935547,210.8902282714844,293.2631225585937,119.2691879272461
2020-02-03,15.75,24.173812866210938,84.42794036865234,148.36000061035156,149.87437438964844,214.0765838623047,295.441650390625,119.17257690429688
2020-02-04,15.989999771118164,24.725868225097656,84.32563018798828,146.42999267578125,152.1365203857422,218.9765625,299.9445495605469,117.56759643554688
2020-02-05,16.25,25.044658660888672,84.35482788085938,146.61000061035156,154.48178100585938,219.69851684570312,303.4082946777344,116.28208923339844
2020-02-06,16.299999237060547,24.95135307312012,84.55946350097656,147.39999389648438,154.13088989257812,221.5949859619141,304.4292297363281,116.80618286132812
2020-02-07,16.020000457763672,24.562583923339844,84.55946350097656,147.7899932861328,152.2380828857422,220.6419982910156,302.8067626953125,118.26356506347656
2020-02-10,16.049999237060547,24.27489280700684,84.5740737915039,148.1699981689453,153.09678649902344,223.30853271484372,305.0673217773437,118.59117889404295
2020-02-11,16.229999542236328,24.40707397460937,84.53751373291016,147.66000366210938,154.15858459472656,223.34703063964844,305.5960693359375,117.9934310913086
2020-02-12,16.3799991607666,24.578134536743164,84.66175079345703,147.5399932861328,155.22047424316406,225.52267456054688,307.5648498535156,117.39561462402344
2020-02-13,16.43000030517578,24.158262252807617,84.68365478515625,148.3800048828125,155.6266632080078,225.23388671875,307.2366638183594,117.84601593017578
2020-02-14,16.329999923706055,24.26711654663086,85.01983642578125,149.0,155.02655029296875,225.87884521484372,307.7289428710937,118.36194610595705
2020-02-18,16.389999389648438,23.69951057434082,85.0928955078125,150.91000366210938,154.69407653808594,225.9654541015625,306.9358825683594,119.17257690429688
2020-02-19,16.399999618530273,23.528453826904297,85.2609634399414,151.7899932861328,155.48817443847656,228.13145446777344,308.4034118652344,119.1643295288086
2020-02-20,16.25,23.419597625732425,85.31208801269531,152.41000366210938,155.8667755126953,226.0135955810547,307.1363830566406,120.09778594970705
2020-02-21,16.309999465942383,23.474023818969727,85.50209045410156,154.6999969482422,154.28787231445312,221.6720123291016,303.9734802246094,121.21961975097656
2020-02-24,16.1200008392334,22.60317611694336,85.12942504882812,156.08999633789062,149.6436004638672,213.12359619140625,293.8921203613281,123.0291976928711
2020-02-25,16.040000915527344,22.369916915893555,84.60330200195312,153.3000030517578,144.32516479492188,207.328369140625,284.98651123046875,123.68428802490234
2020-02-26,16.06999969482422,22.00446510314941,84.55946350097656,153.97000122070312,142.6539306640625,208.3968963623047,283.9382629394531,123.0291976928711
2020-02-27,16.010000228881836,21.460187911987305,83.50723266601562,154.0,137.63101196289062,197.961669921875,271.1861267089844,124.36393737792967
2020-02-28,15.880000114440918,20.96256256103516,83.3902816772461,148.3800048828125,135.11036682128906,198.11569213867188,270.0468139648437,127.17247772216795
2020-03-02,16.350000381469727,22.237728118896484,84.06282043457031,149.1999969482422,139.4499969482422,208.3391876220703,281.7415466308594,126.23689270019533
2020-03-03,16.190000534057617,21.93448638916016,85.03825378417969,153.88999938964844,136.60618591308594,201.65826416015625,273.67462158203125,128.1967315673828
2020-03-04,16.190000534057617,22.369916915893555,85.66899871826172,154.16000366210938,140.493408203125,210.0719757080078,285.1779479980469,126.83551788330078
2020-03-05,16.049999237060547,21.250247955322266,84.91357421875,157.49000549316406,136.02447509765625,203.68948364257807,275.6981201171875,129.9926300048828
2020-03-06,16.010000228881836,21.21915054321289,84.56156158447266,157.5500030517578,133.32835388183594,200.2528381347656,271.1405639648437,136.7579345703125
2020-03-09,15.579999923706056,20.01395606994629,77.71153259277344,157.80999755859375,120.36486053466795,186.3423309326172,249.9659423828125,140.4645233154297
2020-03-10,15.899999618530272,20.472705841064453,78.61365509033203,154.47999572753906,124.12277221679688,196.4888153076172,262.9005126953125,133.26461791992188
2020-03-11,15.550000190734863,19.47745132446289,75.05658721923828,153.92999267578125,116.22836303710938,187.93077087402344,250.0843505859375,128.36077880859375
2020-03-12,15.3100004196167,17.657997131347656,71.36029815673828,147.7899932861328,103.38487243652344,170.6991424560547,226.15708923339844,129.15623474121094
2020-03-13,15.56999969482422,18.2567081451416,73.38445281982422,143.27999877929688,110.30982971191406,185.1582489013672,245.49038696289065,126.23689270019533
2020-03-16,14.920000076293944,15.7841215133667,69.99615478515625,141.63999938964844,95.6750946044922,162.9785614013672,218.6279144287109,134.4126434326172
2020-03-17,14.5,16.4372615814209,69.3140640258789,143.55999755859375,100.06090545654295,175.33914184570312,230.43209838867188,125.44964599609376
2020-03-18,13.5,13.87136936187744,62.92610931396485,140.6999969482422,92.30496215820312,170.0059814453125,218.76466369628903,118.3726806640625
2020-03-19,13.539999961853027,14.9910306930542,64.52495574951172,138.0399932861328,95.90593719482422,171.02642822265625,219.22950744628903,121.59547424316406
2020-03-20,13.31999969482422,14.773314476013184,66.80582427978516,140.11000061035156,93.62532043457033,164.32626342773438,209.781982421875,130.7388916015625
2020-03-23,13.029999732971191,14.127955436706545,66.99651336669922,146.3000030517578,92.24030303955078,164.44493103027344,204.418212890625,136.12660217285156
2020-03-24,13.739999771118164,14.695563316345217,69.08668518066406,153.39999389648438,100.67952728271484,177.17916870117188,222.939208984375,133.592529296875
2020-03-25,13.789999961853027,15.550863265991213,71.85897827148438,151.3000030517578,101.93084716796876,175.86712646484375,226.27664184570312,133.28921508789062
2020-03-26,13.68000030517578,16.45281219482422,73.04710388183594,153.24000549316406,108.2707977294922,185.1283721923828,239.4889068603516,133.94517517089844
2020-03-27,13.59000015258789,15.9396333694458,71.54362487792969,152.25,104.33148193359376,178.76129150390625,232.3555908203125,137.52066040039062
2020-03-30,13.56999969482422,15.970731735229492,71.44828033447266,152.9199981689453,106.63021850585938,185.263427734375,239.90147399902344,136.38890075683594
2020-03-31,13.859999656677246,16.857133865356445,70.90555572509766,148.0500030517578,106.09258270263672,183.68130493164065,236.32568359375,135.2819061279297
2020-04-01,13.56999969482422,16.37505340576172,69.12247467041016,149.4499969482422,98.86280059814452,175.8767547607422,225.68983459472656,137.1772918701172
2020-04-02,13.859999656677246,17.168149948120117,70.53652954101562,151.89999389648438,99.7989730834961,179.44625854492188,230.8977508544922,138.04782104492188
2020-04-03,13.6899995803833,17.29255485534668,70.41132354736328,152.64999389648438,96.971923828125,176.89939880371094,227.560302734375,138.37628173828125
2020-04-06,13.829999923706056,18.031219482421875,71.83281707763672,156.8800048828125,104.39637756347656,189.5467834472656,242.8446044921875,138.01495361328125
2020-04-07,14.140000343322754,17.72797966003418,72.24529266357422,156.0399932861328,104.66516876220705,189.4696044921875,243.0921630859375,136.56954956054688
2020-04-08,14.25,18.396669387817383,72.55462646484375,154.64999389648438,109.438720703125,193.4924468994141,251.2524871826172,135.5758819580078
2020-04-09,14.619999885559082,18.7698917388916,74.64631652832031,158.69000244140625,114.67566680908205,193.77220153808597,255.0758514404297,135.82223510742188
2020-04-13,14.609999656677246,18.81654167175293,74.49905395507812,161.41000366210938,111.57056427001952,195.8656768798828,252.7469787597656,134.58224487304688
2020-04-14,14.869999885559082,18.98760032653809,74.99250793457031,162.67999267578125,113.83216094970705,204.384033203125,260.20123291015625,134.54928588867188
2020-04-15,14.579999923706056,18.58327865600586,73.50469970703125,161.85000610351562,109.18844604492188,202.039794921875,254.67247009277344,138.1134490966797
2020-04-16,14.539999961853027,18.404443740844727,73.02600860595703,161.7100067138672,108.36351013183594,205.7250061035156,255.9010772705078,139.68202209472656
2020-04-17,14.75,18.567726135253903,73.54156494140625,158.57000732421875,113.13702392578124,207.6930389404297,262.8142395019531,137.80963134765625
2020-04-20,14.470000267028809,18.217830657958984,73.07755279541016,159.6999969482422,111.80227661132812,205.2330017089844,258.18408203125,138.9182586669922
2020-04-21,14.199999809265137,17.681325912475586,72.05376434326172,158.61000061035156,109.1328125,197.66000366210935,250.3447265625,140.66751098632812
2020-04-22,14.470000267028809,17.8446102142334,72.11272430419922,161.72999572753906,110.4582748413086,203.5254669189453,255.9010772705078,139.23036193847656
2020-04-23,14.460000038146973,18.070098876953125,72.45886993408203,163.33999633789062,111.54273986816406,203.0913543701172,255.88270568847656,139.9694366455078
2020-04-24,14.770000457763672,17.86016082763672,72.14216613769531,162.63999938964844,113.46143341064452,206.29417419433597,259.4493713378906,140.2978973388672
2020-04-27,14.90999984741211,18.482200622558597,72.01698303222656,161.55999755859375,117.95689392089844,207.95350646972656,263.1902770996094,137.68634033203125
2020-04-28,14.789999961853027,19.391921997070312,72.7240219116211,160.83999633789062,119.67164611816406,204.03677368164065,261.9799499511719,139.2714080810547
2020-04-29,15.0,19.96730232238769,73.88773345947266,161.72999572753906,125.55742645263672,211.2721405029297,268.8382873535156,138.5487060546875
2020-04-30,14.949999809265137,19.57076072692871,74.02030181884766,158.8000030517578,120.7839126586914,211.18528747558597,266.3351745605469,136.93092346191406
2020-05-01,14.550000190734863,19.16643524169922,73.70165252685547,159.77999877929688,115.99186706542967,205.2330017089844,259.2843322753906,138.10348510742188
2020-05-04,14.800000190734863,19.19753646850586,73.70165252685547,160.33999633789062,116.49240112304688,207.62550354003903,259.99951171875,137.4539337158203
2020-05-05,14.760000228881836,19.407470703125,74.50749206542969,161.02000427246094,117.39146423339844,209.9793701171875,262.4017639160156,136.57400512695312
2020-05-06,14.93000030517578,19.42302703857422,74.1748046875,158.9499969482422,116.52947235107422,211.2721405029297,260.6229553222656,134.37030029296875
2020-05-07,14.920000076293944,19.77291679382324,74.76625061035156,161.38999938964844,118.12371826171876,213.9925994873047,263.767822265625,136.61512756347656
2020-05-08,15.300000190734863,19.671836853027344,75.15068054199219,160.4199981689453,122.68408203125,216.9253387451172,268.1321716308594,134.83905029296875
2020-05-11,14.890000343322754,19.09645652770996,75.5647201538086,159.4199981689453,122.07230377197266,218.8644256591797,268.18719482421875,133.78651428222656
2020-05-12,14.890000343322754,18.84764289855957,75.42423248291016,160.0399932861328,117.6880874633789,214.28204345703125,262.8417663574219,135.15972900390625
2020-05-13,14.789999961853027,18.241159439086918,74.97325897216797,161.5800018310547,113.748779296875,211.60009765625,258.19317626953125,136.10533142089844
2020-05-14,14.739999771118164,18.474422454833984,75.32073974609375,163.00999450683594,114.1195297241211,214.00225830078125,261.2830810546875,137.4374237060547
2020-05-15,14.850000381469728,18.01567649841309,75.52775573730469,163.92999267578125,115.93624877929688,215.39144897460935,262.48419189453125,137.08387756347656
2020-05-18,15.260000228881836,19.080907821655277,76.84370422363281,162.69000244140625,122.98065185546876,219.40464782714844,270.4793701171875,134.0742950439453
2020-05-19,15.210000038146973,18.94872283935547,76.90287017822266,164.25999450683594,120.55218505859376,218.854736328125,267.7012939453125,134.57594299316406
2020-05-20,15.460000038146973,19.353046417236328,78.3814697265625,164.64999389648438,124.2041473388672,223.2248687744141,272.2488708496094,134.9788055419922
2020-05-21,15.3100004196167,19.26751518249512,78.35928344726562,162.25,124.42659759521484,220.79379272460935,270.369384765625,135.31593322753906
2020-05-22,15.149999618530272,19.06535148620605,78.00444030761719,163.2100067138672,125.02913665771484,221.5559234619141,270.8828430175781,136.1300048828125
2020-05-26,15.329999923706056,19.09645652770996,78.4849624633789,160.88999938964844,128.63473510742188,220.95779418945312,274.2202453613281,134.304443359375
2020-05-27,15.079999923706056,18.894296646118164,78.61808013916016,161.17999267578125,132.62965393066406,222.1636962890625,278.3004455566406,134.05783081054688
2020-05-28,15.079999923706056,18.67658233642578,78.39627075195312,161.72000122070312,129.48745727539062,221.87429809570312,277.78692626953125,133.56446838378906
2020-05-29,15.510000228881836,18.57550048828125,78.66238403320312,162.91000366210938,128.74591064453125,225.1253967285156,279.02471923828125,134.51834106445312
2020-06-01,15.59000015258789,19.20531272888184,79.04586029052734,163.66000366210938,129.9786834716797,225.8006896972656,280.1524658203125,133.61265563964844
2020-06-02,15.6899995803833,19.873998641967773,79.80977630615234,162.60000610351562,131.05397033691406,227.3153076171875,282.4721374511719,133.1269073486328
2020-06-03,15.56999969482422,20.39495277404785,80.16577911376953,159.60000610351562,134.21466064453125,228.3378753662109,286.2314453125,131.35667419433594
2020-06-04,15.56999969482422,20.63599395751953,79.78752899169922,161.27999877929688,134.01998901367188,226.73643493652344,285.4796142578125,129.4547119140625
2020-06-05,16.040000915527344,21.848960876464844,80.44019317626953,158.00999450683594,139.20132446289062,231.2320251464844,292.79620361328125,128.5325927734375
2020-06-08,16.450000762939453,22.268829345703125,81.01126098632812,159.72000122070312,141.8986358642578,233.0263519287109,296.3353881835937,129.0266571044922
2020-06-09,16.3799991607666,22.043344497680664,80.79618072509766,161.25999450683594,139.2755126953125,234.7146148681641,294.12567138671875,130.4921875
2020-06-10,16.8700008392334,21.724552154541016,80.8035888671875,163.57000732421875,135.4937744140625,237.53160095214844,292.48443603515625,132.42698669433594
2020-06-11,16.079999923706055,20.309423446655277,78.94942474365234,162.38999938964844,125.15887451171876,225.7620849609375,275.6230773925781,134.9300079345703
2020-06-12,16.3799991607666,20.74485206604004,79.86907196044922,162.6199951171875,128.1620330810547,227.55642700195312,278.92388916015625,133.62911987304688
2020-06-15,16.290000915527344,20.54353141784668,80.29183197021484,162.3300018310547,131.12509155273438,230.32516479492188,281.5277404785156,133.70321655273438
2020-06-16,16.149999618530273,20.805086135864254,80.6700439453125,162.25,134.2778778076172,234.28048706054688,286.9465637207031,131.6530303955078
2020-06-17,16.25,20.7179012298584,80.55882263183594,162.55999755859375,131.85052490234375,235.02333068847656,285.75457763671875,132.19650268554688
2020-06-18,16.420000076293945,20.218578338623047,80.46981048583984,162.24000549316406,131.80401611328125,235.66004943847656,285.8646850585937,133.5962371826172
2020-06-19,16.549999237060547,20.242355346679688,80.6478271484375,164.02999877929688,131.12509155273438,235.6214904785156,284.23095703125,133.70321655273438
2020-06-22,16.649999618530273,20.297836303710938,80.78874206542969,165.08999633789062,132.4364471435547,238.44723510742188,286.0543518066406,133.7197723388672
2020-06-23,16.670000076293945,20.33746719360352,80.95189666748047,166.47999572753906,132.9944610595703,240.47657775878903,287.37127685546875,132.8057861328125
2020-06-24,16.690000534057617,20.392946243286133,80.69974517822266,165.89999389648438,128.6791229248047,235.5189971923828,280.040771484375,134.2301483154297
2020-06-25,16.760000228881836,20.733753204345703,80.75167083740234,165.8000030517578,130.6228790283203,237.7610321044922,283.0429382324219,134.6170654296875
2020-06-26,16.809999465942383,20.234432220458984,80.58850860595703,166.5399932861328,127.10734558105467,232.14627075195312,276.3203430175781,136.05799865722656
2020-06-29,16.81999969482422,20.62279319763184,80.69232940673828,166.6300048828125,131.26458740234375,234.67825317382807,280.38153076171875,135.62985229492188
2020-06-30,17.06999969482422,19.97287940979004,81.00382232666016,167.3699951171875,133.16183471679688,239.27828979492188,283.9730529785156,134.97113037109375
2020-07-01,17.110000610351562,20.503904342651367,81.18981170654297,166.6199951171875,131.8970489501953,242.07113647460935,285.9621887207031,134.708984375
2020-07-02,17.110000610351562,21.62936210632324,81.62126922607422,166.97999572753906,132.4364471435547,243.71401977539065,287.5369873046875,134.8491973876953
2020-07-06,17.350000381469727,22.279273986816406,82.12713623046875,167.97999572753906,133.39437866210938,249.70562744140625,291.97576904296875,134.29685974121094
2020-07-07,17.389999389648438,22.20001792907715,81.6659164428711,169.0399932861328,131.0321044921875,247.9854431152344,288.9644470214844,136.1845245361328
2020-07-08,17.579999923706055,22.112831115722656,82.01555633544922,170.08999633789062,132.00860595703125,251.25180053710935,291.17462158203125,135.64053344726562
2020-07-09,17.770000457763672,21.122114181518555,81.658447265625,169.6300048828125,129.33944702148438,253.3682403564453,289.5169982910156,137.80020141601562
2020-07-10,18.170000076293945,20.963600158691406,81.65101623535156,169.19000244140625,131.42271423339844,255.0981292724609,292.4730529785156,137.10780334472656
2020-07-13,18.149999618530277,21.55803108215332,81.48735809326172,169.39999389648438,129.75799560546875,249.8505706787109,289.940673828125,137.5610809326172
2020-07-14,18.350000381469727,22.00979804992676,81.68077850341797,170.19000244140625,131.9062957763672,251.6190643310547,293.69793701171875,137.75892639160156
2020-07-15,18.1200008392334,21.47877311706543,82.01555633544922,170.33999633789062,136.7424774169922,252.1312561035156,296.3962097167969,137.1160125732422
2020-07-16,18.11000061035156,21.169666290283203,82.1643295288086,168.72999572753906,135.93333435058594,250.41110229492188,295.4200439453125,137.76719665527344
2020-07-17,18.059999465942383,20.955671310424805,82.35031127929688,170.1199951171875,136.33323669433594,250.7010040283203,296.2765197753906,137.4787139892578
2020-07-20,18.229999542236328,20.54353141784668,82.90076446533203,170.94000244140625,135.74734497070312,257.8135986328125,298.6709289550781,137.81666564941406
2020-07-21,18.440000534057617,20.94774436950684,83.34716033935547,173.0,137.67247009277344,255.12705993652344,299.30633544921875,137.89907836914062
2020-07-22,18.209999084472656,21.288555145263672,83.58516693115234,175.6300048828125,137.74696350097656,256.0257873535156,301.0099792480469,138.311279296875
2020-07-23,18.229999542236328,21.597660064697266,83.54798889160156,177.17999267578125,137.88641357421875,249.3384246826172,297.4184265136719,139.92689514160156
2020-07-24,18.049999237060547,21.621437072753903,83.60747528076172,178.6999969482422,135.8590087890625,246.9707946777344,295.5029602050781,139.91868591308594
2020-07-27,18.15999984741211,21.954317092895508,83.74881744384766,182.22999572753903,137.27256774902344,251.37745666503903,297.6578674316406,139.3993682861328
2020-07-28,18.18000030517578,22.112831115722656,83.46614074707031,183.75,135.9054718017578,248.17872619628903,295.7700500488281,140.36383056640625
2020-07-29,18.290000915527344,21.930538177490234,83.95713806152344,185.1300048828125,138.900146484375,251.0392608642578,299.4076232910156,140.12477111816406
2020-07-30,18.170000076293945,21.52632522583008,83.9348373413086,183.75999450683597,138.35142517089844,252.35348510742188,298.3393249511719,141.04800415039062
2020-07-31,17.950000762939453,21.653135299682617,84.12821960449219,185.42999267578125,137.04940795898438,256.8569641113281,300.6968688964844,140.95733642578125
2020-08-03,18.290000915527344,21.52632522583008,84.44010162353516,185.63999938964844,139.28146362304688,260.3262023925781,302.78741455078125,140.24766540527344
2020-08-04,18.15999984741211,21.24100112915039,84.8727798461914,189.58999633789065,140.23939514160156,261.2926025390625,303.9569091796875,141.58444213867188
2020-08-05,18.200000762939453,20.955671310424805,85.14139556884766,191.3500061035156,143.02952575683594,261.9400939941406,305.8447570800781,140.34657287597656
2020-08-06,18.200000762939453,21.18552017211914,85.35775756835938,193.88999938964844,142.97366333007812,265.409423828125,307.8891906738281,141.130615234375
2020-08-07,17.469999313354492,20.98737335205078,85.17870330810547,190.80999755859372,145.24295043945312,262.3460388183594,308.1103210449219,140.18975830078125
2020-08-10,17.8799991607666,20.57523536682129,85.30552673339844,190.1499938964844,146.7495880126953,261.2249755859375,309.0312194824219,139.56268310546875
2020-08-11,17.709999084472656,20.86056327819824,85.21599578857422,179.94000244140625,145.90328979492188,256.2771301269531,306.4802551269531,137.9039306640625
2020-08-12,17.93000030517578,21.058706283569336,85.11902618408203,179.10000610351562,146.49850463867188,262.72296142578125,310.7532653808594,136.6495819091797
2020-08-13,17.5,20.9398193359375,84.92505645751953,183.3300018310547,146.1915740966797,263.32208251953125,310.1915283203125,135.18898010253906
2020-08-14,17.790000915527344,20.844711303710938,84.54451751708984,182.5399932861328,146.0985870361328,263.0128479003906,310.2007751464844,134.66078186035156
2020-08-17,18.11000061035156,20.75752830505371,84.64149475097656,186.5,146.8519287109375,266.0666198730469,311.1860656738281,134.99920654296875
2020-08-18,18.540000915527344,21.019081115722656,84.52963256835938,188.17999267578125,145.44757080078125,268.6275329589844,311.8583374023437,135.96469116210938
2020-08-19,18.59000015258789,20.995302200317383,84.33561706542969,182.2400054931641,145.4568634033203,266.82037353515625,310.5599060058594,135.11468505859375
2020-08-20,18.68000030517578,21.027006149291992,84.52963256835938,183.5,144.86163330078125,270.5216064453125,311.5268249511719,136.3360137939453
2020-08-21,18.31999969482422,20.908117294311523,84.79820251464844,182.02999877929688,143.79209899902344,272.3965148925781,312.6318664550781,137.1530303955078
2020-08-24,18.26000022888184,21.074560165405277,84.96978759765625,181.0,145.29876708984375,274.0973815917969,315.7998352050781,136.93014526367188
2020-08-25,18.3799991607666,20.678272247314453,84.55199432373047,181.22000122070312,145.4568634033203,276.2522888183594,316.905029296875,135.8821258544922
2020-08-26,18.520000457763672,20.47220039367676,84.35799407958984,183.3600006103516,144.54542541503906,282.1473999023437,320.0821228027344,135.3622589111328
2020-08-27,18.6200008392334,20.464279174804688,83.96260070800781,181.2400054931641,144.8988494873047,281.2679138183594,320.781982421875,133.05990600585938
2020-08-28,18.809999465942383,20.670345306396484,84.74596405029297,184.38999938964844,146.12649536132812,282.6981811523437,322.8540954589844,132.9608154296875
2020-08-31,18.959999084472656,20.09176254272461,84.73851013183594,184.8300018310547,144.5547332763672,284.96923828125,321.6845092773437,133.8438720703125
2020-09-01,18.729999542236328,20.00458526611328,85.30946350097656,185.0500030517578,146.21018981933594,289.8398132324219,324.71435546875,135.3746795654297
2020-09-02,18.739999771118164,20.495981216430664,85.66112518310547,182.6199951171875,147.37278747558594,292.5843505859375,329.4110107421875,136.66348266601562
2020-09-03,18.40999984741211,20.33746719360352,85.22712707519531,181.13999938964844,143.0201873779297,277.75030517578125,318.0746154785156,137.05181884765625
2020-09-04,19.06999969482422,20.40086936950684,84.86045837402344,181.63999938964844,142.10879516601562,274.04901123046875,315.4775695800781,134.4494171142578
2020-09-08,18.700000762939453,20.36916732788086,84.52375793457031,181.2899932861328,139.37449645996094,260.8770751953125,306.8577575683594,135.2755584716797
2020-09-09,18.86000061035156,20.2819881439209,84.95028686523438,183.0500030517578,141.48562622070312,268.54052734375,312.9174194335937,134.9120635986328
2020-09-10,18.40999984741211,19.57659339904785,84.71085357666016,182.4600067138672,139.6441650390625,263.1867980957031,307.4841003417969,135.5977783203125
2020-09-11,18.850000381469727,19.90155029296875,84.7407455444336,182.4499969482422,138.7141571044922,261.3603210449219,307.640625,135.886962890625
2020-09-14,18.96999931335449,20.060062408447266,84.82304382324219,183.88999938964844,142.36917114257812,265.9120483398437,311.6925964355469,135.87864685058594
2020-09-15,18.920000076293945,20.25027847290039,84.9652099609375,183.4499969482422,142.63890075683594,269.6808776855469,313.2674255371094,135.5482177734375
2020-09-16,18.899999618530277,20.099693298339844,84.76319122314453,183.97000122070312,143.9874267578125,265.3805236816406,312.02410888671875,135.14334106445312
2020-09-17,19.01000022888184,20.012510299682617,84.41154479980469,182.9600067138672,142.93649291992188,261.23468017578125,309.2798156738281,135.55648803710938
2020-09-18,19.209999084472656,19.68755340576172,84.02240753173828,183.1999969482422,142.56448364257812,257.90057373046875,305.7191772460937,135.13514709472656
2020-09-21,18.71999931335449,19.52903938293457,83.19932556152344,179.52000427246094,137.57020568847656,258.5191345214844,302.31671142578125,135.82083129882812
2020-09-22,18.96999931335449,19.19615173339844,83.02720642089844,178.64999389648438,138.6304473876953,263.32208251953125,305.3955993652344,135.71348571777344
2020-09-23,18.209999084472656,18.324323654174805,81.95720672607422,174.7899932861328,134.5003204345703,255.2817840576172,298.3131408691406,135.8951873779297
2020-09-24,18.34000015258789,18.82364845275879,82.1742172241211,175.44000244140625,134.5003204345703,256.4703369140625,299.1082458496094,136.41563415527344
2020-09-25,18.420000076293945,18.728538513183597,82.57079315185547,174.94000244140625,136.6848602294922,262.4329528808594,303.9439392089844,136.41563415527344
2020-09-28,18.51000022888184,18.910829544067383,82.75785064697266,176.6999969482422,140.05506896972656,267.8834228515625,308.99224853515625,136.02737426757812
2020-09-29,18.5,18.625503540039062,82.57079315185547,178.19000244140625,139.4202423095703,266.6753845214844,307.3094787597656,136.18429565429688
2020-09-30,18.700000762939453,19.093122482299805,82.97486114501953,177.1199951171875,139.84036254882812,268.5019836425781,309.63946533203125,134.87905883789062
2020-10-01,17.860000610351562,19.037643432617188,83.12952423095703,178.6999969482422,142.0715789794922,272.7636413574219,311.6273498535156,135.10153198242188
2020-10-02,18.299999237060547,19.061418533325195,82.83671569824219,178.5399932861328,142.69708251953125,265.0905456542969,308.6686096191406,134.59706115722656
2020-10-05,18.239999771118164,19.14067649841309,83.15953063964844,179.41000366210938,146.63681030273438,270.74395751953125,314.142333984375,131.96710205078125
2020-10-06,18.149999618530277,18.68098258972168,83.21956634521484,177.3000030517578,146.2166290283203,265.9120483398437,309.67645263671875,132.6783447265625
2020-10-07,18.68000030517578,18.657203674316406,83.3997802734375,177.22000122070312,149.40948486328125,270.5120544433594,315.06695556640625,131.71070861816406
2020-10-08,18.770000457763672,18.79987144470215,84.21058654785156,177.85000610351562,151.10862731933594,271.95196533203125,317.85919189453125,132.42193603515625
2020-10-09,19.049999237060547,19.05349540710449,84.41329956054688,181.0800018310547,151.892822265625,276.10748291015625,320.69775390625,132.39710998535156
2020-10-12,18.940000534057617,19.15652656555176,84.63097381591797,180.55999755859372,152.910400390625,284.6309814453125,325.8570556640625,132.8189697265625
2020-10-13,18.82999992370605,18.86327743530273,84.42078399658203,177.72000122070312,151.892822265625,284.6213073730469,323.7304077148437,133.77001953125
2020-10-14,18.82999992370605,18.720611572265625,84.39075469970703,178.27000427246094,150.3897247314453,282.2439880371094,321.6962585449219,134.07595825195312
2020-10-15,19.15999984741211,18.81572151184082,84.05293273925781,178.9199981689453,151.93951416015625,280.349853515625,321.2986755371094,133.8443603515625
2020-10-16,18.989999771118164,18.934608459472656,84.1805191040039,178.3000030517578,151.5660858154297,278.813232421875,321.1045227050781,133.4722442626953
2020-10-19,19.059999465942383,19.05349540710449,83.69255065917969,178.38999938964844,149.75494384765625,274.2615966796875,316.2226867675781,132.96774291992188
2020-10-20,19.479999542236328,19.29126739501953,83.73758697509766,179.25,150.0816650390625,274.8510437011719,317.4892883300781,131.702392578125
2020-10-21,19.76000022888184,19.89362144470215,83.30966186523438,180.6000061035156,148.79335021972656,274.6385192871094,316.88836669921875,131.2476043701172
2020-10-22,19.530000686645508,20.242355346679688,82.91924285888672,178.8300018310547,151.36070251464844,274.6288452148437,318.6266174316406,129.88304138183594
2020-10-23,19.450000762939453,20.21065139770508,83.30966186523438,178.63999938964844,152.2382354736328,275.1700439453125,319.7084350585937,130.6769561767578
2020-10-26,19.1200008392334,19.695480346679688,83.00939178466797,178.5500030517578,148.9520721435547,271.0436096191406,313.8001403808594,131.89260864257812
2020-10-27,19.15999984741211,19.56866836547852,83.50487518310547,179.02000427246094,147.67303466796875,273.1598815917969,312.7184753417969,132.777587890625
2020-10-28,18.96999931335449,19.05349540710449,82.79167938232422,176.1300048828125,143.12655639648438,262.51031494140625,302.0300598144531,132.90158081054688
2020-10-29,19.020000457763672,19.04557037353516,82.82170104980469,175.39999389648438,144.8350372314453,267.1006774902344,305.0997314453125,131.61143493652344
2020-10-30,18.920000076293945,18.942533493041992,82.59648895263672,176.1999969482422,142.92115783691406,260.3262023925781,301.91900634765625,130.3130645751953
2020-11-02,19.049999237060547,19.25164031982422,82.72909545898438,177.91000366210938,145.46981811523438,260.9061584472656,305.3031005859375,131.28916931152344
2020-11-03,19.149999618530277,19.23578643798828,83.39966583251953,178.9199981689453,149.5962371826172,265.41912841796875,310.69354248046875,130.52748107910156
2020-11-04,19.239999771118164,19.21200942993164,85.01204681396484,178.82000732421875,149.76425170898438,277.26708984375,317.63726806640625,133.35888671875
2020-11-05,19.31999969482422,20.075912475585938,85.3360366821289,182.92999267578125,153.95606994628906,284.4957580566406,323.8321228027344,133.59075927734375
2020-11-06,19.559999465942383,20.7179012298584,84.95928955078125,183.19000244140625,152.751708984375,284.708251953125,323.75811767578125,131.97628784179688
2020-11-09,19.46999931335449,21.20136833190918,85.36616516113281,175.0800018310547,158.28782653808594,278.8905639648437,327.826416015625,129.20285034179688
2020-11-10,19.5,21.7086181640625,85.27572631835938,175.66000366210938,161.22857666015625,273.8943786621094,327.3455810546875,128.4576873779297
2020-11-11,19.399999618530277,21.73239517211914,85.5997314453125,174.89999389648438,161.1632080078125,280.02130126953125,329.7772521972656,128.92135620117188
2020-11-12,19.399999618530277,20.94774436950684,85.4339370727539,175.9600067138672,158.6892547607422,278.7069702148437,326.578125,131.11526489257812
2020-11-13,19.68000030517578,21.3836612701416,85.7655029296875,177.16000366210938,161.97543334960938,281.1519470214844,331.0993957519531,130.94143676757812
2020-11-16,20.040000915527344,21.835430145263672,85.95387268066406,177.14999389648438,165.83111572265625,283.3456420898437,335.2324523925781,130.6267852783203
2020-11-17,19.940000534057617,21.68484306335449,85.80316925048828,176.5,166.6060028076172,282.4469299316406,333.429443359375,131.4795684814453
2020-11-18,19.850000381469727,21.906763076782227,85.72782897949219,175.49000549316406,164.27203369140625,280.3594970703125,329.4166564941406,131.8604278564453
2020-11-19,19.950000762939453,21.661062240600582,85.92372131347656,175.16000366210938,165.53236389160156,282.55322265625,330.8036193847656,132.53927612304688
2020-11-20,20.399999618530277,21.68484306335449,85.98399353027344,175.69000244140625,165.70974731445312,280.6204528808594,328.538330078125,133.7149200439453
2020-11-23,20.31999969482422,21.87506103515625,85.9161605834961,172.22999572753906,168.80923461914062,280.630126953125,330.5077209472656,133.10235595703125
2020-11-24,20.600000381469727,22.35852813720703,86.03677368164062,169.58999633789062,171.98341369628906,284.5730285644531,335.8333740234375,131.77760314941406
2020-11-25,20.59000015258789,22.20001792907715,85.9688949584961,169.50999450683594,171.3951873779297,286.3221130371094,335.31561279296875,131.37193298339844
2020-11-27,21.11000061035156,22.04942512512207,86.24768829345703,167.7899932861328,172.12339782714844,288.96044921875,336.2494506835937,132.6469268798828
2020-11-30,21.32999992370605,21.312328338623047,86.08194732666016,166.6699981689453,168.99594116210938,289.54986572265625,334.7608642578125,132.48135375976562
2020-12-01,21.71999931335449,22.35060691833496,86.2981948852539,170.17999267578125,170.56434631347656,293.26080322265625,338.4222717285156,130.52801513671875
2020-12-02,21.690000534057617,22.18416404724121,86.34355163574219,171.4600067138672,170.74171447753906,293.63775634765625,339.1342163085937,129.49200439453125
2020-12-03,21.57999992370605,22.342679977416992,86.7064437866211,172.80999755859375,171.7033233642578,294.0532531738281,339.041748046875,130.53623962402344
2020-12-04,21.799999237060547,22.913328170776367,86.78206634521484,172.32000732421875,175.69900512695312,295.25152587890625,341.9635009765625,128.62185668945312
2020-12-07,21.75,22.48534202575684,86.76692962646484,174.88999938964844,175.86703491210938,296.9234619140625,341.2608947753906,129.78211975097656
2020-12-08,21.63999938964844,22.72311019897461,86.62332153320312,175.5,178.12631225585938,297.9284362792969,342.2593994140625,130.39540100097656
2020-12-09,21.670000076293945,22.71518898010254,86.41159057617188,172.5,176.8286590576172,291.1830749511719,339.189697265625,129.9644775390625
2020-12-10,22.15999984741211,22.929183959960938,86.84256744384766,172.1699981689453,178.537109375,292.3524169921875,339.07879638671875,131.11639404296875
2020-12-11,21.899999618530277,22.71518898010254,86.88790130615234,172.49000549316406,177.65953063964844,291.7049560546875,338.6811218261719,131.58041381835938
2020-12-14,21.809999465942383,22.58533477783203,86.88790130615234,171.5399932861328,177.86741638183594,293.82135009765625,337.16485595703125,131.2158966064453
2020-12-15,21.940000534057617,22.67296600341797,87.18280029296875,173.94000244140625,182.3157196044922,296.9620361328125,341.72320556640625,130.776611328125
2020-12-16,22.059999465942383,22.84026336669922,87.2432861328125,174.89999389648438,181.66018676757807,298.5953369140625,342.2593994140625,130.42852783203125
2020-12-17,22.32999992370605,23.78032493591309,87.52778625488281,176.74000549316406,183.823486328125,300.5473937988281,344.1732482910156,130.0834197998047
2020-12-18,22.450000762939453,23.676761627197266,87.41399383544922,176.44000244140625,182.933837890625,299.63897705078125,342.7990417480469,129.69351196289062
2020-12-21,22.200000762939453,23.14299774169922,87.16361999511719,175.8800048828125,182.84019470214844,299.07843017578125,341.5733642578125,130.2078094482422
2020-12-22,21.75,23.41386032104492,87.26981353759766,174.49000549316406,184.9192047119141,299.8917236328125,340.9976501464844,130.87986755371094
2020-12-23,21.96999931335449,23.53335952758789,87.39879608154297,175.64999389648438,186.4925079345703,298.3813781738281,341.3040771484375,129.97555541992188
2020-12-24,22.01000022888184,23.684724807739254,87.61884307861328,176.35000610351562,186.3707427978516,299.69805908203125,342.6319580078125,130.48989868164062
2020-12-28,22.190000534057617,23.899822235107425,87.64156341552734,175.7100067138672,185.6777191162109,302.7187194824219,345.575439453125,130.5479736328125
2020-12-29,21.979999542236328,23.90778923034668,87.77054595947266,176.35000610351562,182.0816345214844,302.98974609375,344.91607666015625,130.38204956054688
2020-12-30,21.950000762939453,24.218488693237305,87.88433074951172,177.6999969482422,183.93589782714844,302.9993896484375,345.4082946777344,130.66409301757812
2020-12-31,21.729999542236328,24.067119598388672,87.93745422363281,178.36000061035156,183.6081085205078,303.7448425292969,347.1632385253906,130.85494995117188
2021-01-04,22.040000915527344,24.60088157653809,87.451904296875,182.3300018310547,181.210693359375,299.4560241699219,342.4369812011719,130.6973419189453
2021-01-05,22.61000061035156,25.49314308166504,87.51260375976562,182.8699951171875,184.0108337402344,301.9247741699219,344.7954406738281,129.72665405273438
2021-01-06,22.670000076293945,25.53297615051269,86.88292694091797,179.89999389648438,191.54014587402344,297.742431640625,346.8568115234375,127.06366729736328
2021-01-07,22.959999084472656,25.87554168701172,86.85256958007812,179.47999572753906,194.94900512695312,304.9452819824219,352.0102844238281,125.94363403320312
2021-01-08,22.86000061035156,25.883508682250977,86.8980941772461,173.33999633789062,194.5275421142578,308.8663330078125,354.0158996582031,125.53714752197266
2021-01-11,21.979999542236328,25.509078979492188,86.21527862548828,173.0,194.3589782714844,304.4032592773437,351.6294250488281,125.32975769042967
2021-01-12,22.5,25.628576278686523,85.80561828613281,174.1199951171875,197.84271240234372,303.919189453125,351.703857421875,125.2301254272461
2021-01-13,22.270000457763672,25.620607376098636,86.20769500732422,173.3699951171875,196.42864990234372,305.9716491699219,352.65087890625,126.6405029296875
2021-01-14,22.68000030517578,26.01894187927246,85.95733642578125,173.27999877929688,200.35255432128903,304.3354797363281,351.4159545898437,125.45418548583984
2021-01-15,22.239999771118164,25.317880630493164,86.05596923828125,171.1300048828125,197.3651428222656,301.9247741699219,348.8531188964844,125.95196533203124
2021-01-19,22.440000534057617,25.373645782470703,86.17729949951172,172.5800018310547,199.8936462402344,306.32989501953125,351.5923156738281,126.3585205078125
2021-01-20,22.549999237060547,25.99504280090332,86.27598571777344,175.38999938964844,200.7739715576172,313.4553527832031,356.4579772949219,126.48292541503906
2021-01-21,22.56999969482422,26.03487205505371,86.33662414550781,175.27999877929688,199.03207397460935,315.9627685546875,356.78289794921875,125.59521484375
2021-01-22,22.350000381469727,25.182449340820312,86.37460327148438,173.89999389648438,201.34521484375,315.0527648925781,355.52008056640625,126.00173950195312
2021-01-25,22.46999931335449,24.975317001342773,86.71600341796875,174.0500030517578,201.14854431152344,317.6570739746094,356.9222106933594,127.48674011230467
2021-01-26,22.399999618530277,24.86378288269043,86.60221862792969,173.6199951171875,199.7531890869141,318.1217956542969,356.3650817871094,127.24613189697266
2021-01-27,21.920000076293945,23.915756225585938,86.20011138916016,172.52000427246094,196.09153747558597,309.2536315917969,347.65533447265625,127.56971740722656
2021-01-28,22.049999237060547,24.3140869140625,86.38215637207031,172.67999267578125,195.4640350341797,311.0833740234375,350.64520263671875,126.86457061767578
2021-01-29,21.90999984741211,23.84405899047852,86.37460327148438,172.61000061035156,192.50474548339844,304.53875732421875,343.62548828125,126.10124969482422
2021-02-01,21.90999984741211,24.3140869140625,86.80236053466797,174.22999572753906,197.23406982421875,312.1484069824219,349.3452453613281,126.24739837646484
2021-02-02,21.729999542236328,24.41765022277832,86.80236053466797,172.11000061035156,200.04351806640625,317.2408142089844,354.2850952148437,125.43342590332033
2021-02-03,21.989999771118164,24.36188697814941,86.58159637451172,171.85000610351562,200.6428375244141,315.9822998046875,354.5636901855469,124.32044219970705
2021-02-04,21.940000534057617,24.385787963867188,86.83277893066406,168.14999389648438,204.73529052734372,319.7192077636719,358.5935363769531,123.98828887939452
2021-02-05,22.450000762939453,24.77615165710449,86.93170928955078,169.80999755859375,207.5728759765625,320.80352783203125,360.0049133300781,122.95002746582033
2021-02-08,22.700000762939453,25.031084060668945,86.93170928955078,171.52000427246094,212.8733673095703,322.9528503417969,362.60491943359375,123.48997497558594
2021-02-09,22.950000762939453,25.19041633605957,86.61965942382812,172.0800018310547,213.87545776367188,322.8851013183594,362.3634338378906,123.58126068115234
2021-02-10,23.270000457763672,25.49314308166504,86.79473114013672,172.7100067138672,212.470703125,322.1492919921875,362.20556640625,124.40349578857422
2021-02-11,23.309999465942383,25.52501106262207,86.84799194335938,171.2100067138672,212.22720336914065,323.92095947265625,362.7905578613281,123.72248077392578
2021-02-12,23.3799991607666,25.827741622924805,86.3685073852539,170.69000244140625,212.8265838623047,325.7314758300781,364.5827331542969,122.1859359741211
2021-02-16,23.75,26.18623733520508,85.31059265136719,168.24000549316406,211.48736572265625,324.8504333496094,364.2669982910156,120.32545471191406
2021-02-17,23.6200008392334,26.06673812866211,85.78250122070312,166.3300018310547,209.82980346679688,323.29168701171875,364.35052490234375,121.08951568603516
2021-02-18,24.200000762939453,25.7719783782959,85.69110870361328,166.32000732421875,206.5802001953125,321.878173828125,362.79986572265625,120.59954833984376
2021-02-19,25.11000061035156,26.417272567749023,85.2344741821289,167.00999450683594,210.88807678222656,320.4743957519531,362.1591491699219,118.9964828491211
2021-02-22,25.68000030517578,25.87554168701172,84.65604400634766,169.50999450683594,209.5207672119141,312.1676940917969,359.37353515625,118.0911636352539
2021-02-23,26.07999992370605,25.99504280090332,84.75499725341797,169.1199951171875,207.67588806152344,311.2383117675781,359.8099670410156,117.75067901611328
2021-02-24,26.76000022888184,26.552711486816406,84.88433837890625,169.0,212.5830841064453,313.8038635253906,363.7747497558594,116.97820281982422
2021-02-25,26.1200008392334,25.74807357788086,83.36981964111328,165.82000732421875,204.7259521484375,302.8638610839844,355.0094299316406,115.06790924072266
2021-02-26,25.100000381469727,25.02311134338379,83.74273681640625,161.80999755859375,204.44497680664065,304.1322021484375,353.18017578125,118.8719482421875
2021-03-01,25.3700008392334,25.843673706054688,84.20925903320312,161.52999877929688,211.7121734619141,313.2810974121094,361.7412414550781,117.30189514160156
2021-03-02,25.979999542236328,25.883508682250977,84.15581512451172,162.41000366210938,207.63841247558597,308.2564697265625,358.9185791015625,117.3102569580078
2021-03-03,25.46999931335449,26.50490379333496,83.6518783569336,160.6199951171875,205.39085388183597,299.310791015625,354.1643981933594,116.03792572021484
2021-03-04,24.3799991607666,25.66044235229492,82.93417358398438,159.0399932861328,199.65017700195312,294.4119567871094,349.7817077636719,115.28952026367188
2021-03-05,25.18000030517578,25.76401138305664,82.91886901855469,159.13999938964844,203.88311767578125,298.8460693359375,356.2164611816406,115.5140380859375
2021-03-08,25.15999984741211,25.548912048339844,81.48348236083984,157.49000549316406,204.84765625,290.3846130371094,354.4429016113281,114.61599731445312
2021-03-09,24.780000686645508,26.30573844909668,82.44548797607422,160.83999633789062,209.15554809570312,301.837646484375,359.5036315917969,116.20421600341795
2021-03-10,24.799999237060547,27.046632766723636,83.24722290039062,161.66000366210938,212.78912353515625,300.9760437011719,361.7412414550781,116.43702697753906
2021-03-11,25.520000457763672,27.476829528808597,83.86567687988281,161.52000427246094,217.47152709960935,307.9078674316406,365.4090576171875,115.59719848632812
2021-03-12,25.57999992370605,27.134265899658203,82.81200408935547,161.49000549316406,218.7545928955078,305.4100646972656,365.9011535644531,113.14404296875
2021-03-15,25.559999465942383,27.309526443481445,83.35413360595703,162.1999969482422,219.5318298339844,308.6727600097656,368.083251953125,113.80931091308594
2021-03-16,25.01000022888184,27.197999954223636,83.64424896240234,162.35000610351562,215.86080932617188,310.36700439453125,367.6189880371094,113.35193634033205
2021-03-17,25.5,27.628192901611328,84.34671783447266,163.50999450683594,217.5558624267578,311.6448669433594,368.8725280761719,112.5037612915039
2021-03-18,25.049999237060547,27.277664184570312,83.201416015625,162.55999755859375,210.9348602294922,302.0990600585937,363.5054931640625,111.36444854736328
2021-03-19,25.21999931335449,27.32546043395996,83.44573974609375,163.24000549316406,212.52687072753903,303.1640625,362.83294677734375,112.0546875
2021-03-22,25.5,27.126296997070312,83.62899780273438,163.0,210.92550659179688,308.8493347167969,365.7301940917969,113.3103485107422
2021-03-23,24.809999465942383,26.552711486816406,83.33123779296875,161.80999755859375,203.27444458007807,307.5018920898437,362.8515625,114.33319091796876
2021-03-24,24.82999992370605,26.584569931030277,83.51448822021484,162.3699951171875,198.5731964111328,302.3158264160156,361.0070495605469,114.94857788085938
2021-03-25,24.670000076293945,26.281843185424805,83.39226531982422,161.77999877929688,203.2813720703125,301.7924499511719,363.0379333496094,114.04212188720705
2021-03-26,25.07999992370605,26.75983619689941,83.42284393310547,162.24000549316406,206.9874420166016,306.3192443847656,368.8882446289063,113.64299774169922
2021-03-29,24.90999984741211,26.767797470092773,82.98760986328125,160.30999755859375,201.160888671875,306.2320861816406,368.7018432617188,112.6783676147461
2021-03-30,24.549999237060547,26.99883270263672,83.02580261230469,157.57000732421875,204.5479888916016,304.6908264160156,367.7237548828125,113.26881408691406
2021-03-31,24.6200008392334,27.28563117980957,83.13267517089844,159.9600067138672,207.2970733642578,309.3533935546875,369.2142639160156,112.63675689697266
2021-04-01,24.76000022888184,27.32546043395996,83.7898941040039,161.97999572753906,209.92416381835935,314.6268005371094,373.2014770507813,114.5062255859375
2021-04-05,25.57999992370605,27.197999954223636,83.6903305053711,161.9199981689453,211.0781707763672,320.9082336425781,378.5580139160156,114.006591796875
2021-04-06,25.36000061035156,27.32546043395996,83.9737319946289,163.22000122070312,210.45895385742188,320.68524169921875,378.33447265625,114.78101348876952
2021-04-07,25.059999465942383,27.277664184570312,83.68266296386719,162.75999450683594,207.06251525878903,321.4607849121094,378.7723693847656,113.98159790039062
2021-04-08,25.270000457763672,27.811426162719727,84.16522216796875,164.50999450683594,208.81704711914065,324.8147888183594,380.5702819824219,114.92257690429688
2021-04-09,25.040000915527344,27.907026290893555,83.9354248046875,163.27000427246094,208.84518432617188,326.78253173828125,383.3370666503906,114.5062255859375
2021-04-12,24.81999969482422,27.75565719604492,84.07328796386719,162.27999877929688,208.02886962890625,326.3560791015625,383.4768371582031,114.45626831054688
2021-04-13,24.90999984741211,27.71582794189453,84.5175552368164,163.42999267578125,207.4846954345703,330.16571044921875,384.6134033203125,115.31398010253906
2021-04-14,25.3799991607666,27.66802978515625,84.44097900390625,162.72000122070312,209.53012084960935,326.20098876953125,383.2998352050781,114.9476089477539
2021-04-15,26.11000061035156,28.15399742126465,85.46736907958984,165.35000610351562,210.440185546875,331.14471435546875,387.4174499511719,116.87114715576172
2021-04-16,25.780000686645508,28.424854278564453,85.1916275024414,166.35000610351562,210.7779541015625,331.532470703125,388.71234130859375,115.96346282958984
2021-04-19,26.209999084472656,28.52045249938965,85.13037109375,165.88999938964844,208.0382843017578,328.4983825683594,386.8026123046875,115.63040924072266
2021-04-20,25.90999984741211,28.297393798828125,84.91587829589844,166.47999572753906,203.77862548828125,326.10400390625,383.9705810546875,116.16331481933594
2021-04-21,26.51000022888184,28.2336540222168,85.07672119140625,168.1300048828125,208.76075744628903,328.8957824707031,387.6037292480469,116.3965072631836
2021-04-22,26.309999465942383,27.436994552612305,85.20694732666016,167.0399932861328,207.89756774902344,324.9311218261719,384.0637512207031,116.9044418334961
2021-04-23,26.709999084472656,27.309526443481445,85.35248565673828,166.39999389648438,211.8194580078125,329.0217590332031,388.2279052734375,116.6296615600586
2021-04-26,27.399999618530277,27.69192695617676,84.9618148803711,166.83999633789062,214.0243225097656,331.16412353515625,389.0384521484375,116.46310424804688
2021-04-27,27.649999618530277,27.0147647857666,84.50223541259766,166.4199981689453,214.34327697753903,329.7294921875,388.9544677734375,115.44715881347656
2021-04-28,27.799999237060547,26.289804458618164,84.7856674194336,166.91000366210938,214.70921325683597,328.6147155761719,388.8427734375,115.52208709716795
2021-04-29,27.57999992370605,25.620607376098636,84.88526153564453,166.22000122070312,213.9117126464844,329.7973022460937,391.3208312988281,115.18070220947266
2021-04-30,27.43000030517578,25.413475036621094,85.13037109375,165.66000366210938,211.0031280517578,327.6356506347656,388.7495422363281,115.44715881347656
2021-05-03,27.93000030517578,26.16234016418457,85.01356506347656,167.80999755859375,212.0352020263672,325.89068603515625,389.5880126953125,115.51642608642578
2021-05-04,27.899999618530277,26.43320655822754,85.09040832519531,166.5800018310547,209.50192260742188,320.0261535644531,387.1844787597656,116.30033111572266
2021-05-05,27.899999618530277,26.77577018737793,85.20565032958984,167.27000427246094,208.6669006347656,318.9501342773437,387.3056335449219,116.49209594726562
2021-05-06,28.5,26.52880096435547,85.36703491210938,170.05999755859375,208.84518432617188,321.3541259765625,390.3985595703125,116.68389129638672
2021-05-07,29.170000076293945,26.512868881225582,85.75120544433594,171.58999633789062,211.4722900390625,323.961669921875,393.2398376464844,116.10847473144533
2021-05-10,29.020000457763672,26.249975204467773,85.5591049194336,172.11000061035156,206.0960998535156,315.7803039550781,389.3458251953125,114.93265533447266
2021-05-11,29.600000381469727,25.588741302490234,85.35931396484375,172.13999938964844,205.43931579589844,315.3440246582031,385.8710021972656,114.28216552734376
2021-05-12,29.11000061035156,25.19837951660156,84.5832748413086,170.42999267578125,198.7683563232422,307.1820373535156,377.6730346679688,113.0813446044922
2021-05-13,28.850000381469727,24.98328018188477,85.02124786376953,171.1300048828125,202.42755126953125,309.55694580078125,382.2098693847656,113.25647735595705
2021-05-14,28.670000076293945,25.931310653686523,85.46691131591797,172.69000244140625,207.37213134765625,316.39093017578125,388.078857421875,114.31552124023438
2021-05-17,29.040000915527344,23.246559143066406,85.4207992553711,174.6999969482422,207.65359497070312,314.4716491699219,387.0914001464844,114.07369232177734
2021-05-18,29.149999618530277,23.111127853393555,85.4131088256836,175.0399932861328,206.07733154296875,312.3487243652344,383.75628662109375,113.78184509277344
2021-05-19,28.040000915527344,22.593297958374023,85.01356506347656,175.16000366210938,204.49171447753903,312.7074890136719,382.7501525878906,113.50665283203124
2021-05-20,28.0,22.60923385620117,85.6052017211914,175.9600067138672,205.85211181640625,318.7562561035156,386.8677978515625,114.44061279296876
2021-05-21,27.75,22.60923385620117,85.43618774414062,176.0399932861328,206.38694763183597,316.99200439453125,386.551025390625,114.8075714111328
2021-05-24,27.940000534057617,22.593297958374023,85.52837371826172,176.35000610351562,207.72866821289065,322.3234558105469,390.4916687011719,115.23284149169922
2021-05-25,27.81999969482422,22.10733795166016,85.94329833984375,177.9499969482422,205.7207794189453,322.7694091796875,389.6252746582031,116.30033111572266
2021-05-26,27.84000015258789,22.28260040283203,85.93560028076172,177.63999938964844,209.55825805664065,323.8938903808594,390.3985595703125,116.10017395019533
2021-05-27,28.739999771118164,22.57736587524414,85.77425384521484,177.7100067138672,211.7161865234375,322.68218994140625,390.60345458984375,115.63321685791016
2021-05-28,28.850000381469727,23.42979431152344,85.95100402832031,178.3800048828125,211.5754852294922,323.70001220703125,391.3020935058594,115.44971466064452
2021-06-01,28.700000762939453,23.915756225585938,86.06509399414062,177.89999389648438,213.9774169921875,322.6240234375,390.9573974609375,115.4238052368164
2021-06-02,28.280000686645508,24.098989486694336,86.19610595703125,178.77000427246094,214.2307586669922,323.2541198730469,391.572265625,115.69103240966795
2021-06-03,27.459999084472656,23.19876289367676,85.7721176147461,175.27000427246094,212.4386749267578,319.890380859375,390.1189270019531,115.25676727294922
2021-06-04,27.82999992370605,23.342159271240234,86.34255981445312,177.16000366210938,213.358154296875,325.3188171386719,393.68695068359375,116.835205078125
2021-06-07,27.850000381469727,23.111127853393555,86.14990997314453,177.8699951171875,216.2198181152344,326.2882385253906,393.3049621582031,116.47608947753906
2021-06-08,27.989999771118164,23.166894912719727,86.48902130126953,177.32000732421875,218.50917053222656,326.4433288574219,393.3888854980469,117.29454040527344
2021-06-09,27.850000381469727,23.557260513305664,86.79735565185547,176.97999572753906,217.0548553466797,326.5208435058594,392.8020324707031,118.3300323486328
2021-06-10,27.65999984741211,23.71688461303711,86.92840576171875,177.74000549316406,215.4452362060547,329.92333984375,394.6278381347656,119.03987884521484
2021-06-11,28.0,23.870834350585938,87.02862548828125,175.74000549316406,217.7192230224609,330.7861022949219,395.280029296875,118.84783935546876
2021-06-14,27.940000534057617,24.235462188720703,86.50445556640625,174.7100067138672,217.0802154541016,333.9559020996094,396.1650695800781,117.9375
2021-06-15,26.809999465942383,23.92755699157715,86.69713592529297,174.0500030517578,216.46006774902344,331.7748107910156,395.4383544921875,117.79558563232422
2021-06-16,26.5,23.733089447021484,85.95716857910156,171.11000061035156,215.9996337890625,330.5631103515625,393.23046875,117.69535064697266
2021-06-17,25.709999084472656,23.43328857421875,86.29632568359375,165.85000610351562,213.57530212402344,334.7604675292969,393.10009765625,119.45750427246094
2021-06-18,25.5,22.849884033203125,86.54301452636719,164.92999267578125,208.7266540527344,332.13348388671875,387.7969665527344,121.70394897460938
2021-06-21,25.649999618530277,22.87419319152832,86.48902130126953,166.9499969482422,213.19004821777344,334.1976928710937,393.3486633300781,119.66629791259766
2021-06-22,25.950000762939453,23.32794761657715,86.45050811767578,166.25,214.1578369140625,337.3130187988281,395.4516906738281,119.95862579345705
2021-06-23,26.399999618530277,23.562929153442383,86.55068969726562,166.13999938964844,214.8626251220703,337.4779357910156,394.9749145507813,119.64958953857422
2021-06-24,26.479999542236328,24.00858497619629,86.58151245117188,166.0399932861328,217.8977508544922,339.5644836425781,397.3115539550781,119.84172058105467
2021-06-25,26.3799991607666,23.66826629638672,86.43504333496094,166.58999633789062,218.26417541503903,339.14715576171875,398.72271728515625,118.59730529785156
2021-06-28,26.21999931335449,23.12537956237793,86.5969467163086,166.5800018310547,216.53526306152344,343.27178955078125,399.5266418457031,119.81663513183594
2021-06-29,26.18000030517578,23.37656784057617,86.5738296508789,164.8300018310547,215.50157165527344,344.51397705078125,399.7416076660156,120.01705932617188
2021-06-30,26.229999542236328,23.48189926147461,86.68946075439453,165.6300048828125,215.52978515625,343.970458984375,400.0780029296875,120.55155181884766
2021-07-01,25.979999542236328,23.352258682250977,86.60052490234375,166.1999969482422,217.4279022216797,344.1064453125,402.2931213378906,120.55823516845705
2021-07-02,26.200000762939453,23.40087509155273,86.70103454589844,167.2899932861328,215.3606719970703,348.0562744140625,405.3680114746094,121.2857666015625
2021-07-06,26.049999237060547,22.29889488220215,86.80158996582031,168.1199951171875,212.23159790039065,349.5605163574219,404.6296997070313,122.70730590820312
2021-07-07,26.399999618530277,22.37992286682129,86.92527770996094,168.75999450683594,210.2582855224609,350.2981262207031,406.0596923828125,123.7944107055664
2021-07-08,26.1299991607666,22.07201385498047,86.74742889404297,168.64999389648438,208.3226318359375,348.1824951171875,402.7510986328125,124.2793426513672
2021-07-09,26.6200008392334,22.55008316040039,86.72428131103516,169.2100067138672,212.72023010253903,350.3562927246094,407.0503540039063,122.53168487548828
2021-07-12,26.450000762939453,22.558183670043945,86.77836608886719,169.0,212.8987579345703,351.7247619628906,408.5084228515625,122.37283325195312
2021-07-13,26.290000915527344,22.225969314575195,86.46907043457031,169.22000122070312,208.8863983154297,351.7247619628906,407.1158142089844,121.43629455566406
2021-07-14,26.11000061035156,22.128738403320312,86.8402328491211,171.0399932861328,205.6633758544922,352.3555603027344,407.7232666015625,122.81604766845705
2021-07-15,26.36000061035156,21.723594665527344,87.11089324951172,171.07000732421875,204.4981689453125,349.8807983398437,406.3307495117188,124.17066192626952
2021-07-16,26.32999992370605,21.642566680908203,86.99491882324219,169.41000366210938,201.9798889160156,347.0469665527344,403.14361572265625,123.9365005493164
2021-07-19,25.729999542236328,22.161148071289062,87.0103530883789,169.61000061035156,198.9542236328125,344.20343017578125,397.1900634765625,126.654296875
2021-07-20,26.09000015258789,22.52577209472656,87.25010681152344,169.38999938964844,205.12774658203125,348.2018127441406,402.88189697265625,125.43338012695312
2021-07-21,26.190000534057617,22.857986450195312,86.91757202148438,168.75999450683594,208.6608428955078,350.8901062011719,406.1437683105469,123.8445816040039
2021-07-22,26.520000457763672,22.4609489440918,87.11089324951172,169.08999633789062,205.3438873291016,353.2096252441406,406.9943237304688,125.01528930664062
2021-07-23,27.190000534057617,21.86134147644043,87.11864471435547,168.55999755859375,206.3023376464844,357.334228515625,411.1814575195313,124.17902374267578
2021-07-26,28.149999618530277,21.618261337280277,86.8789291381836,168.16000366210938,206.9037322998047,357.6156311035156,412.1907653808594,123.81111145019533
2021-07-27,28.0,21.456205368041992,86.64693450927734,168.44000244140625,204.48878479003903,353.67529296875,410.3122253417969,125.13230895996094
2021-07-28,27.38999938964844,21.723594665527344,86.86344146728516,169.2899932861328,207.4957275390625,355.0340576171875,410.1440124511719,125.14070892333984
2021-07-29,27.780000686645508,22.331302642822266,86.94078063964844,171.1699981689453,209.0931396484375,355.66485595703125,411.8450927734375,124.44666290283205
2021-07-30,27.3799991607666,22.161148071289062,87.17274475097656,169.82000732421875,207.7118225097656,353.8113098144531,409.844970703125,125.0320816040039
2021-08-02,27.13999938964844,21.69928741455078,87.28911590576172,169.61000061035156,206.6782073974609,353.8403625488281,408.985107421875,126.1471939086914
2021-08-03,26.8799991607666,21.512922286987305,87.32789611816406,169.49000549316406,207.5332946777344,355.98516845703125,412.3123779296875,126.21419525146484
2021-08-04,26.479999542236328,21.56964111328125,87.36666107177734,169.52999877929688,204.94923400878903,356.49951171875,410.2842102050781,126.47370147705078
2021-08-05,26.61000061035156,21.59394836425781,87.3124008178711,168.86000061035156,208.63267517089844,358.76080322265625,412.8824768066406,125.82903289794922
2021-08-06,26.5,21.512922286987305,86.84695434570312,164.63999938964844,209.91064453125,357.18853759765625,413.564697265625,123.7275848388672
2021-08-09,26.21999931335449,21.472410202026367,86.55996704101562,161.72000122070312,208.7548675537109,357.8485412597656,413.2283325195313,123.2838134765625
2021-08-10,26.670000076293945,22.07201385498047,86.54444122314453,161.77000427246094,209.16830444335935,356.0143127441406,413.7423095703125,122.71451568603516
2021-08-11,26.799999237060547,22.42043685913086,86.59874725341797,164.0,210.1925506591797,355.4029846191406,414.77044677734375,122.63916015625
2021-08-12,26.670000076293945,22.47715377807617,86.7151107788086,164.0399932861328,209.6944732666016,356.6839294433594,416.0134582519531,122.43828582763672
2021-08-13,26.809999465942383,22.66352081298828,87.12619018554688,166.38999938964844,207.78704833984372,357.9358215332031,416.7705078125,124.37225341796876
2021-08-16,26.450000762939453,21.86944580078125,87.14173889160156,167.22000122070312,205.85130310058597,358.0911560058594,417.7519226074219,124.6736297607422
2021-08-17,25.799999237060547,21.71549224853516,87.06415557861328,166.97000122070312,203.34243774414065,354.9370422363281,415.013427734375,124.62349700927734
2021-08-18,25.149999618530277,21.828929901123047,86.9943618774414,167.10000610351562,201.56640625,351.5209350585937,410.4711608886719,125.04208374023438
2021-08-19,24.71999931335449,21.75600814819336,87.07964324951172,166.61000061035156,199.1515350341797,353.21923828125,411.106689453125,125.96300506591795
2021-08-20,25.299999237060547,21.934268951416016,86.95558166503906,166.6999969482422,202.5155029296875,356.8780212402344,414.3778991699219,126.04680633544922
2021-08-23,25.71999931335449,22.177350997924805,87.28134155273438,168.72999572753906,206.36813354492188,362.2157287597656,418.02294921875,125.96300506591795
2021-08-24,26.0,22.177350997924805,87.33563995361328,168.64999389648438,208.3977813720703,363.3220520019531,418.68658447265625,124.9834213256836
2021-08-25,26.21999931335449,22.396129608154297,87.27359771728516,167.47999572753906,209.13072204589844,363.7393493652344,419.5651245117188,123.9452667236328
2021-08-26,25.959999084472656,22.452844619750977,87.13396453857422,167.6699981689453,206.9131317138672,361.4296875,417.0882873535156,124.28853607177734
2021-08-27,26.57999992370605,22.70403480529785,87.69248962402344,170.19000244140625,212.74839782714844,364.94281005859375,420.8175048828125,125.13417053222656
2021-08-30,26.809999465942383,22.857986450195312,87.92520141601562,169.35000610351562,211.8744964599609,369.038330078125,422.6680603027344,125.460693359375
2021-08-31,26.700000762939453,23.157791137695312,87.95620727539062,169.69000244140625,212.28797912597656,368.7373962402344,422.0418701171875,124.6066436767578
2021-09-01,26.18000030517578,23.157791137695312,88.11028289794922,169.6999969482422,213.7162170410156,369.3487854003906,422.2662048339844,124.81543731689452
2021-09-02,26.350000381469727,22.97952651977539,88.35145568847656,169.25,215.200927734375,369.174072265625,423.56536865234375,125.36023712158205
2021-09-03,26.459999084472656,23.1658935546875,88.06355285644531,171.05999755859375,214.2048797607422,370.3096008300781,423.4624328613281,124.22021484375
2021-09-07,26.11000061035156,22.793163299560547,87.8223648071289,167.7100067138672,212.7296142578125,370.8336486816406,421.9483337402344,123.17233276367188
2021-09-08,25.8700008392334,22.03150177001953,87.97799682617188,167.2899932861328,210.4086456298828,369.5429382324219,421.4342956542969,124.01066589355467
2021-09-09,26.15999984741211,22.03150177001953,88.12582397460938,168.02999877929688,210.3053131103516,368.27154541015625,419.6304931640625,125.51121520996094
2021-09-10,27.100000381469727,22.4609489440918,87.8457260131836,167.17999267578125,208.24742126464844,365.4765625,416.3218994140625,124.40464782714844
2021-09-13,26.690000534057617,22.258380889892575,87.96243286132812,167.74000549316406,209.4314117431641,365.2242431640625,417.3873901367188,125.15909576416016
2021-09-14,26.38999938964844,22.29078865051269,88.13359832763672,168.82000732421875,206.7627716064453,364.1858825683594,415.1349487304688,126.67645263671876
2021-09-15,27.0,22.582494735717773,88.11804962158203,167.8300018310547,208.63267517089844,366.8934326171875,418.6024475097656,126.23217010498048
2021-09-16,26.11000061035156,22.396129608154297,87.8223648071289,164.02999877929688,208.78306579589844,367.1458129882813,417.9388122558594,125.65370178222656
2021-09-17,26.059999465942383,22.096323013305664,87.53448486328125,163.77000427246094,209.05552673339844,362.7980651855469,413.8677062988281,125.0501480102539
2021-09-20,25.21999931335449,21.512922286987305,87.12989807128906,164.94000244140625,204.0847320556641,355.3014831542969,406.9667663574219,126.60099029541016
2021-09-21,25.26000022888184,21.79652214050293,87.29328155517578,166.0399932861328,204.3948211669922,355.7386169433594,406.5823059082031,126.49201202392578
2021-09-22,25.799999237060547,22.03960418701172,87.34776306152344,165.4199981689453,207.5708770751953,359.0614013671875,410.5484924316406,127.24652862548828
2021-09-23,25.850000381469727,22.16925048828125,86.6785659790039,163.50999450683594,211.24493408203125,362.3744201660156,415.5366516113281,124.37110900878906
2021-09-24,26.18000030517578,21.86134147644043,86.32066345214844,163.3000030517578,210.22610473632807,362.7144775390625,416.2210998535156,123.15557098388672
2021-09-27,26.170000076293945,21.62636375427246,86.06389617919922,163.63999938964844,213.42120361328125,359.8192443847656,415.0303039550781,122.7029037475586
2021-09-28,26.01000022888184,21.14829635620117,85.57371520996094,162.0500030517578,208.5672912597656,349.63720703125,406.6666564941406,120.79155731201172
2021-09-29,25.5,21.1077823638916,85.65152740478516,161.32000732421875,208.1243438720703,349.06402587890625,407.3511657714844,121.00115203857422
2021-09-30,25.049999237060547,21.06726837158203,85.63594818115234,164.22000122070312,206.17330932617188,347.781494140625,402.3724060058594,120.98434448242188
2021-10-01,25.739999771118164,21.31035423278809,85.61643981933594,164.58999633789062,209.50033569335935,349.9383239746094,407.154296875,122.00250244140624
2021-10-04,25.8700008392334,20.86469841003418,85.20279693603516,165.36000061035156,207.5965118408203,342.5933532714844,401.9036254882813,121.69195556640624
2021-10-05,25.57999992370605,20.597307205200195,85.2574234008789,164.58999633789062,208.31280517578125,347.2180480957031,406.08538818359375,120.51683044433594
2021-10-06,25.5,20.127344131469727,85.07787322998047,165.02999877929688,207.22886657714844,349.4429016113281,407.7730407714844,121.19673919677734
2021-10-07,26.09000015258789,20.184062957763672,85.17155456542969,164.16000366210938,210.42401123046875,352.6491394042969,411.2986145019531,119.92928314208984
2021-10-08,26.170000076293945,19.908571243286133,84.96080017089844,164.22999572753906,208.8405914306641,350.8905334472656,410.5484924316406,119.08992004394533
2021-10-11,26.649999618530277,19.924774169921875,84.72665405273438,163.9199981689453,207.6436462402344,348.1993713378906,407.57623291015625,118.78773498535156
2021-10-12,26.399999618530277,19.722206115722656,84.99982452392578,164.66000366210938,208.7840881347656,346.98486328125,406.5729064941406,120.81900024414062
2021-10-13,27.530000686645508,19.38188934326172,85.53838348388672,167.58999633789062,209.7736968994141,349.7635192871094,408.0356140136719,121.9940948486328
2021-10-14,28.21999931335449,19.163110733032227,85.90524291992188,168.0,212.88394165039065,356.2050170898437,414.8990173339844,122.44737243652344
2021-10-15,28.950000762939453,19.203628540039062,85.80377960205078,165.3300018310547,212.2147979736328,358.4492492675781,418.0588989257813,121.73391723632812
2021-10-18,28.780000686645508,19.48722076416016,85.52276611328125,164.9199981689453,212.09222412109372,362.05377197265625,419.2964782714844,122.30470275878906
2021-10-19,28.6200008392334,19.560148239135746,85.4603271484375,165.4499969482422,212.88394165039065,364.7936401367188,422.5313415527344,120.61756896972656
2021-10-20,29.040000915527344,19.68169212341309,85.50716400146484,166.89999389648438,214.2977294921875,364.3175354003906,424.1908874511719,119.80331420898438
2021-10-21,27.86000061035156,19.624969482421875,85.14029693603516,166.75,214.84442138671875,366.54241943359375,425.29736328125,119.66064453125
2021-10-22,27.530000686645508,19.64117813110352,85.47592163085938,167.77000427246094,214.33544921875,363.4625244140625,424.8565979003906,120.97847747802734
2021-10-25,27.700000762939453,20.37043190002441,85.53838348388672,168.92999267578125,216.37124633789065,367.1836242675781,427.1350402832031,120.79388427734376
2021-10-26,27.5,20.718849182128903,85.71792602539062,167.67999267578125,214.74066162109372,368.3397521972656,427.51953125,121.79266357421876
2021-10-27,26.81999969482422,20.00580596923828,86.2252426147461,168.1199951171875,210.79161071777344,369.19482421875,425.6255187988281,124.0086441040039
2021-10-28,27.100000381469727,20.103036880493164,86.06136322021484,168.0800018310547,214.9951934814453,373.2947998046875,429.7322692871094,123.58894348144533
2021-10-29,26.84000015258789,19.87615776062012,85.7725601196289,166.64999389648438,214.93862915039065,375.131103515625,430.6042785644531,123.96662139892578
2021-11-01,26.86000061035156,20.313709259033203,85.53606414794922,167.52000427246094,220.50885009765625,376.4134826660156,431.3450317382813,123.07411193847656
2021-11-02,26.71999931335449,20.45955848693848,85.64570617675781,167.16000366210938,220.970703125,377.9874267578125,433.0889587402344,123.62039184570312
2021-11-03,26.670000076293945,20.97003555297852,85.51258087158203,165.77000427246094,224.9197998046875,382.0000305175781,435.7330322265625,122.34292602539062
2021-11-04,26.3700008392334,21.723594665527344,86.13119506835938,167.64999389648438,224.83493041992188,386.896728515625,437.7865295410156,123.62877655029295
2021-11-05,26.56999969482422,21.439998626708984,86.78115844726562,169.83999633789062,227.9075164794922,387.2658996582031,439.305419921875,125.47772979736328
2021-11-08,26.93000030517578,21.529129028320312,86.7028579711914,170.4499969482422,228.61436462402344,386.7412414550781,439.6804809570313,125.24243927001952
2021-11-09,26.76000022888184,22.161148071289062,86.85948181152344,171.2899932861328,227.28549194335935,384.0792541503906,438.2271423339844,126.8728485107422
2021-11-10,26.25,22.03150177001953,85.59085083007812,173.14999389648438,223.70396423339844,378.4344177246094,434.70166015625,124.55329132080078
2021-11-11,26.90999984741211,22.306995391845703,85.59085083007812,174.1199951171875,225.50413513183597,379.4836730957031,434.8423767089844,124.3683624267578
2021-11-12,27.190000534057617,22.03960418701172,85.81011962890625,174.4499969482422,225.7303466796875,383.476806640625,438.12396240234375,123.8221206665039
2021-11-15,26.940000534057617,21.67498207092285,85.58306121826172,174.17999267578125,224.83493041992188,383.3893432617188,438.2740478515625,122.26726531982422
2021-11-16,26.559999465942383,20.726953506469727,85.38729095458984,172.9199981689453,225.24966430664065,386.1194763183594,440.0086669921875,121.95626831054688
2021-11-17,25.809999465942383,20.062519073486328,85.48125457763672,174.5,222.29965209960935,386.3234558105469,438.9398193359375,122.92284393310548
2021-11-18,26.299999237060547,20.15975570678711,85.70051574707031,173.94000244140625,221.3571014404297,390.3263244628906,440.4306640625,123.38497924804688
2021-11-19,26.770000457763672,20.62161636352539,85.6770248413086,172.61000061035156,219.3401336669922,392.5026550292969,439.64300537109375,124.68771362304688
2021-11-22,26.729999542236328,23.09296989440918,84.7921371459961,168.74000549316406,218.40707397460935,387.9460144042969,438.4053039550781,123.2253875732422
2021-11-23,26.989999771118164,22.59059715270996,84.25963592529297,167.27999877929688,218.03005981445312,386.17779541015625,438.9866333007813,121.44363403320312
2021-11-24,27.31999969482422,22.331302642822266,84.39277648925781,167.1199951171875,218.26568603515625,387.42132568359375,440.15869140625,123.3934555053711
2021-11-26,26.280000686645508,21.512922286987305,83.45307922363281,166.85000610351562,210.03759765625,380.076416015625,430.341796875,126.51151275634766
2021-11-29,26.549999237060547,20.913314819335938,84.17350006103516,166.6199951171875,209.90562438964844,388.324951171875,435.62060546875,125.49457550048828
2021-11-30,26.209999084472656,20.50007438659668,84.1578369140625,165.5,205.6266632080078,382.6218872070313,427.1444091796875,127.4023208618164
2021-12-01,25.68000030517578,20.11924171447754,84.74475860595703,166.16000366210938,200.99896240234372,376.1123962402344,422.4000549316406,128.18826293945312
2021-12-02,26.200000762939453,20.135446548461918,85.24757385253906,165.24000549316406,206.6068572998047,378.8230285644531,428.8695983886719,128.34815979003906
2021-12-03,26.07999992370605,20.08683204650879,85.35758972167969,166.6300048828125,202.36558532714844,372.23577880859375,425.137939453125,129.87957763671875
2021-12-06,26.489999771118164,20.32180976867676,85.43616485595703,166.22000122070312,206.4278106689453,375.2185363769531,430.1730041503906,128.09568786621094
2021-12-07,26.489999771118164,20.46766471862793,85.8918685913086,166.80999755859375,211.2157440185547,386.5177917480469,439.0710754394531,127.06070709228516
2021-12-08,26.739999771118164,20.83228874206543,85.76617431640625,166.89999389648438,212.65777587890625,388.2471923828125,440.233642578125,124.86449432373048
2021-12-09,26.270000457763672,20.44335174560547,85.71114349365234,165.8800048828125,207.84158325195312,382.5343933105469,437.2613830566406,125.5629425048828
2021-12-10,26.209999084472656,20.50007438659668,85.72685241699219,166.5800018310547,207.26663208007807,386.6926879882813,441.3775634765625,125.25995635986328
2021-12-13,26.170000076293945,19.644031524658203,86.0804214477539,167.0,204.2376708984375,381.1062927246094,437.4676513671875,127.11123657226562
2021-12-14,26.01000022888184,19.3442497253418,85.86039733886719,165.44000244140625,202.4792633056641,377.1616516113281,434.4578857421875,126.8083724975586
2021-12-15,26.0,19.902175903320312,85.58544158935547,166.14999389648438,205.6935577392578,385.7599182128906,441.246337890625,125.5881805419922
2021-12-16,26.190000534057617,20.276901245117188,85.67058563232422,168.16000366210938,201.53390502929688,375.84033203125,437.3551940917969,125.63709259033205
2021-12-17,26.15999984741211,20.143667221069336,85.52079772949219,167.8000030517578,203.3868560791016,373.9651794433594,432.7004699707031,127.0606918334961
2021-12-20,26.25,17.920284271240234,85.06353759765625,167.08999633789062,200.5318145751953,370.3376159667969,428.099365234375,126.10877990722656
2021-12-21,26.559999465942383,18.23672103881836,85.31582641601562,167.02000427246094,206.2607879638672,378.62591552734375,435.7019653320313,125.6286163330078
2021-12-22,26.780000686645508,18.30333709716797,85.41041564941406,168.58999633789062,208.2460021972656,383.237060546875,440.0584411621094,126.20987701416016
2021-12-23,26.82999992370605,18.836286544799805,85.53653717041016,168.97000122070312,209.9098663330078,386.1262512207031,442.7965698242188,125.1147232055664
2021-12-27,27.270000457763672,19.12774085998535,85.8519058227539,169.3699951171875,211.8762359619141,392.5079040527344,449.0631408691406,125.41802978515624
2021-12-28,27.040000915527344,19.12774085998535,85.77305603027344,168.63999938964844,210.58108520507807,390.6886901855469,448.6960144042969,124.9210205078125
2021-12-29,26.96999931335449,19.24432373046875,85.68637084960938,168.58999633789062,210.80796813964844,390.63031005859375,449.27001953125,123.5562973022461
2021-12-30,26.739999771118164,19.251007080078125,86.08842468261719,169.8000030517578,210.75125122070312,389.4629821777344,448.0280151367188,124.59241485595705
2021-12-31,27.209999084472656,19.30116081237793,85.9780502319336,170.9600067138672,210.2974853515625,387.031005859375,446.8988952636719,124.83675384521484
2022-01-03,26.959999084472656,19.384754180908203,85.12663269042969,168.3300018310547,213.01068115234372,390.75677490234375,449.4864196777344,121.55977630615234
2022-01-04,27.26000022888184,19.192495346069336,85.07933044433594,169.57000732421875,212.6892547607422,385.6884765625,449.3359069824219,121.05433654785156
2022-01-05,26.700000762939453,19.51849937438965,84.26732635498047,169.05999755859375,205.4855499267578,373.8397216796875,440.7077026367188,120.39724731445312
2022-01-06,26.59000015258789,19.760913848876957,84.18846130371094,166.99000549316406,206.6577911376953,373.5770568847656,440.293701171875,120.70892333984376
2022-01-07,26.88999938964844,19.77762985229492,84.02291107177734,167.75,204.2660369873047,369.5300903320313,438.5530395507813,119.84120178222656
2022-01-10,26.61000061035156,19.72747611999512,83.73912811279297,168.25999450683594,203.55699157714844,369.7733154296875,438.00726318359375,120.13606262207033
2022-01-11,27.030000686645508,20.371129989624023,83.91254425048828,170.2899932861328,205.72186279296875,375.328125,441.9967346191406,120.93640899658205
2022-01-12,27.86000061035156,20.805797576904297,83.73912811279297,170.74000549316406,204.19039916992188,376.8164978027344,443.1917419433594,120.47308349609376
2022-01-13,27.5,20.989702224731445,83.45529174804688,170.16000366210938,202.3185577392578,367.3899841308594,437.0851135253906,121.5428695678711
2022-01-14,27.100000381469727,21.02313804626465,82.72213745117188,169.6699981689453,202.60215759277344,369.6761169433594,437.263916015625,119.70650482177734
2022-01-18,26.84000015258789,20.864316940307617,81.9574203491211,169.38999938964844,196.47618103027344,360.4732360839844,429.5201721191406,118.02164459228516
2022-01-19,27.09000015258789,21.34078788757324,82.5092544555664,172.0800018310547,193.2808532714844,356.5139465332031,425.0601806640625,118.83881378173828
2022-01-20,27.57999992370605,21.2070426940918,82.80097961425781,171.64999389648438,189.7829742431641,351.8833923339844,420.3556213378906,119.5716781616211
2022-01-21,27.450000762939453,22.327157974243164,83.24244689941406,171.08999633789062,186.2283935546875,342.1261901855469,412.1037292480469,120.9953155517578
2022-01-24,27.100000381469727,21.8005313873291,82.68272399902344,172.02999877929688,190.5203399658203,343.6924133300781,413.8538208007813,120.00127410888672
2022-01-25,27.18000030517578,21.591556549072266,82.808837890625,172.5800018310547,187.9773101806641,335.72515869140625,408.8011169433594,119.80753326416016
2022-01-26,27.170000076293945,21.332426071166992,82.3752670288086,169.7899932861328,185.2640686035156,335.1997985839844,407.7755432128906,118.35861206054688
2022-01-27,26.920000076293945,21.658430099487305,82.84040832519531,167.60000610351562,181.05723571777344,331.82421875,405.7619323730469,120.5320053100586
2022-01-28,26.399999618530277,21.466169357299805,83.10054016113281,167.10000610351562,184.58343505859372,342.23321533203125,415.8391723632813,120.57413482666016
2022-01-31,26.5,21.992794036865234,83.07691192626953,168.08999633789062,190.24620056152344,353.1771850585937,423.3289184570313,119.95075988769533
2022-02-01,27.040000915527344,22.042949676513672,83.29287719726562,168.22999572753906,192.2503662109375,355.5801086425781,426.1893005371094,119.5526123046875
2022-02-02,27.31999969482422,21.49124526977539,83.67262268066406,168.83999633789062,190.34071350097656,358.4693298339844,430.3293762207031,119.95755004882812
2022-02-03,27.190000534057617,20.596824645996094,82.95267486572266,168.60000610351562,186.73883056640625,343.9355773925781,420.2144470214844,119.02114868164062
2022-02-04,27.450000762939453,20.538311004638672,82.55709838867188,168.86000061035156,187.54244995117188,348.2743530273437,422.1903381347656,117.2664794921875
2022-02-07,27.34000015258789,20.864316940307617,82.46217346191406,170.11000061035156,188.4688720703125,345.47265625,420.8354797363281,117.34244537353516
2022-02-08,27.290000915527344,21.19867706298828,82.24854278564453,170.6300048828125,191.6831817626953,349.3540954589844,424.2980346679688,116.55784606933594
2022-02-09,28.26000022888184,21.691865921020508,82.54127502441406,171.2100067138672,195.32286071777344,356.7572326660156,430.5081481933594,116.7771987915039
2022-02-10,28.149999618530277,22.00951194763184,81.4573745727539,170.55999755859375,192.32601928710935,348.6828918457031,422.7737121582031,114.92133331298828
2022-02-11,27.13999938964844,22.151613235473636,80.98271942138672,173.80999755859375,190.3785552978516,337.62213134765625,414.437255859375,116.6253433227539
2022-02-14,27.38999938964844,21.742021560668945,81.2912368774414,174.74000549316406,189.71676635742188,338.0404052734375,413.0823059082031,115.17440032958984
2022-02-15,27.6299991607666,22.268644332885746,81.59980773925781,173.0800018310547,194.80288696289065,346.4454650878906,419.7440490722656,113.86685180664062
2022-02-16,27.649999618530277,22.410749435424805,81.83716583251953,174.86000061035156,195.2093505859375,346.3579406738281,420.2144470214844,114.54169464111328
2022-02-17,27.459999084472656,21.850685119628903,81.4573745727539,177.25,190.20838928222656,336.05596923828125,411.2381286621094,115.39372253417967
2022-02-18,27.559999465942383,21.599916458129883,81.48905944824219,177.1199951171875,188.5728912353516,332.2230834960937,408.5753173828125,116.60853576660156
2022-02-22,27.46999931335449,21.3992977142334,80.4605484008789,177.49000549316406,185.9164123535156,328.8863220214844,404.1906433105469,116.91216278076172
2022-02-23,27.1200008392334,21.2070426940918,79.107666015625,178.2899932861328,182.4374237060547,320.4617919921875,397.0207824707031,115.30093383789062
2022-02-24,27.440000534057617,20.839235305786133,78.30860137939453,177.13999938964844,187.22100830078125,331.2307434082031,402.9956359863281,115.37684631347656
2022-02-25,27.440000534057617,21.658430099487305,79.25007629394531,176.5500030517578,191.43734741210935,336.3671569824219,411.8873596191406,115.4612045288086
2022-02-28,27.399999618530277,21.75038146972656,78.482666015625,178.3800048828125,192.21255493164065,337.36920166015625,410.8334655761719,117.991943359375
2022-03-01,27.81999969482422,21.031497955322266,77.27259826660156,181.6199951171875,188.591796875,332.2035522460937,404.5764770507813,119.35617065429688
2022-03-02,28.5,21.42437171936035,77.10586547851562,179.72999572753906,193.0822906494141,337.7777709960937,412.0190734863281,115.27627563476562
2022-03-03,29.200000762939453,22.12653923034668,76.77237701416016,180.8000030517578,190.79449462890625,332.9526672363281,409.9678039550781,116.45040893554688
2022-03-04,29.899999618530277,22.536134719848636,75.1208267211914,183.67999267578125,187.80714416503903,328.12750244140625,406.6369934082031,118.46078491210938
2022-03-07,28.90999984741211,21.79217529296875,74.53328704833984,186.41000366210935,183.13699340820312,316.0258178710937,394.6497192382813,117.55693817138672
2022-03-08,28.8700008392334,21.917560577392575,75.18433380126953,191.50999450683597,184.14854431152344,314.5569152832031,391.6575927734375,116.37434387207033
2022-03-09,27.850000381469727,22.452547073364254,75.91484069824219,185.82000732421875,189.3386383056641,325.8804016113281,402.1582946777344,115.23399353027344
2022-03-10,28.26000022888184,22.368955612182617,76.02600860595703,186.3999938964844,188.998291015625,322.26153564453125,400.34228515625,113.5784149169922
2022-03-11,28.0,21.976076126098636,75.43842315673828,185.08999633789065,185.9825897216797,315.57830810546875,395.2518615722656,113.95856475830078
2022-03-14,27.40999984741211,21.70022773742676,75.27961730957031,182.3000030517578,182.1822052001953,309.5177307128906,392.3632507324219,111.2977066040039
2022-03-15,27.440000534057617,22.101463317871094,75.73222351074219,178.88999938964844,185.08448791503903,319.226318359375,400.9915161132813,111.10345458984376
2022-03-16,28.309999465942383,22.97916984558105,77.2805404663086,180.00999450683594,190.90792846679688,331.0653991699219,409.8831787109375,112.19307708740234
2022-03-17,28.59000015258789,23.33860969543457,77.77281188964844,180.88999938964844,193.90475463867188,335.0733642578125,415.0111999511719,111.35686492919922
2022-03-18,28.71999931335449,23.530866622924805,77.45520782470703,179.3000030517578,195.9468231201172,341.931640625,419.55670166015625,112.71678924560548
2022-03-21,28.549999237060547,24.166160583496094,76.09748077392578,180.6699981689453,194.21673583984372,340.98101806640625,419.4340515136719,110.10669708251952
2022-03-22,28.6299991607666,23.990617752075195,75.96244049072266,179.36000061035156,196.1641845703125,347.68218994140625,424.3419799804688,108.69602966308594
2022-03-23,29.149999618530277,23.62281990051269,76.02600860595703,181.80999755859372,192.76084899902344,342.685546875,418.8771362304688,111.0780792236328
2022-03-24,28.729999542236328,24.450366973876957,76.32772827148438,183.1300048828125,194.97738647460935,350.30224609375,425.1914367675781,110.20803833007812
2022-03-25,28.61000061035156,24.89340591430664,76.15304565429688,182.3800048828125,195.2425994873047,350.01007080078125,427.2678527832031,108.67914581298828
2022-03-28,28.75,24.433652877807617,76.89148712158203,179.05999755859375,195.30892944335935,355.4255676269531,430.30712890625,109.60831451416016
2022-03-29,28.920000076293945,24.40021324157715,77.6457748413086,179.13999938964844,200.53761291503903,361.5423889160156,435.63037109375,110.43611907958984
2022-03-30,28.81999969482422,24.032413482666016,77.70135498046875,180.5800018310547,196.51190185546875,357.5489501953125,432.94036865234375,111.2977066040039
2022-03-31,28.709999084472656,24.29990768432617,77.62195587158203,180.6499938964844,194.43746948242188,353.1171875,426.27685546875,111.56803894042967
2022-04-01,28.649999618530277,24.701141357421875,77.90335083007812,179.5,196.6161346435547,352.4451599121094,427.4849548339844,111.99269104003906
2022-04-04,29.1200008392334,24.910120010375977,78.20624542236328,180.3699951171875,196.93817138671875,359.70147705078125,431.1471252441406,111.21439361572266
2022-04-05,28.920000076293945,24.35005760192871,76.94679260253906,179.24000549316406,192.2777862548828,351.7146301269531,425.70111083984375,108.7017822265625
2022-04-06,28.729999542236328,24.040775299072266,76.71562957763672,179.66000366210938,189.5497894287109,344.078369140625,421.44439697265625,107.82194519042967
2022-04-07,28.649999618530277,23.990617752075195,76.492431640625,180.33999633789065,188.93408203125,344.8965148925781,423.5680541992188,107.0098114013672
2022-04-08,28.670000076293945,23.73984718322754,75.830810546875,181.47000122070312,187.4279327392578,340.0752258300781,422.43548583984375,105.85077667236328
2022-04-11,28.100000381469727,23.112913131713867,74.9300308227539,182.3699951171875,186.1681671142578,332.0299377441406,415.2150268554688,104.17572021484376
2022-04-12,28.56999969482422,23.40548324584961,75.20903778076172,183.7700042724609,186.7554473876953,330.6273193359375,413.676513671875,104.03189849853516
2022-04-13,28.600000381469727,23.71476936340332,75.40032196044922,184.6499938964844,190.30755615234372,337.3479309082031,418.4146423339844,104.24339294433594
2022-04-14,28.59000015258789,23.27173614501953,74.69888305664062,184.0399932861328,188.46047973632807,329.63385009765625,413.2046813964844,102.1537857055664
2022-04-18,29.25,23.18814468383789,74.65902709960938,184.6100006103516,187.1911773681641,329.88702392578125,413.3745727539063,101.64618682861328
2022-04-19,28.6200008392334,23.28009414672852,74.36408996582031,181.82000732421875,190.92327880859372,337.2602844238281,420.0475463867188,100.884765625
2022-04-20,28.399999618530277,23.681331634521484,74.87425231933594,182.7100067138672,191.65264892578125,332.3415222167969,419.7360229492188,102.91519927978516
2022-04-21,28.420000076293945,22.694957733154297,74.19669342041016,182.05999755859372,187.36167907714844,325.4650573730469,413.4595031738281,102.1537857055664
2022-04-22,27.82999992370605,22.427465438842773,73.40752410888672,180.2899932861328,182.51187133789065,316.9425354003906,402.1145324707031,101.5108413696289
2022-04-25,27.270000457763672,21.591556549072266,74.26842498779297,177.0500030517578,183.62013244628903,321.0137939453125,404.44580078125,102.5260238647461
2022-04-26,26.899999618530277,21.257192611694336,73.75827026367188,177.32000732421875,177.83258056640625,308.897216796875,392.7327270507813,103.5581283569336
2022-04-27,27.0,21.44944953918457,73.55899047851562,175.97999572753906,177.09371948242188,308.52703857421875,393.8370056152344,102.22992706298828
2022-04-28,26.84000015258789,21.29063034057617,73.69448852539062,176.92999267578125,180.3995361328125,319.4846496582031,403.7851257324219,102.3821792602539
2022-04-29,26.450000762939453,21.22375869750977,72.4430160522461,176.91000366210938,175.18980407714844,305.1082763671875,388.8629760742188,101.05400848388672
2022-05-02,25.899999618530277,20.972980499267575,72.0460433959961,173.6300048828125,177.02745056152344,310.20233154296875,391.2037658691406,99.30235290527344
2022-05-03,25.940000534057617,21.382577896118164,72.3501968383789,174.08999633789062,178.5430145263672,310.53350830078125,392.9970703125,99.97184753417967
2022-05-04,26.5,22.318798065185547,73.59066009521484,175.8000030517578,183.3075256347656,321.0333557128906,404.9649353027344,100.52267456054688
2022-05-05,25.959999084472656,21.78381729125977,72.48623657226562,175.1300048828125,175.87181091308594,304.86480712890625,390.57135009765625,97.76847839355467
2022-05-06,25.75,21.66679000854492,71.50984191894531,175.4199981689453,172.94488525390625,301.2122802734375,388.2400207519531,96.3278579711914
2022-05-09,25.459999084472656,20.814159393310547,70.87755584716797,172.8800048828125,165.670166015625,289.4267272949219,375.8096618652344,97.17529296875
2022-05-10,25.229999542236328,20.83088111877441,71.22970581054688,171.4199981689453,165.717529296875,292.9429626464844,376.6779479980469,98.05661010742188
2022-05-11,25.450000762939453,20.956268310546875,71.54186248779297,172.82000732421875,161.59707641601562,284.2547607421875,370.6940002441406,99.94642639160156
2022-05-12,24.729999542236328,21.048213958740234,71.58982849121094,170.1699981689453,163.4915313720703,283.58270263671875,370.30706787109375,99.75997161865234
2022-05-13,25.25,21.917560577392575,71.46981811523438,168.7899932861328,168.67288208007812,294.0921936035156,379.1602783203125,98.28543853759766
2022-05-16,25.46999931335449,21.909202575683597,71.08564758300781,170.39999389648438,167.8677520751953,290.6831970214844,377.621826171875,98.1837387084961
2022-05-17,25.56999969482422,23.06276130676269,71.34175109863281,169.3300018310547,173.00169372558594,298.2122802734375,385.3896484375,96.99737548828124
2022-05-18,25.06999969482422,22.66988182067871,70.88554382324219,169.4199981689453,166.93943786621094,283.5729675292969,369.85394287109375,99.0650863647461
2022-05-19,25.850000381469727,23.35532760620117,71.26972961425781,171.91000366210938,167.2141571044922,282.0534362792969,367.5887145996094,99.30235290527344
2022-05-20,25.96999931335449,23.45563697814941,71.73391723632812,172.02999877929688,166.7878875732422,281.1768798828125,367.7491760253906,100.42942810058594
2022-05-23,26.25,24.19123649597168,71.78193664550781,172.8300018310547,168.80551147460938,285.8522033691406,374.62982177734375,98.77694702148438
2022-05-24,26.100000381469727,24.24139213562012,72.40620422363281,174.1300048828125,166.30484008789062,279.7742919921875,371.7699890136719,100.7260513305664
2022-05-25,25.90999984741211,24.274829864501957,73.04643249511719,173.0800018310547,169.2980499267578,283.6898803710937,375.0545654296875,101.12433624267578
2022-05-26,25.850000381469727,25.02714729309082,73.28654479980469,172.75999450683594,173.07749938964844,291.5500793457031,382.5487060546875,100.666748046875
2022-05-27,26.18000030517578,25.66243934631348,73.40660858154297,172.85000610351562,177.73782348632812,301.066162109375,391.9399108886719,100.9124755859375
2022-05-31,25.96999931335449,25.394948959350582,73.03047180175781,171.13999938964844,175.53079223632812,300.2674560546875,389.74072265625,98.77694702148438
2022-06-01,26.229999542236328,24.926837921142575,72.89791870117188,172.22999572753906,174.5362091064453,298.0467224121094,386.58831787109375,98.66405487060548
2022-06-02,27.6200008392334,25.76274871826172,73.60481262207031,174.35000610351562,178.7987518310547,306.2088317871094,393.9503173828125,98.71498107910156
2022-06-03,27.059999465942383,25.704235076904297,73.10676574707031,172.5800018310547,177.18846130371094,298.2415466308594,387.4849853515625,98.50269317626952
2022-06-06,26.8799991607666,25.369871139526367,72.14283752441406,171.82000732421875,177.95571899414062,299.2349548339844,388.6647644042969,96.68598175048828
2022-06-07,26.979999542236328,25.23612403869629,72.56855773925781,172.94000244140625,180.8258056640625,301.816162109375,392.3929748535156,97.73020935058594
2022-06-08,26.82999992370605,25.11909484863281,71.85363006591797,172.77999877929688,178.031494140625,299.64410400390625,388.1267700195313,96.8642578125
2022-06-09,26.38999938964844,24.56745719909668,71.25920867919922,172.22999572753906,174.34088134765625,291.6182861328125,378.8960571289063,97.18688201904295
2022-06-10,26.040000915527344,24.063600540161133,70.06233215332031,174.5399932861328,169.6112518310547,281.3327331542969,367.90966796875,96.58412170410156
2022-06-13,25.40999984741211,23.09062957763672,68.20674896240234,169.92999267578125,161.64303588867188,268.25177001953125,353.9408264160156,93.5533676147461
2022-06-14,25.059999465942383,23.00375747680664,68.1745834350586,168.57000732421875,160.86428833007812,268.7388000488281,352.8742980957031,92.37339782714844
2022-06-15,25.25,23.359935760498047,70.21493530273438,170.77000427246094,163.21958923339844,275.44970703125,357.9049987792969,94.0967254638672
2022-06-16,24.84000015258789,22.543336868286133,68.65657806396484,172.69000244140625,155.65977478027344,264.3363342285156,346.0596923828125,94.84380340576172
2022-06-17,24.3700008392334,22.395654678344727,69.02608489990234,171.27000427246094,156.8754119873047,267.550537109375,346.8057556152344,95.1494140625
2022-06-21,24.3700008392334,22.743141174316406,68.82525634765625,170.6300048828125,159.68658447265625,274.3006286621094,355.5360717773437,93.53643798828124
2022-06-22,23.799999237060547,22.06553840637207,68.9296875,171.30999755859375,159.3827362060547,273.9005432128906,354.8914794921875,96.10872650146484
2022-06-23,22.68000030517578,21.266313552856445,69.38755798339844,170.25999450683594,161.29165649414062,277.9797668457031,358.370361328125,96.89822387695312
2022-06-24,22.600000381469727,21.318439483642575,69.4759292602539,170.08999633789062,166.28721618652344,287.5043334960937,369.7643432617188,95.55687713623048
2022-06-27,22.729999542236328,21.5964298248291,68.52803802490234,169.89999389648438,166.90451049804688,285.396484375,368.3518981933594,94.74195098876952
2022-06-28,22.709999084472656,21.27500343322754,68.00591278076172,169.6199951171875,163.7704315185547,276.701416015625,360.8254699707031,95.1833953857422
2022-06-29,22.799999237060547,21.04913330078125,68.25495910644531,169.49000549316406,162.10841369628906,276.9550170898437,360.5316162109375,96.66903686523438
2022-06-30,22.21999931335449,20.910139083862305,68.53608703613281,168.4600067138672,160.8452606201172,273.5199584960937,357.6024780273437,97.51798248291016
2022-07-01,21.81999969482422,20.84933090209961,69.49686431884766,168.32000732421875,162.792236328125,275.3253479003906,361.3847351074219,98.51914978027344
2022-07-05,20.739999771118164,20.43234062194824,68.94831085205078,164.75,164.1408233642578,280.0388488769531,362.0672912597656,99.29319763183594
2022-07-06,20.780000686645508,20.19778633117676,68.39167785644531,162.13999938964844,162.92515563964844,281.83447265625,363.2900695800781,97.6259765625
2022-07-07,21.34000015258789,21.031761169433597,68.5933837890625,162.22999572753906,166.7810821533203,287.865478515625,368.7310791015625,96.76686096191406
2022-07-08,21.26000022888184,20.55396270751953,68.27066802978516,162.3000030517578,166.7620391845703,288.2265014648437,368.42779541015625,95.69508361816406
2022-07-11,20.649999618530277,20.12828826904297,67.69792175292969,161.42999267578125,163.40951538085938,282.0686950683594,364.2191162109375,97.34528350830078
2022-07-12,19.6299991607666,19.52018165588379,67.50431823730469,160.8300018310547,162.84918212890625,279.336181640625,360.9961242675781,97.9236831665039
2022-07-13,20.040000915527344,19.841609954833984,67.23004913330078,161.60000610351562,162.70677185058594,278.76043701171875,359.1002502441406,99.0465316772461
2022-07-14,19.51000022888184,19.259565353393555,66.05225372314453,159.3300018310547,161.03526306152344,279.7558288574219,358.22821044921875,98.23844146728516
2022-07-15,19.51000022888184,20.675582885742188,66.7137451171875,159.00999450683594,164.38772583007812,284.8304138183594,365.0721740722656,98.79132843017578
2022-07-18,20.01000022888184,21.188127517700195,66.74598693847656,159.16000366210938,163.9224090576172,282.41998291015625,362.0578002929688,97.76210021972656
2022-07-19,19.86000061035156,21.744110107421875,67.72211456298828,159.5399932861328,169.7062225341797,291.1054077148437,371.8403015136719,97.23468017578124
2022-07-20,20.09000015258789,21.76148796081543,68.25456237792969,158.0399932861328,172.36541748046875,295.7213439941406,374.2100830078125,97.48990631103516
2022-07-21,19.950000762939453,21.969980239868164,68.6336898803711,160.27000427246094,173.24868774414062,299.9663391113281,378.0207214355469,99.17413330078124
2022-07-22,20.059999465942383,21.457433700561523,69.38394927978516,160.6699981689453,170.48497009277344,294.7063903808594,374.5134582519531,100.8413543701172
2022-07-25,20.3799991607666,21.961294174194336,69.4323501586914,160.22999572753906,171.3682403564453,293.02783203125,374.9684753417969,99.8546371459961
2022-07-26,20.489999771118164,22.09160041809082,68.7869644165039,160.0399932861328,170.3140411376953,287.2701416015625,370.5321960449219,99.93116760253906
2022-07-27,21.0,22.586774826049805,69.82759094238281,161.6699981689453,174.18893432617188,299.4100646972656,380.153564453125,99.3697738647461
2022-07-28,21.020000457763672,22.743141174316406,70.73112487792969,163.63999938964844,176.58221435546875,302.3377685546875,384.9216003417969,100.16085052490234
2022-07-29,21.700000762939453,22.96901130676269,71.0053939819336,164.10000610351562,177.83584594726562,307.8514404296875,390.5332946777344,99.88864135742188
2022-08-01,21.32999992370605,22.96901130676269,71.32608032226562,165.02999877929688,177.7693634033203,307.666015625,389.3767700195313,102.29432678222656
2022-08-02,21.049999237060547,22.6475830078125,70.2894515991211,164.0500030517578,177.59841918945312,306.7486572265625,386.8079833984375,100.12982177734376
2022-08-03,21.030000686645508,22.395654678344727,71.64195251464844,164.4499969482422,180.21017456054688,315.1023254394531,392.8651428222656,101.7063217163086
2022-08-04,21.100000381469727,22.491212844848636,71.79585266113281,167.1699981689453,179.8302459716797,316.5758361816406,392.5997314453125,101.6722412109375
2022-08-05,21.56999969482422,22.33484268188477,71.65001678466797,165.2899932861328,181.20738220214844,313.98974609375,391.9361877441406,99.2520751953125
2022-08-08,21.739999771118164,22.951637268066406,72.71101379394531,166.69000244140625,183.12582397460935,312.9748229980469,391.4811706542969,100.85415649414062
2022-08-09,21.700000762939453,22.96901130676269,71.49617004394531,167.1999969482422,180.6280517578125,309.4324035644531,389.9266357421875,100.46217346191406
2022-08-10,22.0,23.507617950439453,72.77578735351562,166.77999877929688,185.7850646972656,318.0688781738281,398.1166076660156,99.8060073852539
2022-08-11,22.280000686645508,23.75954818725586,72.47613525390625,166.33999633789062,186.47833251953125,316.26348876953125,398.1166076660156,97.47957611083984
2022-08-12,22.200000762939453,24.480588912963867,73.02682495117188,167.8699951171875,190.2867431640625,322.42138671875,404.8563232421875,98.46807861328124
2022-08-15,21.8700008392334,24.602205276489254,72.8891830444336,165.7100067138672,190.9610290527344,325.02691650390625,406.5246276855469,98.38287353515624
2022-08-16,21.86000061035156,24.28946876525879,72.2574691772461,165.4199981689453,190.88507080078125,324.2658386230469,407.3208923339844,98.79190826416016
2022-08-17,21.65999984741211,23.959352493286133,71.4637680053711,164.35000610351562,187.6749725341797,320.5671691894531,404.42974853515625,97.76080322265624
2022-08-18,22.030000686645508,22.812641143798828,71.38278198242188,163.9199981689453,188.9191131591797,321.3381652832031,405.605224609375,97.90564727783205
2022-08-19,22.100000381469727,22.326154708862305,70.2975845336914,162.72000122070312,184.8638153076172,315.0729675292969,400.1546936035156,96.32913970947266
2022-08-22,22.040000915527344,22.473840713500977,69.77922058105469,161.63999938964844,181.0554351806641,306.7779541015625,391.8224182128906,96.00533294677734
2022-08-23,22.25,23.28175163269043,70.5162353515625,162.77000427246094,181.34979248046875,306.5242919921875,390.8745422363281,95.4769515991211
2022-08-24,21.959999084472656,23.33387756347656,70.45144653320312,163.25,182.73643493652344,307.412353515625,392.1257629394531,94.7781982421875
2022-08-25,22.31999969482422,24.228654861450195,71.19650268554688,163.75,185.57611083984372,312.847900390625,397.6616516113281,96.09906768798828
2022-08-26,22.190000534057617,24.228654861450195,70.08696746826172,161.75999450683594,179.47886657714844,300.0249328613281,384.2012023925781,96.82340240478516
2022-08-29,21.670000076293945,24.52402114868164,69.66584014892578,161.86000061035156,177.8263702392578,297.0679626464844,381.6607666015625,96.02236938476562
2022-08-30,21.3700008392334,24.66301727294922,69.64154052734375,160.50999450683594,175.33810424804688,293.759765625,377.4709167480469,96.260986328125
2022-08-31,21.1299991607666,24.12441062927246,69.08273315429688,159.27000427246094,174.27438354492188,292.0519714355469,374.5987854003906,95.3406219482422
2022-09-01,20.5,23.83773231506348,68.91365814208984,157.8699951171875,172.3749237060547,292.1788635253906,375.7741394042969,93.59510803222656
2022-09-02,20.450000762939453,25.72285842895508,69.15752410888672,159.25999450683594,171.03579711914062,288.0509338378906,371.8119201660156,94.12456512451172
2022-09-06,20.84000015258789,24.888885498046875,68.52349090576172,158.3300018310547,169.34532165527344,285.9819641113281,370.408935546875,91.79322814941406
2022-09-07,20.709999084472656,24.61089515686035,69.56391906738281,159.94000244140625,173.03024291992188,291.7591552734375,377.0633239746094,93.24498748779295
2022-09-08,21.32999992370605,24.958383560180664,69.58832550048828,158.97999572753906,174.4738311767578,293.2718505859375,379.5279541015625,92.28851318359376
2022-09-09,21.3700008392334,24.671707153320312,70.01101684570312,159.82000732421875,177.97828674316406,299.6833801269531,385.4240417480469,92.49346923828124
2022-09-12,21.75,24.77595329284668,69.98662567138672,160.6300048828125,180.13417053222656,303.2452697753906,389.5664367675781,91.73348236083984
2022-09-13,21.209999084472656,23.84642219543457,68.91365814208984,158.5399932861328,173.0872344970703,286.6163330078125,372.6270751953125,91.94696044921876
2022-09-14,21.1200008392334,24.193906784057617,68.86486053466797,157.92999267578125,173.76156616210938,288.8900756835937,374.0489501953125,92.2628936767578
2022-09-15,20.8799991607666,23.48155403137207,68.81611633300781,154.97999572753906,172.49842834472656,284.0789794921875,369.80224609375,92.20314025878906
2022-09-16,21.309999465942383,23.403369903564453,68.44220733642578,155.83999633789062,169.99111938476562,282.3419494628906,366.9810485839844,91.43456268310548
2022-09-19,21.21999931335449,23.68136405944824,68.68605041503906,155.9600067138672,171.44419860839844,284.5405578613281,369.8270263671875,91.64805603027344
2022-09-20,21.040000915527344,22.586774826049805,68.0520248413086,155.07000732421875,169.10789489746094,282.2725524902344,365.5819396972656,90.73430633544922
2022-09-21,20.690000534057617,22.569398880004883,67.85696411132812,155.7899932861328,166.52464294433594,277.21807861328125,359.204833984375,92.25437927246094
2022-09-22,20.81999969482422,22.18716049194336,67.4017333984375,155.6999969482422,162.77320861816406,273.8061828613281,356.18756103515625,89.8974380493164
2022-09-23,20.1200008392334,21.30975151062012,66.58889770507812,153.00999450683594,158.89833068847656,269.3482666015625,350.2196655273437,90.2646255493164
2022-09-26,19.81999969482422,20.58871078491211,65.02011108398438,151.22999572753906,156.7227325439453,268.2336120605469,346.75506591796875,88.53960418701172
2022-09-27,19.790000915527344,20.84933090209961,63.97964477539063,151.5399932861328,157.25732421875,268.3412475585937,345.8698425292969,86.20828247070312
2022-09-28,20.3700008392334,21.22287940979004,65.51593017578125,154.69000244140625,162.23097229003906,273.6790771484375,352.6753234863281,89.09468078613281
2022-09-29,20.670000076293945,20.884078979492188,64.68682861328125,154.66000366210938,158.59384155273438,265.7895812988281,345.3083190917969,88.6335220336914
2022-09-30,20.450000762939453,20.84933090209961,64.5405044555664,154.6699981689453,157.43869018554688,261.2826843261719,339.9685974121094,87.48924255371094
2022-10-03,20.540000915527344,21.72673988342285,65.5213394165039,158.42999267578125,161.61045837402344,267.4125061035156,348.9442138671875,88.87937927246094
2022-10-04,21.07999992370605,22.308780670166016,66.75450897216797,160.6999969482422,168.01611328125,275.8201599121094,359.75689697265625,88.63115692138672
2022-10-05,21.3799991607666,21.77886390686035,65.80718231201172,159.80999755859375,166.77505493164062,275.6734924316406,358.9192199707031,87.78369140625
2022-10-06,20.690000534057617,21.665929794311523,65.55399322509766,159.6300048828125,165.8395233154297,273.50311279296875,355.2167358398437,87.29579162597656
2022-10-07,20.34000015258789,21.27500343322754,64.67200469970703,157.8800048828125,160.96131896972656,263.08160400390625,345.3083190917969,86.44831085205078
2022-10-10,20.739999771118164,21.266313552856445,64.48417663574219,155.47999572753906,160.06396484375,260.4517517089844,342.6717529296875,85.10438537597656
2022-10-11,20.57999992370605,20.98832321166992,64.4351806640625,155.16000366210938,160.11167907714844,256.87359619140625,340.50164794921875,85.4810562133789
2022-10-12,20.6299991607666,20.42365455627441,64.20647430419922,155.99000549316406,159.6725616455078,256.7855834960937,339.3785095214844,85.90046691894531
2022-10-13,20.8799991607666,20.81457901000977,64.01048278808594,154.91000366210938,163.62474060058594,262.8078308105469,348.33514404296875,85.07870483398438
2022-10-14,20.540000915527344,20.11091423034668,63.53681945800781,152.97999572753906,159.24298095703125,254.90847778320312,340.3969116210937,84.37675476074219
2022-10-17,20.46999931335449,20.66689682006836,63.887969970703125,153.4199981689453,164.32162475585938,263.3258972167969,349.14410400390625,83.96588897705078
2022-10-18,20.21999931335449,20.788515090942383,64.56584167480469,153.75,166.26910400390625,265.4083557128906,353.2464904785156,84.16276550292969
2022-10-19,19.989999771118164,20.649526596069336,63.60213470458984,151.69000244140625,163.443359375,264.4405212402344,350.7431640625,82.63050079345703
2022-10-20,20.489999771118164,20.458404541015625,62.95700073242188,151.4499969482422,161.36227416992188,263.09130859375,347.80206298828125,81.21808624267578
2022-10-21,20.979999542236328,21.11863136291504,63.651153564453125,154.14999389648438,164.86578369140625,269.26025390625,356.2541198730469,79.75432586669922
2022-10-24,20.709999084472656,20.54527473449707,63.61033248901367,153.64999389648438,165.57223510742188,272.2224426269531,360.6134948730469,79.09519958496094
2022-10-25,20.530000686645508,21.30975151062012,64.71285247802734,154.0,170.087646484375,277.8536376953125,366.3719482421875,81.39786529541016
2022-10-26,21.399999618530277,21.70067405700684,65.13748931884766,154.97999572753906,170.92774963378906,271.7140197753906,363.6116943359375,82.5705795288086
2022-10-27,21.229999542236328,21.839672088623047,65.28448486328125,154.74000549316406,170.96591186523438,266.7672119140625,361.6700134277344,83.4351577758789
2022-10-28,20.739999771118164,22.06553840637207,65.44783782958984,153.16000366210938,174.85128784179688,274.9305114746094,370.27435302734375,82.86163330078125
2022-10-31,20.350000381469727,21.431373596191406,64.4351806640625,151.91000366210938,175.0135498046875,271.733642578125,367.5997009277344,82.27098083496094
2022-11-01,20.950000762939453,21.49217987060547,65.67597198486328,153.4600067138672,175.25222778320312,268.9571228027344,365.9912109375,83.03985595703125
2022-11-02,20.729999542236328,21.77886390686035,65.17537689208984,152.38999938964844,169.43850708007812,259.738037109375,356.8061828613281,82.67945098876953
2022-11-03,20.649999618530277,21.65723991394043,64.94560241699219,151.80999755859375,168.302490234375,254.66409301757807,353.1321716308594,82.23322296142578
2022-11-04,22.38999938964844,22.404340744018555,65.98782348632812,156.47000122070312,170.57449340820312,258.76043701171875,358.2148742675781,80.85167694091797
2022-11-07,21.690000534057617,22.751829147338867,65.96317291259766,155.85000610351562,171.34779357910156,261.6053771972656,361.6413879394531,80.04502868652344
2022-11-08,22.13999938964844,23.690052032470703,66.4227294921875,159.4499969482422,171.41456604003906,263.5117492675781,363.5926208496094,80.92032623291016
2022-11-09,22.13999938964844,23.17750358581543,65.5282211303711,158.64999389648438,166.70822143554688,257.4307861328125,356.10186767578125,81.18632507324219
2022-11-10,22.84000015258789,23.907230377197266,68.53999328613281,163.47999572753906,176.97056579589844,276.42626953125,375.6712036132813,84.30988311767578
2022-11-11,23.729999542236328,23.889856338500977,68.52359008789062,164.55999755859375,178.42160034179688,281.5196838378906,379.30706787109375,84.0009536743164
2022-11-14,23.15999984741211,23.60317611694336,67.9409408569336,164.9199981689453,176.4264678955078,279.0560913085937,376.0804443359375,83.7950210571289
2022-11-15,23.040000915527344,23.663986206054688,69.22114562988281,165.5,179.04214477539062,282.9177551269531,379.28802490234375,85.15084838867188
2022-11-16,22.690000534057617,22.986385345458984,69.22114562988281,165.1199951171875,175.891845703125,279.0560913085937,376.39453125,87.0129623413086
2022-11-17,22.190000534057617,22.06553840637207,68.59746551513672,163.9199981689453,174.25941467285156,278.440185546875,375.2427673339844,86.09477996826172
2022-11-18,21.959999084472656,21.848360061645508,68.59746551513672,162.7899932861328,175.3859100341797,278.4499206542969,376.9465942382813,85.50265502929688
2022-11-21,21.600000381469727,22.499900817871094,68.60566711425781,161.8800048828125,174.46942138671875,275.58551025390625,375.5759582519531,85.86306762695312
2022-11-22,21.8700008392334,22.23928451538086,69.31961059570312,162.07000732421875,176.33096313476562,279.55474853515625,380.6300048828125,87.08158111572266
2022-11-23,21.959999084472656,22.91688537597656,69.77095794677734,163.0800018310547,176.7892303466797,282.36053466796875,383.0286560058594,88.6004638671875
2022-11-25,21.809999465942383,22.360902786254883,70.09103393554688,163.22000122070312,177.16148376464844,280.5030212402344,382.9430236816406,88.30011749267578
2022-11-28,21.690000534057617,22.00472640991211,69.81201171875,161.92999267578125,173.5911407470703,276.3871459960937,376.8323669433594,88.5489501953125
2022-11-29,22.01000022888184,22.847389221191406,70.13206481933594,162.72999572753906,174.09713745117188,274.2950744628906,376.1851501464844,87.51067352294922
2022-11-30,22.81999969482422,23.55105400085449,70.9281005859375,164.80999755859375,178.87034606933594,286.7989807128906,388.0351257324219,88.15423583984375
2022-12-01,22.899999618530277,23.524991989135746,72.33609771728516,167.83999633789062,178.47889709472656,287.15087890625,387.7496643066406,90.97040557861328
2022-12-02,23.299999237060547,23.785608291625977,72.0312271118164,167.25999450683594,179.51947021484375,286.0071105957031,387.3023376464844,92.11442565917967
2022-12-05,22.8700008392334,23.09931755065918,70.92721557617188,164.38999938964844,174.57443237304688,281.2069702148437,380.3349914550781,90.82415771484376
2022-12-06,23.059999465942383,23.316499710083008,70.5400161743164,164.83999633789062,171.9014892578125,275.3801574707031,374.8525390625,91.99401092529295
2022-12-07,23.26000022888184,23.359935760498047,71.56163787841797,166.3300018310547,171.39547729492188,274.25592041015625,374.2148742675781,94.16159057617188
2022-12-08,23.43000030517578,23.54236602783203,71.42979431152344,166.47000122070312,172.63648986816406,277.5016784667969,377.146484375,93.90353393554688
2022-12-09,23.229999542236328,23.62055015563965,70.93550109863281,167.05999755859375,170.5172119140625,275.7321472167969,374.3290710449219,91.46070098876952
2022-12-12,23.030000686645508,23.455495834350582,71.19913482666016,165.67999267578125,172.52197265625,279.1929626464844,379.7258911132813,91.7531509399414
2022-12-13,23.239999771118164,23.85576629638672,71.8829345703125,168.50999450683594,173.950927734375,282.1943054199219,382.6003723144531,92.63912963867188
2022-12-14,23.299999237060547,23.30305290222168,71.7758560180664,168.10000610351562,172.80967712402344,280.1021728515625,380.1541748046875,93.0347900390625
2022-12-15,22.790000915527344,22.71468544006348,71.39537048339844,165.35000610351562,168.484375,270.6973571777344,370.8549499511719,93.39778137207033
2022-12-16,22.780000686645508,22.64336395263672,71.02320098876953,166.7899932861328,167.2280731201172,268.1163635253906,366.4765319824219,92.35446166992188
2022-12-19,22.729999542236328,22.687938690185547,70.63444519042969,166.32000732421875,164.96470642089844,264.34844970703125,363.3689880371094,90.80243682861328
2022-12-20,23.020000457763672,22.93755149841309,70.27880096435547,169.0800018310547,165.8374481201172,264.1426086425781,363.86627197265625,89.1900634765625
2022-12-21,23.06999969482422,23.615068435668945,71.1968994140625,168.8000030517578,168.69540405273438,267.974365234375,369.3069152832031,89.41422271728516
2022-12-22,22.729999542236328,23.25848197937012,70.83296203613281,166.75999450683594,166.4895782470703,261.41827392578125,364.0383605957031,89.39700317382812
2022-12-23,23.059999465942383,23.320884704589844,70.45249938964844,167.25999450683594,167.2472686767578,262.0062255859375,366.1323852539063,88.08641815185547
2022-12-27,23.020000457763672,23.20499038696289,70.03065490722656,168.6699981689453,166.12513732910156,258.3019104003906,364.68853759765625,86.34468841552734
2022-12-28,23.15999984741211,23.632896423339844,69.77425384521484,167.91000366210938,163.54534912109375,254.89163208007807,360.15625,85.83592987060547
2022-12-29,23.15999984741211,23.65073013305664,70.31188201904297,168.85000610351562,167.68841552734375,261.10467529296875,366.6391296386719,86.81028747558594
2022-12-30,23.09000015258789,24.149951934814453,69.96446990966797,169.63999938964844,167.21847534179688,260.94781494140625,365.6733703613281,85.84457397460938
2023-01-03,22.790000915527344,23.47243309020996,70.27054595947266,171.05999755859375,166.29776000976562,259.18389892578125,364.1339416503906,87.48281860351562
2023-01-04,22.65999984741211,23.21390914916992,71.1307144165039,172.6699981689453,168.3693389892578,260.4186706542969,366.9451599121094,88.68134307861328
2023-01-05,23.18000030517578,23.320884704589844,70.48558044433594,170.52000427246094,166.56629943847656,256.3419494628906,362.757080078125,89.05210876464844
2023-01-06,23.790000915527344,23.846851348876957,71.73448181152344,173.7100067138672,170.3065948486328,263.4173889160156,371.0758361816406,90.69035339355467
2023-01-09,24.290000915527344,24.0162296295166,71.59387969970703,174.10000610351562,170.5943145751953,265.1225280761719,370.865478515625,91.1731948852539
2023-01-10,24.690000534057617,24.141036987304688,71.14727020263672,174.74000549316406,173.11656188964844,267.3667297363281,373.4663391113281,89.66431427001953
2023-01-11,25.34000015258789,24.952272415161133,71.95779418945312,174.6199951171875,175.27439880371094,271.9920959472656,378.18988037109375,91.1214828491211
2023-01-12,25.25,24.51545524597168,72.80972290039062,176.63999938964844,178.2186737060547,273.4621887207031,379.5668029785156,92.91492462158205
2023-01-13,25.549999237060547,24.39065170288086,72.63602447509766,178.75999450683594,179.38870239257812,275.3436584472656,381.039306640625,92.04407501220705
2023-01-17,25.670000076293945,24.577857971191406,72.71045684814453,177.58999633789062,179.16812133789062,275.90234375,380.3412780761719,91.44910430908205
2023-01-18,25.56999969482422,24.56894302368164,73.57064056396484,177.0800018310547,176.2718048095703,272.3155822753906,374.3364562988281,93.66507720947266
2023-01-19,25.770000457763672,24.328248977661133,73.36387634277344,179.88999938964844,174.5839080810547,269.6402282714844,371.611328125,93.07876586914062
2023-01-20,25.93000030517578,25.06816673278809,73.1984634399414,179.2899932861328,177.46104431152344,277.0195007324219,378.5340576171875,91.56982421875
2023-01-23,25.790000915527344,25.487159729003903,73.1570816040039,179.6300048828125,179.65724182128906,283.17364501953125,383.0758972167969,91.13873291015624
2023-01-24,25.84000015258789,25.58522224426269,73.47966766357422,180.27999877929688,179.2736053466797,282.5954895019531,382.664794921875,92.4493408203125
2023-01-25,25.8799991607666,25.46932601928711,73.4300765991211,181.1100006103516,179.7723388671875,281.96832275390625,382.8082885742188,92.67349243164062
2023-01-26,25.959999084472656,26.111188888549805,73.4300765991211,179.47000122070312,180.8368377685547,287.4659729003906,387.0154724121094,92.24236297607422
2023-01-27,25.6200008392334,25.66545295715332,73.28945922851562,179.22000122070312,181.8150634765625,290.3275146484375,387.90472412109375,92.0095672607422
2023-01-30,25.3700008392334,25.745685577392575,72.35482788085938,178.75999450683594,179.28317260742188,284.4574584960937,383.0376892089844,91.67330932617188
2023-01-31,25.63999938964844,26.08444595336914,72.71045684814453,179.41000366210938,183.6372528076172,288.7204284667969,388.6696472167969,92.40621185302734
2023-02-01,25.440000534057617,26.030956268310547,74.08999633789062,181.6699981689453,186.5239715576172,294.8942565917969,392.8003234863281,93.51703643798828
2023-02-02,24.81999969482422,26.74413299560547,74.33073425292969,177.89999389648438,190.1970977783203,305.4779968261719,398.518310546875,93.63804626464844
2023-02-03,24.559999465942383,25.96855354309082,73.30976867675781,173.4600067138672,188.92156982421875,300.04888916015625,394.2824401855469,92.2376480102539
2023-02-06,24.530000686645508,25.549558639526367,72.2721939086914,173.82000732421875,186.18832397460935,297.5107421875,391.8728637695313,91.55471801757812
2023-02-07,24.739999771118164,25.870494842529297,72.338623046875,173.97999572753906,187.5693206787109,303.6748352050781,396.99798583984375,90.8199234008789
2023-02-08,24.56999969482422,25.71002578735352,72.29710388183594,174.41000366210938,184.82647705078125,298.275146484375,392.6569519042969,91.2521514892578
2023-02-09,24.75,25.915063858032227,71.82398223876953,173.02999877929688,182.1507110595703,295.6389465332031,389.2528991699219,90.38768768310548
2023-02-10,24.420000076293945,26.102272033691406,71.26785278320312,173.36000061035156,182.5151824951172,293.6986694335937,390.1612548828125,89.37628936767578
2023-02-13,24.71999931335449,26.16467666625977,71.46707153320312,172.47999572753906,184.71139526367188,298.4024963378906,394.7414245605469,90.1283950805664
2023-02-14,24.899999618530277,26.22707748413086,71.50859069824219,172.61000061035156,184.62506103515625,300.6075134277344,394.5597534179688,89.92088317871094
2023-02-15,24.520000457763672,26.146846771240234,71.30105590820312,170.88999938964844,186.4952087402344,302.9104309082031,395.8410034179688,89.08238983154297
2023-02-16,25.01000022888184,26.67281723022461,70.83619689941406,170.75,184.71139526367188,297.2265014648437,390.3907470703125,87.82025146484375
2023-02-17,25.059999465942383,26.102272033691406,70.86112213134766,171.25999450683594,185.2196502685547,295.1294250488281,389.4154968261719,88.50315856933594
2023-02-21,25.549999237060547,25.184059143066406,69.79035949707031,170.6199951171875,179.7531280517578,288.1421813964844,381.60345458984375,86.78289794921875
2023-02-22,25.31999969482422,25.424755096435547,70.06427764892578,169.66000366210938,180.2422790527344,288.3577575683594,381.0775451660156,87.5782241821289
2023-02-23,24.649999618530277,25.513900756835938,71.18486022949219,169.57000732421875,181.52737426757807,290.8763122558594,383.1046447753906,88.43404388427734
2023-02-24,24.059999465942383,25.01467704772949,70.69512176513672,168.35000610351562,179.829833984375,286.0058898925781,379.0121765136719,87.28428649902344
2023-02-27,24.440000534057617,24.89878845214844,71.0520248413086,169.00999450683594,180.4627990722656,288.0540771484375,380.302978515625,87.52632141113281
2023-02-28,24.84000015258789,25.05925178527832,70.7531967163086,169.77999877929688,180.47238159179688,287.6816101074219,378.8974609375,87.92401123046875
2023-03-01,25.38999938964844,25.71894073486328,70.2854995727539,170.75999450683594,180.7025909423828,285.368896484375,377.4440612792969,86.97940826416016
2023-03-02,24.809999465942383,24.30150032043457,70.02701568603516,170.66000366210938,181.13414001464844,287.7305603027344,380.3794860839844,86.20816040039062
2023-03-03,24.850000381469727,26.129016876220703,71.10254669189453,172.49000549316406,183.6564483642578,293.6790771484375,386.47991943359375,88.29663848876953
2023-03-06,24.8700008392334,26.146846771240234,70.8190689086914,171.6199951171875,180.9711151123047,294.0122375488281,386.7476806640625,87.61203002929688
2023-03-07,24.229999542236328,25.629793167114254,70.5272445678711,168.6199951171875,178.87081909179688,290.40594482421875,380.8193664550781,88.14929962158203
2023-03-08,24.540000915527344,25.88831901550293,70.19377136230469,168.5399932861328,178.95713806152344,291.8563537597656,381.44091796875,88.2359619140625
2023-03-09,24.479999542236328,25.808090209960938,70.21046447753906,170.1999969482422,173.9796905517578,286.7996520996094,374.4034118652344,88.45262908935547
2023-03-10,24.399999618530277,25.71002578735352,70.86911010742188,173.8699951171875,168.96392822265625,282.7718811035156,369.0009460449219,91.50299835205078
2023-03-13,24.700000762939453,25.13056945800781,70.75238037109375,177.86000061035156,166.21148681640625,284.8690795898437,368.4750061035156,91.71099090576172
2023-03-14,24.489999771118164,25.433670043945312,70.56060028076172,176.8300018310547,169.2899932861328,291.415283203125,374.5659484863281,90.20311737060548
2023-03-15,23.700000762939453,24.09646224975586,70.8190689086914,178.2100067138672,166.49920654296875,292.9440612792969,372.2232360839844,91.9449691772461
2023-03-16,23.59000015258789,24.221267700195312,70.51890563964844,178.57000732421875,168.77212524414062,300.6662902832031,378.7539978027344,91.2256851196289
2023-03-17,23.75,23.81119155883789,70.20211029052734,183.7700042724609,164.21669006347656,299.2453308105469,374.3253173828125,92.59487915039062
2023-03-20,24.170000076293945,23.900339126586918,70.21046447753906,183.83999633789065,166.3457489013672,300.3073425292969,377.92474365234375,91.78032684326172
2023-03-21,24.46999931335449,24.649173736572266,70.710693359375,180.3699951171875,169.4146728515625,304.5964050292969,382.8870544433594,90.99169158935548
2023-03-22,24.65999984741211,24.75615501403809,71.32766723632812,183.44000244140625,164.60984802246094,300.4544372558594,376.3601989746094,92.2049560546875
2023-03-23,24.959999084472656,25.01467704772949,71.58613586425781,185.7400054931641,163.87928771972656,304.0173034667969,377.377685546875,92.2049560546875
2023-03-24,24.84000015258789,24.78289222717285,71.19427490234375,183.6499938964844,165.3616485595703,305.13623046875,379.8540649414063,92.59487915039062
2023-03-27,24.979999542236328,24.979022979736328,70.89411926269531,181.9499969482422,167.20018005371094,303.045654296875,380.564208984375,90.41976928710938
2023-03-28,24.8700008392334,25.35343742370605,70.64398956298828,183.44000244140625,166.95953369140625,301.4359741210937,379.71002197265625,90.58444213867188
2023-03-29,24.920000076293945,25.603046417236328,70.98584747314453,182.52999877929688,168.8558349609375,306.932373046875,385.2290954589844,90.40243530273438
2023-03-30,25.1200008392334,25.67436408996582,71.4777603149414,184.17999267578125,168.62478637695312,309.83758544921875,387.4847412109375,90.81841278076172
2023-03-31,24.940000534057617,25.656538009643555,71.9363021850586,183.22000122070312,171.72427368164062,314.9903869628906,392.9461364746094,92.17894744873048
2023-04-03,24.770000457763672,25.09490966796875,72.20591735839844,184.5399932861328,171.80130004882812,314.22479248046875,394.4434509277344,92.61248779296876
2023-04-04,24.290000915527344,24.693750381469727,72.3063735961914,187.97999572753903,168.78846740722656,313.16473388671875,392.2550659179688,93.07292175292967
2023-04-05,24.40999984741211,24.56894302368164,72.15569305419922,187.8300018310547,167.1328125,310.0731811523437,391.2279968261719,94.04593658447266
2023-04-06,24.57999992370605,24.51545524597168,72.08031463623047,186.4900054931641,167.38304138183594,312.1636962890625,392.754150390625,94.2892074584961
2023-04-10,24.38999938964844,24.577857971191406,71.70354461669922,185.1100006103516,169.17347717285156,311.9869689941406,393.15728759765625,92.76886749267578
2023-04-11,24.68000030517578,25.02359390258789,71.77892303466797,186.27999877929688,170.511474609375,309.9848022460937,393.2628173828125,92.95999908447266
2023-04-12,24.90999984741211,25.35343742370605,71.98824310302734,187.19000244140625,169.26010131835938,307.24639892578125,391.6599426269531,92.86443328857422
2023-04-13,25.25,25.638708114624023,72.0635986328125,189.72000122070312,171.50289916992188,313.2629699707031,396.8622131347656,92.13463592529295
2023-04-14,25.13999938964844,26.07552528381348,71.91289520263672,186.3600006103516,169.905029296875,312.67413330078125,395.892822265625,91.29191589355467
2023-04-17,24.940000534057617,26.26273536682129,71.45236206054688,185.52999877929688,172.090087890625,312.9390563964844,397.3133850097656,90.2059097290039
2023-04-18,25.049999237060547,26.42320442199707,71.43563079833984,186.25,171.3585205078125,312.9587097167969,397.5724487304688,90.52738189697266
2023-04-19,24.88999938964844,26.02204132080078,71.09234619140625,185.3600006103516,171.5799102783203,312.8115234375,397.5052795410156,90.4404754638672
2023-04-20,24.61000061035156,26.02204132080078,71.00862121582031,186.08999633789065,170.6943359375,310.42645263671875,395.3360900878906,91.21372985839844
2023-04-21,24.43000030517578,24.56894302368164,71.0169906616211,184.25,170.9157257080078,310.7503356933594,395.6432495117188,90.70111846923828
2023-04-24,24.350000381469727,24.649173736572266,71.20955657958984,184.80999755859372,170.80023193359375,310.1025695800781,396.0559997558594,91.57861328125
2023-04-25,23.65999984741211,24.6402587890625,71.64494323730469,185.75,166.5841064453125,304.2529296875,389.7691040039063,92.92522430419922
2023-04-26,23.61000061035156,25.05925178527832,71.45236206054688,184.7400054931641,164.97659301757812,306.0980529785156,388.11810302734375,91.93480682373048
2023-04-27,23.82999992370605,25.39801025390625,71.46910858154297,184.75,167.18092346191406,314.4211120605469,395.84478759765625,91.02259063720705
2023-04-28,23.850000381469727,25.32668876647949,72.13056182861328,184.8000030517578,168.64405822753906,316.5902404785156,399.2234191894531,92.49085235595705
2023-05-01,24.1200008392334,25.09490966796875,71.41596221923828,183.97000122070312,168.74032592773438,316.2270812988281,398.8202819824219,89.82388305664062
2023-05-02,23.709999084472656,24.67591857910156,71.71863555908203,187.5200042724609,165.2750244140625,313.46905517578125,394.337890625,92.06233215332033
2023-05-03,23.57999992370605,25.085994720458984,71.94559478759766,189.1100006103516,165.8814697265625,311.41778564453125,391.6311340332031,92.57618713378906
2023-05-04,23.649999618530277,25.406930923461918,71.58411407470703,190.44000244140625,164.02365112304688,310.31854248046875,388.8572692871094,91.6616668701172
2023-05-05,23.90999984741211,26.004209518432617,71.785888671875,187.4600067138672,167.922119140625,316.9142150878906,396.0559997558594,91.35679626464844
2023-05-08,24.09000015258789,26.610410690307617,71.50005340576172,187.69000244140625,167.53707885742188,317.69927978515625,396.16156005859375,90.07647705078124
2023-05-09,24.030000686645508,26.58366584777832,71.46643829345703,189.0200042724609,167.03652954101562,315.687255859375,394.4242858886719,89.75422668457031
2023-05-10,23.6299991607666,26.65498352050781,71.8615493774414,188.75,167.8836212158203,319.1225280761719,396.2671813964844,90.6251983642578
2023-05-11,22.75,26.86893653869629,72.08853149414062,187.1300048828125,166.59375,320.1628723144531,395.5760192871094,91.58329010009766
2023-05-12,22.899999618530277,27.047229766845703,71.6345443725586,186.80999755859372,166.25686645507812,319.0144958496094,395.0578002929688,90.81681823730467
2023-05-15,23.0,27.038314819335938,71.32350158691406,187.2100067138672,168.2878875732422,320.741943359375,396.4207153320313,89.87616729736328
2023-05-16,22.5,26.53017807006836,71.04608154296875,184.8699951171875,165.8333282470703,321.1051025390625,393.7716064453125,89.60614013671875
2023-05-17,23.059999465942383,26.646068572998047,71.05451202392578,184.22999572753903,169.5296173095703,324.9917907714844,398.551513671875,89.3448715209961
2023-05-18,22.76000022888184,26.78870391845703,70.76866912841797,181.83999633789065,170.5595703125,331.0279541015625,402.3908996582031,88.68292236328125
2023-05-19,22.93000030517578,26.67281723022461,70.76023864746094,183.63999938964844,169.5199737548828,330.28204345703125,401.8053894042969,88.05584716796875
2023-05-22,22.649999618530277,26.646068572998047,70.75183868408203,183.2100067138672,171.58953857421875,331.3911437988281,401.968505859375,87.74227142333984
2023-05-23,22.399999618530277,26.67281723022461,70.83592987060547,183.42999267578125,170.78099060058594,327.1903686523437,397.4573974609375,87.99486541748047
2023-05-24,21.940000534057617,26.19141960144043,70.71822357177734,181.9499969482422,168.9713134765625,325.5119934082031,394.5777893066406,87.55936431884766
2023-05-25,22.15999984741211,25.95072555541992,70.53328704833984,180.1999969482422,167.65261840820312,333.4326477050781,397.9948425292969,87.34161376953125
2023-05-26,22.61000061035156,26.200334548950195,70.82750701904297,180.9199981689453,169.5584716796875,341.9520568847656,403.1491394042969,88.04711151123047
2023-05-30,22.559999465942383,26.013126373291016,71.36556243896484,182.0399932861328,168.93284606933594,343.5027160644531,403.302734375,88.92681121826172
2023-05-31,22.6200008392334,25.19297409057617,71.27306365966797,182.32000732421875,167.26756286621094,341.549560546875,401.0663757324219,89.70195770263672
2023-06-01,22.84000015258789,25.799171447753903,71.74835968017578,183.75999450683597,169.0771942138672,345.49517822265625,404.87689208984375,90.05392456054688
2023-06-02,22.979999542236328,26.441028594970703,71.63858032226562,181.0500030517578,175.20883178710938,348.0863037109375,410.7318115234375,89.06707763671875
2023-06-05,23.149999618530277,26.39645767211914,71.87496948242188,182.13999938964844,172.86013793945312,348.3316955566406,409.94482421875,88.90115356445312
2023-06-06,23.170000076293945,26.860021591186523,72.00160217285156,182.33999633789065,177.4131622314453,348.27276611328125,410.83740234375,89.42511749267578
2023-06-07,23.1299991607666,27.173492431640625,71.57949829101562,180.1499938964844,180.73263549804688,342.3642272949219,409.4168090820313,88.09772491455078
2023-06-08,23.299999237060547,27.20131492614746,71.98473358154297,182.52999877929688,180.05699157714844,346.6141052246094,411.8932189941406,89.12821197509766
2023-06-09,23.280000686645508,27.173492431640625,71.90030670166016,182.0399932861328,178.59945678710938,347.9391174316406,412.6322937011719,89.00594329833984
2023-06-12,23.1299991607666,26.515026092529297,72.29708862304688,181.8800048828125,179.3426971435547,353.8182373046875,416.3756408691406,89.2679443359375
2023-06-13,23.559999465942383,26.579938888549805,72.18732452392578,180.5399932861328,181.39865112304688,356.5369873046875,419.1207580566406,88.38592529296875
2023-06-14,23.690000534057617,26.81179618835449,72.33929443359375,180.63999938964844,179.4488525390625,359.1280822753906,419.619873046875,89.09326934814453
2023-06-15,23.96999931335449,27.09002494812012,72.71070861816406,181.91000366210935,180.9256896972656,363.407470703125,424.8221740722656,89.94910430908203
2023-06-16,23.8700008392334,27.210588455200195,72.42373657226562,181.6300048828125,179.47784423828125,361.1205749511719,423.3751525878906,89.59980010986328
2023-06-20,23.950000762939453,26.904542922973636,72.45748901367188,179.75,178.69598388671875,360.6035461425781,421.1786193847656,90.21983337402344
2023-06-21,23.96999931335449,27.015830993652344,72.83735656738281,179.49000549316406,178.28091430664062,355.6893310546875,419.0206298828125,90.43814849853516
2023-06-22,24.0,26.904542922973636,72.55876159667969,177.7100067138672,176.95852661132812,359.8861389160156,420.53314208984375,89.34651184082031
2023-06-23,23.540000915527344,26.505748748779297,72.6431884765625,178.1999969482422,174.29446411132812,356.3183898925781,417.3539123535156,90.23731994628906
2023-06-26,23.3799991607666,26.598493576049805,72.87114715576172,178.50999450683594,174.46820068359375,351.5417785644531,415.6487121582031,90.33336639404295
2023-06-27,23.3700008392334,26.75615119934082,72.87114715576172,177.69000244140625,176.98744201660156,357.5863037109375,420.2055969238281,90.0975570678711
2023-06-28,22.93000030517578,26.552120208740234,72.92179870605469,177.27999877929688,177.85618591308594,358.2840576171875,420.4175720214844,90.48181915283205
2023-06-29,22.75,26.77470016479492,72.53345489501953,177.08999633789062,179.90257263183594,357.5666198730469,422.0745849609375,88.84876251220703
2023-06-30,23.200000762939453,27.06220245361328,73.05685424804688,178.27000427246094,180.76158142089844,363.080322265625,427.0552978515625,89.89674377441406
2023-07-03,23.34000015258789,27.49808883666992,73.19756317138672,178.47000122070312,181.12838745117188,363.9354248046875,427.5467224121094,89.38710021972656
2023-07-05,23.170000076293945,27.702125549316406,72.82459259033203,177.83999633789062,179.32337951660156,363.9255981445313,426.9108581542969,88.53768920898438
2023-07-06,23.11000061035156,27.275508880615234,71.7820816040039,177.30999755859375,176.4276580810547,361.1539306640625,423.5677490234375,87.28551483154297
2023-07-07,23.309999465942383,27.80413818359375,71.69731903076172,178.63999938964844,178.2905731201172,359.9548645019531,422.4984436035156,86.7601318359375
2023-07-10,23.40999984741211,27.80413818359375,72.00244140625,178.77999877929688,181.3407287597656,360.07281494140625,423.5677490234375,86.87393188476562
2023-07-11,23.26000022888184,27.859786987304688,72.46015167236328,179.4499969482422,183.2036895751953,361.8518676757813,426.2653198242188,87.32054901123047
2023-07-12,23.770000457763672,28.36986923217773,73.32469177246094,181.8800048828125,185.20169067382807,366.4219970703125,429.6949768066406,88.29252624511719
2023-07-13,24.36000061035156,28.388416290283203,74.12141418457031,182.00999450683597,186.6978302001953,372.6433410644531,433.1054992675781,89.22071838378906
2023-07-14,24.200000762939453,28.49970817565918,73.68917083740234,181.42999267578125,184.87353515625,372.5647277832031,432.835693359375,88.69532012939453
2023-07-17,23.709999084472656,28.573904037475582,73.79936218261719,181.55999755859372,186.852294921875,376.04400634765625,434.3386535644531,88.73909759521484
2023-07-18,23.649999618530277,29.02833747863769,74.1637954711914,183.63999938964844,189.15921020507807,379.1202697753906,437.5660400390625,89.14191436767578
2023-07-19,23.549999237060547,29.64971160888672,73.96038818359375,183.6699981689453,189.96038818359372,379.03173828125,438.53900146484375,90.14888763427734
2023-07-20,23.649999618530277,29.399309158325195,73.51118469238281,182.7400054931641,188.3001708984375,370.29437255859375,435.6295471191406,89.0543212890625
2023-07-21,23.559999465942383,28.79648208618164,73.74002075195312,182.17999267578125,187.70169067382807,369.1837768554688,435.6295471191406,89.08058166503906
2023-07-24,23.76000022888184,28.91704750061035,73.88407897949219,181.3999938964844,188.1650238037109,369.7734069824219,437.5756530761719,88.75662231445312
2023-07-25,24.270000457763672,29.26019287109375,73.79084014892578,182.41000366210935,188.1457061767578,372.2796936035156,438.7702941894531,88.5902099609375
2023-07-26,24.170000076293945,29.26019287109375,74.0281753540039,183.3000030517578,189.63221740722656,371.0412902832031,438.8377075195313,88.67778778076172
2023-07-27,23.76000022888184,28.731563568115234,73.32469177246094,180.4199981689453,187.18048095703125,370.1567993164063,435.9282836914063,86.95276641845703
2023-07-28,24.32999992370605,28.805757522583008,74.21465301513672,181.8600006103516,189.60324096679688,376.8990478515625,440.1961364746094,87.39933776855469
2023-07-31,24.81999969482422,28.7130126953125,74.31636810302734,182.3500061035156,191.80401611328125,377.0955810546875,441.0342102050781,87.6095199584961
2023-08-01,24.200000762939453,28.675920486450195,73.57432556152344,180.4600067138672,190.9256134033203,376.2208251953125,439.7721252441406,86.17385864257812
2023-08-02,23.76000022888184,27.92470359802246,73.04672241210938,179.60000610351562,188.3291473388672,367.9650573730469,433.6546325683594,85.25186157226562
2023-08-03,24.100000381469727,27.6464786529541,72.42554473876953,179.5399932861328,187.79823303222656,367.3753051757813,432.4118041992188,83.28498840332031
2023-08-04,23.88999938964844,27.6186580657959,73.38711547851562,180.19000244140625,187.4217834472656,365.6553955078125,430.45611572265625,84.76011657714844
2023-08-07,23.790000915527344,27.58156013488769,73.14884948730469,179.77999877929688,187.54725646972656,368.7513122558594,434.21331787109375,83.9260025024414
2023-08-08,23.3799991607666,27.14566993713379,73.33605194091797,178.63999938964844,186.36965942382807,365.6160583496094,432.32513427734375,84.90065002441406
2023-08-09,23.450000762939453,27.49808883666992,73.4892349243164,177.7899932861328,184.91217041015625,361.5962219238281,429.4349365234375,85.33969116210938
2023-08-10,23.270000457763672,27.757768630981445,73.20840454101562,177.60000610351562,184.09169006347656,362.2645568847656,429.5890502929688,83.93475341796875
2023-08-11,23.07999992370605,27.34970474243164,73.03822326660156,177.60000610351562,184.3523101806641,359.9548645019531,429.3385620117188,83.74160766601562
2023-08-14,23.07999992370605,27.080751419067383,72.4510498046875,177.05999755859375,184.03375244140625,363.9943542480469,431.7085876464844,83.55720520019531
2023-08-15,22.709999084472656,26.85816764831543,71.83834838867188,176.58999633789062,181.6013641357422,360.1318664550781,426.6795959472656,83.04793548583984
2023-08-16,22.649999618530277,26.57066535949707,71.70220184326172,175.57000732421875,179.38128662109375,356.3183898925781,423.5485534667969,82.39814758300781
2023-08-17,22.850000381469727,26.329538345336918,71.64266204833984,175.3000030517578,177.2673797607422,352.4263610839844,420.3211669921875,82.04692077636719
2023-08-18,22.979999542236328,26.227521896362305,71.62564849853516,175.3300018310547,178.23263549804688,351.9841003417969,420.5234680175781,82.33667755126953
2023-08-21,23.100000381469727,26.255342483520508,71.26820373535156,175.80999755859375,177.9720458984375,357.655029296875,423.259521484375,81.23909759521484
2023-08-22,23.309999465942383,26.440828323364254,71.46392822265625,176.10000610351562,177.44117736816406,357.1439819335937,422.1131286621094,81.8625259399414
2023-08-23,23.540000915527344,27.00655746459961,72.61274719238281,177.88999938964844,179.3330535888672,362.7756042480469,426.8144836425781,83.89088439941406
2023-08-24,23.270000457763672,26.74688148498535,72.1191635131836,177.85000610351562,176.8523406982422,355.02105712890625,420.8992614746094,83.33769226074219
2023-08-25,23.239999771118164,26.64486312866211,72.22978210449219,177.6199951171875,177.60523986816406,357.77301025390625,423.866455078125,83.6098861694336
2023-08-28,23.399999618530277,26.33881187438965,72.45957946777344,178.1300048828125,179.18821716308594,360.4659729003906,426.5543823242188,83.69769287109375
2023-08-29,23.649999618530277,26.236799240112305,73.20840454101562,179.8699951171875,181.688232421875,368.3384704589844,432.7201232910156,84.56697082519531
2023-08-30,23.649999618530277,26.28316879272461,73.01268005371094,180.32000732421875,182.37355041503903,370.392578125,434.50238037109375,84.47916412353516
2023-08-31,23.540000915527344,26.1440544128418,72.9446029663086,180.02000427246094,182.05502319335935,371.5032653808594,433.8666076660156,84.85674285888672
2023-09-01,23.709999084472656,26.39445686340332,72.76431274414062,180.11000061035156,184.2171630859375,371.1101684570313,434.67578125,83.5348129272461
2023-09-05,23.6200008392334,25.272274017333984,72.05504608154297,178.63999938964844,180.3368988037109,371.5819091796875,432.7971496582031,82.36347961425781
2023-09-06,23.34000015258789,25.39283943176269,71.9439697265625,177.8300018310547,179.6612091064453,368.30902099609375,429.8876953125,82.56605529785156
2023-09-07,23.209999084472656,24.892032623291016,72.3284683227539,178.02000427246094,177.92376708984375,365.6750183105469,428.5679321289063,82.7950210571289
2023-09-08,22.8700008392334,24.52106475830078,72.38827514648438,178.0800018310547,177.5280303955078,366.1860961914063,429.2133483886719,83.11209869384766
2023-09-11,23.43000030517578,24.650901794433597,72.27721405029297,178.41000366210938,177.9527130126953,370.5007629394531,432.0361633300781,82.51319122314453
2023-09-12,23.3700008392334,24.63235282897949,72.3284683227539,177.49000549316406,177.7790069580078,366.3924865722656,429.6661376953125,82.98878479003906
2023-09-13,23.350000381469727,25.086790084838867,72.37120056152344,177.0800018310547,176.61105346679688,367.7880859375,430.1671447753906,82.97114562988281
2023-09-14,23.530000686645508,25.179533004760746,72.39684295654297,177.1699981689453,179.1013641357422,370.795654296875,433.876220703125,82.3722915649414
2023-09-15,23.440000534057617,25.263002395629883,72.1575927734375,178.33999633789062,177.22877502441406,364.4465026855469,428.6487426757813,81.87025451660156
2023-09-18,23.32999992370605,24.98477554321289,72.2002944946289,179.38999938964844,176.0511932373047,364.826416015625,428.9000854492188,82.3370590209961
2023-09-19,23.1299991607666,25.086790084838867,72.11485290527344,179.22000122070312,175.3658905029297,364.0488586425781,428.0106201171875,81.7293472290039
2023-09-20,23.040000915527344,25.114612579345703,72.05504608154297,179.35000610351562,173.6090850830078,358.8027038574219,424.0758056640625,81.98479461669922
2023-09-21,22.82999992370605,24.502513885498047,71.32866668701172,178.0500030517578,170.91610717773438,352.2278137207031,417.0664367675781,79.87989044189453
2023-09-22,22.84000015258789,24.24283599853516,71.61920166015625,178.6199951171875,170.52996826171875,352.2771301269531,416.1287231445313,80.52281951904297
2023-09-25,22.729999542236328,23.983156204223636,71.20906829833984,177.6999969482422,171.29254150390625,353.9503173828125,417.878662109375,78.54122161865234
2023-09-26,22.540000915527344,23.844043731689453,70.73904418945312,176.27999877929688,169.09014892578125,348.6352844238281,411.7394409179688,78.26820373535156
2023-09-27,22.5,23.491622924804688,70.43138885498047,174.10000610351562,170.6708984375,349.4522705078125,411.90380859375,77.86308288574219
2023-09-28,22.90999984741211,23.95533561706543,70.59375762939453,173.22999572753906,172.21282958984375,352.37548828125,414.2917785644531,78.10086822509766
2023-09-29,23.020000457763672,24.289209365844727,70.51685333251953,171.4499969482422,171.39825439453125,352.6313781738281,413.2862548828125,78.10967254638672
2023-10-02,22.530000686645508,23.463802337646484,69.74703979492188,169.64999389648438,168.80892944335938,355.5743408203125,413.1219482421875,76.8021011352539
2023-10-03,22.399999618530277,23.11137962341309,68.96607208251953,169.16000366210938,165.96749877929688,349.3341369628906,407.5918273925781,75.14997100830078
2023-10-04,22.190000534057617,23.092832565307617,69.29219055175781,169.13999938964844,166.0450897216797,354.088134765625,410.5599365234375,76.21016693115234
2023-10-05,22.059999465942383,22.749685287475582,69.26644134521484,168.8300018310547,166.171142578125,353.0447692871094,410.4051818847656,75.83026123046875
2023-10-06,22.450000762939453,22.8887996673584,69.29219055175781,169.6999969482422,167.77125549316406,358.9602355957031,415.2779846191406,74.91142272949219
2023-10-09,22.670000076293945,22.684762954711918,69.6354751586914,172.82000732421875,168.74102783203125,360.7909851074219,417.9366149902344,76.66958618164062
2023-10-10,22.440000534057617,23.361785888671875,69.74703979492188,172.52999877929688,170.6514892578125,362.7889709472656,420.1119384765625,76.56356048583984
2023-10-11,22.34000015258789,23.491622924804688,70.31346130371094,173.7899932861328,170.36058044433594,365.3775634765625,421.8328247070313,78.16267395019531
2023-10-12,22.229999542236328,23.17630195617676,69.57539367675781,173.25999450683594,166.51058959960938,364.1079406738281,419.2611389160156,76.04228210449219
2023-10-13,22.13999938964844,23.120655059814453,69.77278900146484,178.8300018310547,165.12376403808594,359.5310974121094,417.1728820800781,77.40290069580078
2023-10-16,22.190000534057617,23.20412254333496,69.695556640625,177.9600067138672,167.7907257080078,363.5960388183594,421.5621337890625,76.15715789794922
2023-10-17,22.200000762939453,23.630735397338867,69.36084747314453,178.2899932861328,169.66232299804688,362.4050903320313,421.5427551269531,75.31783294677734
2023-10-18,22.21999931335449,23.07428359985352,68.91455841064453,180.8699951171875,166.171142578125,357.6511535644531,415.9256896972656,74.65521240234375
2023-10-19,22.32999992370605,22.59202003479004,68.4082260131836,183.08999633789065,163.5236358642578,354.3046569824219,412.2711791992188,73.12675476074219
2023-10-20,22.07999992370605,22.239601135253903,68.78583526611328,183.58999633789065,161.4095458984375,349.0191650390625,407.20513916015625,73.54199981689453
2023-10-23,22.290000915527344,22.06339263916016,69.18060302734375,182.97000122070312,160.0421600341797,350.07232666015625,406.4993591308594,74.42549133300781
2023-10-24,22.59000015258789,22.397266387939453,69.72987365722656,182.9499969482422,161.4386444091797,353.477783203125,409.5641784667969,75.40618133544922
2023-10-25,22.31999969482422,22.248876571655277,69.20634460449219,183.72000122070312,158.7717742919922,344.82623291015625,403.68603515625,73.7275390625
2023-10-26,22.3700008392334,22.285972595214844,69.48098754882812,184.00999450683597,159.17906188964844,338.2513732910156,398.85198974609375,74.8584213256836
2023-10-27,22.65999984741211,22.527103424072266,69.51532745361328,186.1499938964844,157.3074188232422,339.8753967285156,397.0441589355469,74.54033660888672
2023-10-30,22.76000022888184,22.34161949157715,69.695556640625,185.1000061035156,158.18017578125,343.70416259765625,401.7911071777344,74.20464324951172
2023-10-31,22.700000762939453,22.462182998657227,69.67838287353516,184.08999633789065,159.5475616455078,345.3477783203125,404.3144836425781,73.84242248535156
2023-11-01,22.799999237060547,22.66621971130371,70.59386444091797,183.50999450683597,160.45916748046875,351.3420104980469,408.6263732910156,75.44346618652344
2023-11-02,22.950000762939453,22.86097717285156,71.30076599121094,184.1199951171875,164.73587036132812,357.7200622558594,416.4573974609375,77.16334533691406
2023-11-03,22.850000381469727,23.89969062805176,71.99903106689453,184.7899932861328,169.2162322998047,361.92279052734375,420.2569885253906,77.68638610839844
2023-11-06,23.13999938964844,23.519445419311523,71.40422821044922,183.3500061035156,167.10211181640625,363.3992614746094,421.22369384765625,76.93284606933594
2023-11-07,22.950000762939453,23.686384201049805,71.6456069946289,182.58999633789065,166.51058959960938,366.8343505859375,422.4225769042969,78.06758117675781
2023-11-08,22.649999618530277,23.20412254333496,71.78352355957031,180.7700042724609,164.73587036132812,367.0704650878906,422.73193359375,79.3973617553711
2023-11-09,22.6299991607666,22.721864700317383,71.05078887939453,181.4900054931641,162.18539428710938,364.2456970214844,419.4351196289063,77.5711441040039
2023-11-10,22.450000762939453,22.8887996673584,71.36111450195312,179.50999450683594,163.9988555908203,372.4347839355469,425.9803161621094,78.00553894042969
2023-11-13,22.82999992370605,22.9073486328125,70.98181915283203,180.50999450683597,164.05702209472656,371.2733154296875,425.5743103027344,77.82820129394531
2023-11-14,22.940000534057617,23.91823959350586,72.21455383300781,182.1199951171875,173.06626892089844,379.2655029296875,433.8307495117188,79.59239959716797
2023-11-15,23.1299991607666,24.21501350402832,71.76627349853516,181.63999938964844,173.3668670654297,379.5509033203125,434.7491455078125,78.47538757324219
2023-11-16,23.0,23.97388458251953,72.36109924316406,183.69000244140625,170.56422424316406,379.8758239746094,435.2809448242188,79.45056915283203
2023-11-17,23.290000915527344,24.150094985961918,72.59381866455078,183.6699981689453,172.9013671875,379.96435546875,435.8223876953125,79.82292175292969
2023-11-20,23.690000534057617,24.669448852539062,73.05073547363281,183.3699951171875,173.90997314453125,384.5904235839844,439.1771545410156,80.31048583984375
2023-11-21,23.729999542236328,24.84566116333008,73.05073547363281,185.3500061035156,171.66978454589844,382.3561096191406,438.219970703125,80.27503967285156
2023-11-22,23.549999237060547,24.6879997253418,73.4128189086914,184.55999755859372,172.7462615966797,383.9210815429688,439.9118957519531,80.55872344970703
2023-11-24,23.729999542236328,24.650901794433597,73.2662582397461,185.5200042724609,173.90997314453125,383.3797302246094,440.18255615234375,79.61012268066406
2023-11-27,23.530000686645508,24.502513885498047,73.585205078125,186.7700042724609,173.3280487060547,383.0451354980469,439.3898620605469,80.93993377685547
2023-11-28,23.799999237060547,24.725095748901367,73.96454620361328,189.25999450683597,172.658935546875,384.049072265625,439.8248596191406,81.0994873046875
2023-11-29,23.700000762939453,24.715818405151367,74.55073547363281,189.5399932861328,173.57054138183594,383.6750183105469,439.5155029296875,82.11901092529297
2023-11-30,23.799999237060547,24.91985321044922,74.02488708496094,188.75,174.23001098632812,382.71038818359375,441.24609375,81.1704330444336
2023-12-01,24.239999771118164,25.689617156982425,75.1602783203125,192.00999450683597,179.32131958007812,383.802978515625,443.8564147949219,82.69918823242188
2023-12-04,23.690000534057617,24.90130424499512,74.64104461669922,187.8600006103516,181.24148559570312,380.2399291992188,441.5264587402344,82.3701400756836
2023-12-05,23.399999618530277,24.91058158874512,75.0737533569336,187.1499938964844,178.8170166015625,381.1946716308594,441.4394226074219,84.13990020751953
2023-12-06,23.07999992370605,25.012598037719727,75.48912048339844,187.83999633789065,178.49697875976562,378.9898986816406,439.6605529785156,85.26049041748047
2023-12-07,23.459999084472656,25.374292373657227,75.4112548828125,188.1499938964844,179.78680419921875,384.2852783203125,443.0153198242188,84.77135467529297
2023-12-08,23.729999542236328,25.36501693725586,75.1516342163086,185.63999938964844,181.15419006347656,385.9978637695313,444.919921875,84.0776596069336
2023-12-11,23.420000076293945,24.771465301513672,75.03047943115234,183.58999633789065,181.5323944091797,389.2951965332031,446.65045166015625,83.8998031616211
2023-12-12,23.43000030517578,25.012598037719727,75.1862564086914,183.4900054931641,181.3481292724609,392.39556884765625,448.6903991699219,84.1488037109375
2023-12-13,23.700000762939453,26.02348899841309,76.43242645263672,187.6300048828125,187.48683166503903,397.3857421875,454.8778991699219,86.12311553955078
2023-12-14,23.96999931335449,26.49647331237793,77.2266845703125,188.72999572753903,192.7042388916016,397.041259765625,456.3377075195313,88.36344909667969
2023-12-15,23.950000762939453,26.505748748779297,77.12239074707031,187.0,191.08465576171875,398.9606018066406,455.5863952636719,88.46160888671875
2023-12-18,23.84000015258789,25.82872772216797,77.1397705078125,187.8500061035156,191.15257263183597,401.4734497070313,458.149169921875,87.75676727294922
2023-12-19,24.18000030517578,26.162601470947266,77.33094787597656,189.1300048828125,194.8571319580078,403.5248718261719,460.9350280761719,88.2296371459961
2023-12-20,23.959999084472656,25.55225944519043,77.33964538574219,188.1000061035156,191.0455474853516,397.5285339355469,454.54779052734375,88.82740020751953
2023-12-21,24.25,25.822900772094727,77.47868347167969,189.42999267578125,194.2964630126953,402.1540222167969,458.8577270507813,88.26528930664062
2023-12-22,24.09000015258789,25.69224739074707,77.37442016601562,190.2700042724609,196.1068572998047,402.7555847167969,459.7799377441406,87.86380767822266
2023-12-26,24.190000534057617,25.98155212402344,77.6524887084961,191.72000122070312,198.656982421875,405.2211608886719,461.7214050292969,88.11360931396484
2023-12-27,24.530000686645508,25.98155212402344,77.93054962158203,192.58999633789065,199.35780334472656,406.0461120605469,462.5561828613281,89.67499542236328
2023-12-28,24.209999084472656,26.205530166625977,77.71329498291016,191.47000122070312,198.5985870361328,405.8487243652344,462.73089599609375,89.02367401123047
2023-12-29,24.13999938964844,26.32685089111328,77.39178466796875,191.1699981689453,195.35743713378903,404.0923461914063,461.3912963867188,88.220703125
2024-01-02,23.950000762939453,26.0468807220459,76.6270980834961,190.72000122070312,194.19915771484372,397.2541809082031,458.8092041015625,87.71215057373047
2024-01-03,23.959999084472656,25.794902801513672,76.33160400390625,189.1300048828125,189.02101135253903,393.0506286621094,455.0622253417969,88.07794189453125
2024-01-04,23.899999618530277,25.25362205505371,75.98403930664062,189.32000732421875,188.6511383056641,391.0278625488281,453.5964660644531,86.73963165283203
2024-01-05,23.649999618530277,25.234956741333008,75.7494125366211,189.3500061035156,188.09634399414065,391.4915771484375,454.2177734375,85.90990447998047
2024-01-08,23.75,24.917654037475582,75.8449935913086,187.8699951171875,191.4835357666016,399.5828857421875,460.70208740234375,86.75747680664062
2024-01-09,23.34000015258789,24.703004837036133,75.5495376586914,187.92999267578125,189.7704925537109,400.3722839355469,460.0032043457031,86.20433807373047
2024-01-10,23.549999237060547,24.488359451293945,76.08829498291016,187.5,189.8775329589844,403.08587646484375,462.6046752929688,85.8028335571289
2024-01-11,23.520000457763672,24.45103073120117,76.7748031616211,187.8699951171875,188.3883514404297,403.9246215820313,462.4008483886719,86.28461456298828
2024-01-12,23.25,24.329708099365234,76.9138412475586,189.7100067138672,188.0768585205078,404.1318359375,462.72119140625,86.11509704589844
2024-01-16,23.399999618530277,23.965744018554688,76.2012710571289,187.91000366210935,185.7506256103516,404.0923461914063,461.0224304199219,84.5983657836914
2024-01-17,23.26000022888184,23.648439407348636,75.91453552246094,185.83999633789065,184.4268951416016,401.81298828125,458.459716796875,84.46453857421875
2024-01-18,23.40999984741211,23.629770278930664,75.99272155761719,187.3699951171875,185.51702880859372,407.5163269042969,462.5367736816406,83.67940521240234
2024-01-19,23.61000061035156,23.937742233276367,76.02747344970703,187.92999267578125,187.29823303222656,415.5978088378906,468.3028564453125,83.9470443725586
2024-01-22,23.309999465942383,24.17105484008789,76.07964324951172,187.22000122070312,191.2986297607422,416.14056396484375,469.2929992675781,84.44668579101562
2024-01-23,23.700000762939453,24.199052810668945,75.68858337402344,187.9499969482422,190.7438201904297,417.8673095703125,470.66162109375,83.77753448486328
2024-01-24,24.100000381469727,24.376371383666992,75.48001098632812,186.3999938964844,189.1767425537109,420.1861877441406,471.1761169433594,83.2868423461914
2024-01-25,24.059999465942383,24.357704162597656,76.018798828125,187.13999938964844,190.7438201904297,420.6992492675781,473.7388000488281,83.8310775756836
2024-01-26,24.020000457763672,24.199052810668945,76.13175964355469,187.00999450683597,190.7535400390625,418.1929016113281,473.1370544433594,83.67047119140625
2024-01-29,24.13999938964844,24.115062713623047,76.41851806640625,188.3300018310547,194.0920867919922,422.4754333496094,476.8839111328125,84.63406372070312
2024-01-30,24.3700008392334,23.84441947937012,76.59232330322266,188.58999633789065,192.4373779296875,419.6632080078125,476.5151062011719,85.4013671875
2024-01-31,24.190000534057617,23.732431411743164,76.45330047607422,188.4499969482422,187.73622131347656,411.4435729980469,468.73968505859375,86.24002838134766
2024-02-01,23.950000762939453,23.909748077392575,77.09638977050781,190.41000366210935,190.22796630859372,416.28851318359375,474.8745727539063,87.93170166015625
2024-02-02,23.790000915527344,23.424463272094727,76.47684478759766,188.6100006103516,189.2254180908203,423.3240051269531,479.8738098144531,85.9893798828125
2024-02-05,23.5,23.209815979003903,75.83110046386719,187.57000732421875,186.82131958007807,422.771484375,478.1264953613281,84.2529525756836
2024-02-06,23.57999992370605,23.396465301513672,76.52050018310547,188.5500030517578,188.5051422119141,421.9228515625,479.5146179199219,85.07643127441406
2024-02-07,23.290000915527344,23.26580810546875,76.41577911376953,188.5,188.06716918945312,426.2645263671875,483.513916015625,84.66468811035156
2024-02-08,23.100000381469727,23.04183006286621,76.3198013305664,188.3300018310547,190.9189910888672,427.053955078125,483.72747802734375,84.17241668701172
2024-02-09,22.950000762939453,23.06049346923828,76.34595489501953,187.6000061035156,194.02394104003903,431.2575073242188,486.523193359375,84.0023193359375
2024-02-12,23.170000076293945,23.24714469909668,76.41577911376953,187.1100006103516,197.54739379882807,429.5701599121094,486.3096618652344,84.10079956054688
2024-02-13,23.06999969482422,22.855180740356445,75.47331237792969,184.52999877929688,189.4200897216797,422.8700866699219,479.6116638183594,82.65972137451172
2024-02-14,23.030000686645508,23.424463272094727,75.98818969726562,184.4199981689453,193.81956481933597,427.4782409667969,483.9701843261719,83.08045196533203
2024-02-15,23.3799991607666,23.573780059814453,76.60772705078125,185.66000366210935,198.9879150390625,428.7511596679688,487.3094787597656,83.51007080078125
2024-02-16,23.84000015258789,23.87241744995117,76.08416748046875,186.33999633789065,196.28207397460935,424.8633728027344,484.8826293945313,83.0267105102539
2024-02-20,24.040000915527344,24.245716094970703,76.07545471191406,187.47000122070312,193.5762176513672,421.6564331054688,482.2131958007813,83.09830474853516
2024-02-21,24.13999938964844,23.87241744995117,76.01435852050781,187.47999572753903,192.66128540039065,419.9690856933594,482.6500244140625,82.507568359375
2024-02-22,24.309999465942383,23.527114868164062,76.49431610107422,187.55999755859372,194.12127685546875,432.2639770507813,492.6387023925781,82.91034698486328
2024-02-23,24.1299991607666,23.452455520629883,76.9218978881836,188.6199951171875,194.5592498779297,430.9910278320313,492.9784240722656,84.02024841308594
2024-02-26,23.81999969482422,23.209815979003903,76.70372009277344,188.1999969482422,195.78565979003903,430.7640686035156,491.1729431152344,83.76962280273438
2024-02-27,23.979999542236328,23.788423538208008,76.63390350341797,188.0,198.5596466064453,431.80023193359375,492.08538818359375,83.17887878417969
2024-02-28,23.8700008392334,24.0404052734375,76.79100036621094,188.33999633789065,196.92449951171875,429.50103759765625,491.4349670410156,83.70698547363281
2024-02-29,23.88999938964844,24.57235145568848,77.05278015136719,189.30999755859372,198.296875,433.181640625,493.2016906738281,84.29771423339844
2024-03-01,24.01000022888184,24.71233940124512,77.50503540039062,192.88999938964844,200.39926147460935,439.7039794921875,497.83197021484375,84.82298278808594
2024-03-04,24.020000457763672,23.891084671020508,77.43489837646484,196.00999450683597,200.21432495117188,438.1350708007813,497.2981262207031,84.48178100585938
2024-03-05,23.93000030517578,23.452455520629883,77.6014404296875,197.19000244140625,198.296875,430.2706909179688,492.3280334472656,85.6849365234375
2024-03-06,24.06999969482422,23.685766220092773,77.89067840576172,198.80999755859372,199.7763214111328,432.9744262695313,494.8227844238281,86.18777465820312
2024-03-07,24.450000762939453,23.94707679748535,78.10102844238281,199.94000244140625,201.44073486328125,439.546142578125,499.734619140625,86.1069564819336
2024-03-08,24.25,24.20838737487793,78.18865966796875,201.6300048828125,201.31423950195312,433.2013244628906,496.735107421875,85.95429992675781
2024-03-11,24.489999771118164,24.41370010375977,78.06597137451172,202.0,199.7179412841797,431.5929565429688,496.30804443359375,85.90940856933594
2024-03-12,24.51000022888184,24.94565200805664,77.96078491210938,199.7899932861328,199.4454040527344,437.7799072265625,501.6469421386719,85.19110870361328
2024-03-13,25.26000022888184,25.318946838378903,78.0396728515625,201.19000244140625,200.22406005859372,434.4150695800781,500.8606567382813,84.77809143066406
2024-03-14,25.209999084472656,25.309614181518555,77.64527893066406,200.3500061035156,196.6422119140625,433.31982421875,499.8705749511719,83.47615814208984
2024-03-15,25.709999084472656,25.374940872192383,77.39986419677734,199.7100067138672,197.01206970214844,428.1689758300781,496.4381408691406,83.44921875
2024-03-18,25.76000022888184,25.094970703125,77.44367980957031,200.02999877929688,195.88299560546875,432.2525939941406,499.3884887695313,83.19783020019531
2024-03-19,25.31999969482422,24.507022857666016,77.80302429199219,199.8000030517578,196.7103576660156,433.32958984375,502.1636962890625,83.43124389648438
2024-03-20,25.530000686645508,24.926984786987305,78.17113494873047,202.17999267578125,200.6036529541016,438.4674072265625,506.808349609375,83.40433502197266
2024-03-21,25.399999618530277,24.68434333801269,78.44283294677734,201.97000122070312,202.9085235595703,440.5423278808594,508.4831848144531,83.58390808105469
2024-03-22,24.979999542236328,24.46036148071289,78.6970443725586,200.3500061035156,200.10797119140625,441.0462341308594,507.5192260742188,84.38301086425781
2024-03-25,25.1299991607666,24.39503288269043,78.63567352294922,200.9900054931641,200.56658935546875,439.4455871582031,506.1170349121094,83.96099090576172
2024-03-26,25.020000457763672,24.30171203613281,78.62690734863281,201.63999938964844,200.2055511474609,438.0228271484375,505.1821899414063,84.19447326660156
2024-03-27,25.049999237060547,24.68434333801269,78.95117950439453,203.1000061035156,204.56735229492188,439.51470947265625,509.427734375,85.02947998046875
2024-03-28,25.1200008392334,24.79633140563965,78.59182739257812,205.72000122070312,205.21142578125,438.7046203613281,509.3304138183594,84.95764923095703
2024-04-01,25.38999938964844,24.66567611694336,78.25390625,207.82000732421875,203.27932739257807,439.6332702636719,508.4442443847656,83.37397003173828
2024-04-02,25.530000686645508,24.79633140563965,78.28909301757812,210.88999938964844,199.54200744628903,435.8392333984375,505.2115173339844,82.91451263427734
2024-04-03,26.350000381469727,25.384275436401367,78.45631408691406,212.7400054931641,200.84957885742188,436.8173828125,505.7664794921875,82.89649963378906
2024-04-04,26.26000022888184,25.598920822143555,78.42111206054688,211.5200042724609,198.8394317626953,430.1381530761719,499.5930480957031,83.49105834960938
2024-04-05,26.540000915527344,25.449602127075195,78.54430389404297,215.13999938964844,199.50296020507807,435.2068481445313,504.8121643066406,82.3289794921875
2024-04-08,26.8799991607666,25.61758804321289,78.57071685791016,216.47999572753903,200.5958709716797,435.3352966308594,505.0945434570313,82.3199691772461
2024-04-09,26.8799991607666,26.056211471557617,79.0987548828125,217.6699981689453,201.3862762451172,436.9458618164063,505.6788635253906,83.08567810058594
2024-04-10,26.739999771118164,25.738910675048828,77.84906768798828,215.6100006103516,196.06814575195312,433.1319580078125,500.615478515625,81.27498626708984
2024-04-11,26.670000076293945,25.84156608581543,77.62025451660156,219.8000030517578,197.3952178955078,440.04827880859375,504.39349365234375,80.90560913085938
2024-04-12,26.709999084472656,24.96431541442871,77.4002456665039,216.88999938964844,193.88233947753903,433.033203125,497.4313659667969,81.33802032470703
2024-04-15,27.350000381469727,24.44169807434082,76.50260162353516,220.9499969482422,191.04275512695312,425.90924072265625,491.1994934082031,80.07685089111328
2024-04-16,26.90999984741211,23.99374008178711,76.26500701904297,221.22000122070312,190.3401641845703,425.9488220214844,490.30364990234375,79.54533386230469
2024-04-17,27.190000534057617,24.16172218322754,76.86341857910156,219.58999633789065,188.3300323486328,420.751708984375,487.4018859863281,80.42816925048828
2024-04-18,27.780000686645508,24.516357421875,76.80181121826172,220.33999633789065,188.1739044189453,418.3507385253906,486.3989562988281,80.02277374267578
2024-04-19,28.100000381469727,24.497692108154297,77.02181243896484,221.02999877929688,188.46664428710935,409.6954345703125,482.1534729003906,80.31105041503906
2024-04-22,28.11000061035156,24.488359451293945,77.43545532226562,215.57000732421875,190.5743865966797,413.8155517578125,486.5937194824219,80.1759262084961
2024-04-23,27.670000076293945,24.79633140563965,77.5410385131836,215.0399932861328,193.7652587890625,419.9908752441406,492.3678894042969,80.20294952392578
2024-04-24,27.93000030517578,24.581684112548828,76.98661804199219,214.63999938964844,192.8967742919922,421.4136962890625,492.13427734375,79.63540649414062
2024-04-25,28.3700008392334,24.544353485107425,76.76661682128906,215.9199981689453,191.72581481933597,419.3782653808594,490.2646484375,79.0768814086914
2024-04-26,28.549999237060547,24.72167205810547,77.10104370117188,216.6199951171875,193.5603485107422,425.8500061035156,494.9093933105469,79.49125671386719
2024-04-29,29.09000015258789,25.46826934814453,77.47946166992188,216.17999267578125,195.1216278076172,427.5791320800781,496.662109375,80.15792846679688
2024-04-30,28.309999465942383,24.917654037475582,76.69620513916016,211.8699951171875,191.15985107421875,419.5165710449219,488.79437255859375,79.47327423095703
2024-05-01,28.3799991607666,24.79633140563965,77.01522064208984,213.7899932861328,191.55992126464844,416.4832458496094,487.2071228027344,80.05906677246094
2024-05-02,28.0,25.1976261138916,77.64266967773438,213.1300048828125,195.0825958251953,421.7989807128906,491.7641906738281,80.40259552001953
2024-05-03,28.3700008392334,25.69224739074707,78.2789535522461,212.9600067138672,197.01466369628903,430.2764892578125,497.85980224609375,81.21619415283203
2024-05-06,28.700000762939453,25.76690673828125,78.49986267089844,215.1999969482422,199.5615081787109,434.9894714355469,503.0010681152344,81.5325927734375
2024-05-07,28.61000061035156,25.822900772094727,78.56172943115234,214.2100067138672,200.0103759765625,435.05865478515625,503.55615234375,82.02980041503906
2024-05-08,28.34000015258789,25.84156608581543,78.27008056640625,213.5800018310547,198.8491668701172,434.8017578125,503.604736328125,81.5325927734375
2024-05-09,28.56999969482422,26.28019142150879,78.53520202636719,216.9499969482422,200.8788604736328,435.7502136230469,506.5065002441406,81.93036651611328
2024-05-10,28.809999465942383,26.24285888671875,78.34963989257812,218.7100067138672,199.3663787841797,436.7779235839844,507.1589660644531,81.46931457519531
2024-05-13,29.520000457763672,26.50417137145996,78.42915344238281,216.25999450683597,199.7859649658203,437.78564453125,507.2270812988281,81.67725372314453
2024-05-14,29.68000030517578,26.905466079711918,78.60590362548828,218.08999633789065,201.8546600341797,440.6015930175781,509.5543212890625,82.1382827758789
2024-05-15,30.11000061035156,27.10144805908203,79.4277572631836,220.88999938964844,204.3722381591797,447.48834228515625,515.8640747070312,83.25926971435547
2024-05-16,30.01000022888184,27.05478286743164,79.16264343261719,220.02999877929688,202.8987579345703,446.5792846679688,514.8027954101562,83.17787170410156
2024-05-17,31.190000534057617,27.27876281738281,79.01241302490234,223.66000366210935,203.04515075683597,446.3619689941406,515.5426635742188,82.61741638183594
2024-05-20,31.32999992370605,27.54007148742676,79.02125549316406,224.55999755859372,203.49398803710935,449.4743347167969,516.13671875,82.37332916259766
2024-05-21,31.3799991607666,27.428083419799805,79.08311462402344,224.22999572753903,203.29885864257807,450.3536682128906,517.4025268554688,82.7982177734375
2024-05-22,29.559999465942383,26.877466201782227,78.82683563232422,220.1100006103516,201.5814208984375,450.2647399902344,515.912841796875,82.89765167236328
2024-05-23,29.26000022888184,27.08278465270996,78.28778839111328,215.72000122070312,198.27345275878903,448.2392883300781,512.1444091796875,82.3642807006836
2024-05-24,29.229999542236328,27.213436126708984,78.59708404541016,215.9199981689453,200.468994140625,452.4779968261719,515.5331420898438,82.6083755493164
2024-05-28,29.899999618530277,27.46541404724121,78.12867736816406,218.19000244140625,200.19580078125,454.1873168945313,515.8932495117188,81.42410278320312
2024-05-29,29.350000381469727,26.578828811645508,77.84593200683594,216.16000366210935,197.2390899658203,450.9860229492188,512.28076171875,80.43875885009766
2024-05-30,28.59000015258789,26.205530166625977,78.31427001953125,216.57000732421875,199.11265563964844,446.1543884277344,508.8825073242188,81.21619415283203
2024-05-31,28.420000076293945,26.345518112182617,78.69425201416016,215.3000030517578,200.79104614257807,445.3245239257813,513.5173950195312,81.76761627197266
2024-06-03,28.700000762939453,26.392179489135746,79.05186462402344,217.22000122070312,199.6591033935547,447.7156066894531,513.9360961914062,83.09017944335938
2024-06-04,27.940000534057617,26.420175552368164,79.10509490966797,215.2700042724609,197.0829620361328,448.9407348632813,514.5106201171875,84.06078338623047
2024-06-05,28.46999931335449,26.485504150390625,79.31806182861328,217.82000732421875,200.09820556640625,457.9913330078125,520.6255493164062,84.67759704589844
2024-06-06,28.71999931335449,26.644155502319336,79.1317138671875,219.42999267578125,198.6637725830078,457.833251953125,520.6159057617188,84.55062103271484
2024-06-07,27.43000030517578,26.1308708190918,78.5105972290039,211.6000061035156,196.33160400390625,457.4281311035156,519.9830932617188,82.99948120117188
2024-06-10,27.979999542236328,26.14020347595215,78.49283599853516,213.5399932861328,197.0049285888672,459.2757263183594,521.589599609375,82.4461441040039
2024-06-11,27.780000686645508,25.75545310974121,78.79456329345703,214.1499938964844,196.3316802978516,462.4276428222656,522.845703125,83.29882049560547
2024-06-12,27.8799991607666,25.870302200317383,79.10509490966797,214.72000122070312,199.34556579589844,468.48443603515625,527.1399536132812,83.92471313476562
2024-06-13,27.61000061035156,25.631031036376957,79.31806182861328,212.97000122070312,197.6037750244141,471.023681640625,528.2012329101562,85.15837097167969
2024-06-14,27.690000534057617,25.20990753173828,79.220458984375,215.72999572753903,194.46270751953125,473.4642028808594,528.5227661132812,85.87499237060547
2024-06-17,27.459999084472656,25.21947860717773,78.98087310791016,214.6100006103516,196.0968475341797,479.2640380859375,532.7291259765625,85.02230834960938
2024-06-18,27.68000030517578,25.257761001586918,79.50440216064453,215.47000122070312,196.4393310546875,479.4122314453125,534.0826416015625,85.80240631103516
2024-06-20,28.07999992370605,25.382184982299805,79.21157836914062,218.16000366210935,195.60757446289065,475.7169494628906,532.6317138671875,85.23094177246094
2024-06-21,27.440000534057617,24.94192123413086,79.30918884277344,214.77999877929688,196.0478973388672,474.4423522949219,531.9176635742188,85.23094177246094
2024-06-24,27.46999931335449,24.836639404296875,79.34469604492188,215.6300048828125,196.8992462158203,469.041015625,530.1885986328125,85.57562255859375
2024-06-25,27.149999618530277,24.70264434814453,79.33580780029297,214.55999755859372,196.25341796875,474.4047546386719,532.2302856445312,85.72077941894531
2024-06-26,27.18000030517578,24.76007652282715,79.06962585449219,212.5800018310547,195.73480224609372,475.384521484375,532.8945922851562,84.49617767333984
2024-06-27,26.920000076293945,24.65479278564453,79.14061737060547,214.9900054931641,197.72119140625,476.6116027832031,533.734619140625,84.8318099975586
2024-06-28,27.209999084472656,24.76007652282715,78.5105972290039,215.00999450683597,198.53338623046875,474.1375122070313,531.6343994140625,83.25347900390625
2024-07-01,27.459999084472656,24.48251342773437,78.19957733154297,215.57000732421875,196.8698883056641,476.9183654785156,532.728515625,81.81658935546875
2024-07-02,27.520000457763672,24.453800201416016,78.58277893066406,215.55999755859372,197.5450592041016,481.9259338378906,536.3135986328125,82.45360565185547
2024-07-03,28.100000381469727,25.01848793029785,79.19769287109375,217.9900054931641,197.4961395263672,485.9437561035156,538.70703125,83.5364761352539
2024-07-05,28.780000686645508,25.00891494750977,79.71454620361328,220.92999267578125,196.55674743652344,491.0105895996094,541.8134155273438,84.22805786132812
2024-07-08,28.530000686645508,25.00891494750977,79.69673919677734,218.19000244140625,197.93646240234372,492.1783752441406,542.4385986328125,84.41004180908203
2024-07-09,28.34000015258789,25.114198684692383,79.44722747802734,218.55999755859372,197.07534790039065,492.6038818359375,542.9661254882812,84.03695678710938
2024-07-10,28.3799991607666,25.736309051513672,79.82152557373047,219.3600006103516,199.0030670166016,497.7400512695313,548.3389282226562,84.30086517333984
2024-07-11,27.96999931335449,25.899015426635746,80.28490447998047,223.25,206.15609741210935,486.8245239257813,543.61083984375,85.11985778808594
2024-07-12,28.32999992370605,26.25314140319824,80.4364013671875,223.1100006103516,208.56326293945312,489.68450927734375,547.0396118164062,85.48382568359375
2024-07-15,28.020000457763672,26.090436935424805,80.1066665649414,223.8300018310547,212.52633666992188,491.0007019042969,548.5441284179688,84.50106048583984
2024-07-16,27.75,26.22443008422852,80.463134765625,228.2899932861328,219.77720642089844,491.188720703125,551.7969970703125,85.69310760498047
2024-07-17,27.43000030517578,25.65974235534668,80.17796325683594,227.22999572753903,217.4776611328125,476.76995849609375,544.0601806640625,85.71134948730469
2024-07-18,26.530000686645508,25.296045303344727,79.75911712646484,225.77999877929688,213.26998901367188,474.51361083984375,539.8790893554688,85.05613708496094
2024-07-19,26.399999618530277,25.114198684692383,79.54524230957031,221.72999572753903,212.18382263183597,470.3077087402344,536.2940673828125,84.55564880371094
2024-07-22,26.239999771118164,25.286474227905277,79.90174102783203,221.8000030517578,215.55972290039065,477.3142700195313,541.8232421875,84.30994415283203
2024-07-23,25.96999931335449,25.123767852783203,79.9284439086914,222.5800018310547,217.8494873046875,475.63189697265625,540.973388671875,84.191650390625
2024-07-24,25.520000457763672,24.9132080078125,79.41157531738281,221.8000030517578,213.17214965820312,458.57080078125,528.7134399414062,83.28168487548828
2024-07-25,25.71999931335449,24.606937408447266,79.54524230957031,218.3300018310547,215.83372497558597,453.5138244628906,525.9588012695312,83.96416473388672
2024-07-26,25.729999542236328,24.62607955932617,79.9908447265625,220.6300048828125,219.4053649902344,458.1650695800781,531.849365234375,84.61934661865234
2024-07-29,25.6200008392334,24.425086975097656,80.12449645996094,220.32000732421875,216.96881103515625,459.0853576660156,532.161865234375,85.07434844970703
2024-07-30,25.6200008392334,24.606937408447266,80.23143768310547,222.5200042724609,217.7907867431641,452.7815856933594,529.4656982421875,85.40192413330078
2024-07-31,26.21999931335449,24.894067764282227,80.605712890625,226.5500030517578,219.05308532714844,466.1810302734375,538.0719604492188,86.2755126953125
2024-08-01,25.530000686645508,24.166671752929688,80.56185913085938,225.7700042724609,211.92941284179688,454.889404296875,530.4522705078125,87.01961517333984
2024-08-02,25.850000381469727,23.956111907958984,81.09889221191406,225.33999633789065,204.43389892578125,444.0926818847656,520.5762329101562,89.73129272460938
2024-08-05,25.059999465942383,23.26700210571289,80.27546691894531,222.47999572753903,197.8582000732422,430.8515625,505.4151306152344,90.20606231689452
2024-08-06,25.15999984741211,23.563701629638672,80.00694274902344,220.6999969482422,200.0109405517578,434.9683532714844,510.0747985839844,88.18824768066406
2024-08-07,24.709999084472656,23.76469612121582,80.177001953125,220.5500030517578,197.64291381835935,430.25775146484375,506.66546630859375,87.56742858886719
2024-08-08,24.96999931335449,24.329381942749023,80.55290985107422,224.00999450683597,202.4474639892578,443.4197692871094,518.3782958984375,87.02875518798828
2024-08-09,25.040000915527344,24.501657485961918,80.91094207763672,224.55999755859372,202.02671813964844,445.7353820800781,520.6640625,87.88699340820312
2024-08-12,25.549999237060547,24.578224182128903,81.00044250488281,228.41000366210935,200.2066650390625,446.6954040527344,520.9376220703125,88.20655822753906
2024-08-13,25.43000030517578,24.69307327270508,81.4389877319336,228.05999755859372,203.50428771972656,457.7791137695313,529.5047607421875,88.81825256347656
2024-08-14,25.299999237060547,24.606937408447266,81.61798858642578,226.1999969482422,202.24200439453125,457.9275817871094,531.17529296875,89.37521362304688
2024-08-15,25.959999084472656,25.162052154541016,81.59113311767578,226.91000366210935,207.4868621826172,469.4962158203125,540.2797241210938,88.65391540527344
2024-08-16,26.100000381469727,24.98977470397949,81.92230987548828,231.9900054931641,208.03489685058597,470.099853515625,541.4910888671875,88.96437072753906
2024-08-19,26.3700008392334,25.30561637878418,82.17292022705078,231.6100006103516,210.5790252685547,476.2751159667969,546.6685180664062,89.37521362304688
2024-08-20,26.11000061035156,25.41089630126953,82.36982727050781,232.4600067138672,208.12294006347656,475.275634765625,545.779541015625,90.08736419677734
2024-08-21,26.3799991607666,25.60231590270996,82.61152648925781,232.1499938964844,210.8334808349609,477.4923706054688,547.6550903320312,90.14215850830078
2024-08-22,25.959999084472656,25.43960952758789,81.92230987548828,229.3699951171875,208.9742584228516,469.9217834472656,543.3568725585938,89.24738311767578
2024-08-23,26.479999542236328,25.899015426635746,82.80841064453125,232.0200042724609,215.64781188964844,475.0183410644531,549.1301879882812,89.83172607421875
2024-08-26,26.61000061035156,25.72673797607422,82.63832092285156,232.75999450683597,215.7162933349609,470.40667724609375,547.8212280273438,89.60346221923828
2024-08-27,26.81999969482422,25.477895736694336,82.53093719482422,233.38999938964844,214.0430145263672,471.8119201660156,548.5734252929688,89.44823455810547
2024-08-28,26.280000686645508,25.334327697753903,82.39668273925781,231.75,212.5948181152344,466.45806884765625,545.3887939453125,89.33869934082031
2024-08-29,26.21999931335449,25.506607055664062,82.36087799072266,232.9499969482422,214.11151123046875,465.7752685546875,545.4376220703125,89.04651641845703
2024-08-30,26.309999465942383,25.51617813110352,82.43248748779297,231.2899932861328,215.35427856445312,471.3270568847656,550.6443481445312,88.09700012207031
2024-09-03,25.46999931335449,24.85578155517578,82.10719299316406,230.2899932861328,208.76878356933597,457.0171203613281,539.3126831054688,89.53783416748047
2024-09-04,25.450000762939453,24.49208641052246,82.47563171386719,230.42999267578125,208.41653442382807,455.82952880859375,538.2088012695312,90.6919937133789
2024-09-05,25.809999465942383,24.453800201416016,82.79015350341797,232.3500061035156,207.37925720214844,456.2550964355469,536.8997192382812,91.20494079589844
2024-09-06,25.40999984741211,23.927398681640625,82.60143280029297,230.6300048828125,203.435791015625,444.03326416015625,527.8635864257812,91.1957778930664
2024-09-09,25.84000015258789,23.93697166442871,82.82608032226562,231.6000061035156,204.0033264160156,449.743408203125,533.7737426757812,91.5896453857422
2024-09-10,25.63999938964844,23.793405532836918,82.88898468017578,232.6199951171875,203.8369903564453,453.8997802734375,536.0986328125,92.23085021972656
2024-09-11,26.020000457763672,24.224096298217773,83.10466003417969,232.25,204.43389892578125,463.7563781738281,541.5985107421875,92.15754699707033
2024-09-12,26.31999969482422,24.740930557250977,83.23944091796875,236.3300018310547,207.0661163330078,468.3087158203125,546.1605224609375,91.72703552246094
2024-09-13,26.399999618530277,24.836639404296875,83.61688232421875,238.67999267578125,212.1740264892578,470.40667724609375,549.0130004882812,91.974365234375
2024-09-16,26.649999618530277,24.951492309570312,84.12908935546875,238.66000366210935,212.9373016357422,468.3284606933594,549.8239135742188,92.81707763671876
2024-09-17,26.799999237060547,24.712217330932617,84.11111450195312,237.33999633789065,214.6986389160156,468.575927734375,550.0484619140625,92.36821746826172
2024-09-18,26.649999618530277,24.559080123901367,83.86849212646484,235.50999450683597,214.7377777099609,466.5471801757813,548.4171752929688,91.22325134277344
2024-09-19,27.18000030517578,24.69307327270508,84.23690795898438,239.1699981689453,219.1607360839844,478.3434753417969,557.7755126953125,90.92098999023438
2024-09-20,27.11000061035156,24.69307327270508,84.07515716552734,242.2100067138672,216.8122711181641,477.4330139160156,556.8113403320312,90.57290649414062
2024-09-23,27.209999084472656,24.94192123413086,83.83256530761719,242.67999267578125,216.01963806152344,478.6985168457031,558.2027587890625,90.38053894042967
2024-09-24,28.299999237060547,25.5736026763916,83.94039154052734,246.07000732421875,216.38172912597656,481.007568359375,559.7999877929688,90.36222839355467
2024-09-25,28.059999465942383,25.43003845214844,83.68875885009766,245.72999572753903,213.7424774169922,481.4535217285156,558.5653076171875,89.61112213134766
2024-09-26,28.979999542236328,26.19571685791016,83.80557250976562,246.97999572753903,214.8814239501953,485.07073974609375,560.77978515625,89.82179260253906
2024-09-27,28.63999938964844,26.329710006713867,83.94935607910156,245.0200042724609,216.3345947265625,482.3751831054688,559.9664916992188,90.28894805908205
2024-09-30,28.350000381469727,26.10957717895508,84.09313201904297,243.05999755859372,216.8844146728516,483.6833190917969,562.2103881835938,89.85845947265625
2024-10-01,28.600000381469727,25.80330848693848,84.33226776123047,245.6100006103516,213.9388427734375,476.94439697265625,557.1738891601562,90.5072021484375
2024-10-02,29.13999938964844,25.45875358581543,84.14277648925781,245.66000366210935,213.64425659179688,477.6183166503906,557.4091186523438,89.7444839477539
2024-10-03,28.440000534057617,25.133338928222656,83.79085540771484,245.4900054931641,212.2107391357422,477.2615661621094,556.3900146484375,88.89906311035156
2024-10-04,28.59000015258789,25.382184982299805,83.47504425048828,245.0,215.17596435546875,482.9400634765625,561.4461669921875,87.8055191040039
2024-10-07,28.520000457763672,25.286474227905277,83.0960693359375,244.1699981689453,213.48716735839844,477.7669982910156,556.3704223632812,87.14385223388672
2024-10-08,28.0,25.32476043701172,83.23140716552734,242.3699951171875,213.63446044921875,484.9022216796875,561.63232421875,87.29090118408203
2024-10-09,27.63999938964844,25.30561637878418,83.0960693359375,241.0500030517578,214.1057586669922,488.7176513671875,565.5223999023438,86.79464721679688
2024-10-10,27.850000381469727,25.449182510375977,82.96070861816406,242.82000732421875,212.91769409179688,488.1626892089844,564.53271484375,86.45465850830078
2024-10-11,28.170000076293945,25.60231590270996,83.06898498535156,245.47000122070312,217.24771118164065,488.9257507324219,567.913330078125,86.1054458618164
2024-10-14,27.65999984741211,25.544891357421875,83.24043273925781,245.07000732421875,218.84814453125,493.0285034179688,572.5579223632812,86.16976928710938
2024-10-15,27.270000457763672,25.152482986450195,83.46601104736328,245.9199981689453,219.02490234375,486.4383544921875,568.109375,87.2173843383789
2024-10-16,27.40999984741211,25.162052154541016,83.67354583740234,247.1499938964844,222.62835693359372,486.497802734375,570.57861328125,87.58494567871094
2024-10-17,27.200000762939453,25.00891494750977,83.14116668701172,248.6300048828125,222.01959228515625,486.8347473144531,570.6275634765625,86.19735717773438
2024-10-18,27.57999992370605,25.18119430541992,83.33065795898438,251.2700042724609,221.55810546875,490.0258483886719,572.8224487304688,86.26167297363281
2024-10-21,27.40999984741211,25.267332077026367,82.50953674316406,251.22000122070312,218.07249450683597,490.96728515625,571.8817749023438,84.75457763671875
2024-10-22,27.56999969482422,25.43960952758789,82.32006072998047,253.92999267578125,217.24771118164065,491.50238037109375,571.5780029296875,84.8373031616211
2024-10-23,27.21999931335449,25.650171279907227,82.01326751708984,250.8699951171875,215.26434326171875,483.9706726074219,566.3551635742188,84.60755920410156
2024-10-24,27.38999938964844,25.812877655029297,82.34709930419922,252.8000030517578,215.73562622070312,487.8951110839844,567.5801391601562,85.14974212646484
2024-10-25,27.43000030517578,25.82244682312012,82.34709930419922,253.32000732421875,214.92068481445312,490.8681945800781,567.3841552734375,84.67185974121094
2024-10-28,27.450000762939453,25.650171279907227,82.42832946777344,253.3300018310547,218.42596435546875,490.9474487304688,569.1381225585938,84.4421615600586
2024-10-29,27.459999084472656,25.19076538085937,82.61780548095703,256.0899963378906,217.7190399169922,495.6646423339844,570.0592651367188,84.57080078125
2024-10-30,27.36000061035156,24.52079963684082,82.52755737304688,257.5,217.4244537353516,491.9186401367188,568.3346557617188,84.81893157958984
2024-10-31,27.36000061035156,24.48251342773437,82.04035186767578,253.50999450683597,213.81118774414065,479.5012817382813,557.1934814453125,84.95675659179688
2024-11-01,27.350000381469727,24.51122665405273,81.71576690673828,252.47000122070312,215.00906372070312,483.0490417480469,559.5451049804688,83.75902557373047
2024-11-04,27.81999969482422,24.81749725341797,82.06932830810547,252.8300018310547,216.0989532470703,481.6418151855469,558.3399047851562,85.0591049194336
2024-11-05,28.01000022888184,24.664363861083984,82.32316589355469,253.3999938964844,220.1638641357422,487.78607177734375,565.09130859375,85.51091766357422
2024-11-06,26.68000030517578,24.606937408447266,82.06027221679688,245.6999969482422,232.91830444335935,501.0359497070313,579.1425170898438,83.16890716552734
2024-11-07,27.84000015258789,24.846210479736328,82.957763671875,249.6499938964844,232.0935211181641,508.9243469238281,583.62060546875,84.21083068847656
2024-11-08,27.11000061035156,24.157100677490234,83.18437194824219,247.9600067138672,233.802001953125,509.51904296875,586.148681640625,85.28040313720703
2024-11-11,26.68000030517578,23.994394302368164,83.01216125488281,242.13999938964844,237.3170623779297,509.2217102050781,586.7072143554688,84.86547088623047
2024-11-12,26.059999465942383,23.802978515625,82.36849975585938,240.0500030517578,233.15396118164065,508.3000183105469,584.8846435546875,83.59305572509766
2024-11-13,25.63999938964844,24.042251586914062,82.25064849853516,237.6300048828125,230.84657287597656,507.64599609375,585.1688232421875,82.80009460449219
2024-11-14,25.729999542236328,23.831687927246094,82.04215240478516,237.00999450683597,227.73406982421875,504.1180114746094,581.4061279296875,83.27953338623047
2024-11-15,25.600000381469727,23.8986873626709,81.9242935180664,236.58999633789065,224.3367919921875,492.10693359375,573.958984375,83.05826568603516
2024-11-18,25.989999771118164,24.31023597717285,82.02401733398438,241.08999633789065,224.7786407470703,495.52587890625,576.3108520507812,83.2057876586914
2024-11-19,26.149999618530277,24.319808959960938,82.41382598876953,243.25,226.44781494140625,498.9350280761719,578.41748046875,83.62993621826172
2024-11-20,26.040000915527344,24.41551780700684,82.42288970947266,244.6199951171875,226.7423858642578,498.6476135253906,578.6134033203125,83.36253356933594
2024-11-21,25.899999618530277,24.472944259643555,82.45914459228516,246.66000366210935,230.188720703125,500.4413146972656,581.7196044921875,83.29800415039062
2024-11-22,25.670000076293945,24.061391830444336,82.35942840576172,249.83999633789065,234.44021606445312,501.24407958984375,583.5225830078125,83.3440933227539
2024-11-25,25.940000534057617,24.13795661926269,83.12999725341797,242.47999572753903,238.0043487548828,502.0368347167969,585.5020751953125,85.50169372558594
2024-11-26,25.690000534057617,24.157100677490234,83.01216125488281,242.9499969482422,236.2566375732422,504.7323913574219,588.5591430664062,85.16975402832031
2024-11-27,25.790000915527344,24.281524658203125,83.30223083496094,243.4900054931641,236.58067321777344,500.7584533691406,586.7758178710938,85.7598876953125
2024-11-29,25.799999237060547,24.26238441467285,83.53794860839844,245.58999633789065,237.48394775390625,505.1585388183594,590.4208374023438,86.64503479003906
2024-12-02,25.8700008392334,24.425086975097656,83.445068359375,243.44000244140625,237.3661651611328,510.6585998535156,591.4791870117188,86.85323333740234
2024-12-03,26.200000762939453,24.539941787719727,83.46328735351562,243.92999267578125,235.67735290527344,512.2244873046875,591.75341796875,86.10376739501953
2024-12-04,26.18000030517578,24.444231033325195,83.77281188964844,244.6699981689453,236.52175903320312,518.5569458007812,595.427978515625,87.02901458740234
2024-12-05,26.190000534057617,24.645219802856445,83.88207244873047,242.8600006103516,233.7627410888672,517.1200561523438,594.4481811523438,87.2048110961914
2024-12-06,26.149999618530277,24.539941787719727,84.16426086425781,242.9499969482422,234.5972900390625,521.748046875,595.5750122070312,87.3343505859375
2024-12-09,26.59000015258789,24.932350158691406,83.97309112548828,245.3600006103516,233.41905212402344,517.6849365234375,592.5079345703125,86.52937316894531
2024-12-10,26.600000381469727,24.78878402709961,83.8365249633789,248.58999633789065,232.40771484375,515.9208984375,590.6658325195312,86.12226867675781
2024-12-11,26.59000015258789,24.85578155517578,83.79103088378906,250.9600067138672,233.45834350585935,525.1571655273438,595.2319946289062,85.30804443359375
2024-12-12,26.420000076293945,24.77921295166016,83.35405731201172,247.27999877929688,230.4243621826172,521.7678833007812,592.1651000976562,84.27175903320312
2024-12-13,26.1200008392334,24.65479278564453,82.92615509033203,244.2899932861328,228.8435516357422,525.76171875,592.0475463867188,83.4112777709961
2024-12-16,26.13999938964844,24.49208641052246,82.9990005493164,244.8800048828125,230.188720703125,533.3330688476562,594.5755004882812,83.66109466552734
2024-12-17,25.88999938964844,24.39990234375,82.95347595214844,243.94000244140625,227.55345153808597,530.9843139648438,592.1258544921875,83.86466979980469
2024-12-18,25.6299991607666,23.95818901062012,81.70858764648438,239.25999450683597,217.47911071777344,511.8279418945313,574.478515625,82.81599426269531
2024-12-19,25.520000457763672,24.04461097717285,81.35187530517578,239.6000061035156,216.5140380859375,509.5487060546875,574.302001953125,81.56205749511719
2024-12-20,25.6200008392334,24.179044723510746,81.91897583007812,242.1000061035156,218.54270935058597,513.998291015625,581.2000122070312,82.02647399902344
2024-12-23,25.59000015258789,24.0542106628418,81.70858764648438,240.9600067138672,218.04046630859372,519.006103515625,584.6802978515625,81.27410888671875
2024-12-24,25.65999984741211,24.131031036376957,82.074462890625,241.44000244140625,219.9903106689453,526.0437622070312,591.1790771484375,81.6177749633789
2024-12-26,25.88999938964844,24.09262084960937,81.99214935302734,243.07000732421875,222.24546813964844,525.686279296875,591.2184448242188,81.57133483886719
2024-12-27,25.790000915527344,24.140634536743164,81.68115997314453,241.3999938964844,219.00555419921875,518.6984252929688,584.9949951171875,80.90258026123047
2024-12-30,25.6299991607666,24.04461097717285,81.83252716064453,240.6300048828125,217.32156372070312,511.7997741699219,578.3192138671875,81.5527572631836
2024-12-31,25.15999984741211,24.04461097717285,81.67656707763672,242.1300048828125,217.59732055664065,507.45208740234375,576.2152709960938,81.1162109375
2025-01-02,25.31999969482422,23.785343170166016,81.9517593383789,245.4199981689453,217.7745513916016,506.4595336914063,574.7994995117188,81.33911895751953
2025-01-03,25.549999237060547,23.583690643310547,82.0985336303711,243.4900054931641,221.01449584960935,514.747802734375,581.9865112304688,81.07905578613281
2025-01-06,26.0,23.919776916503903,82.13520812988281,243.19000244140625,221.1031494140625,520.663818359375,585.3390502929688,80.71680450439453
2025-01-07,26.209999084472656,24.140634536743164,81.80499267578125,244.55999755859372,219.33050537109372,511.3728942871094,578.7223510742188,79.8065185546875
2025-01-08,26.739999771118164,24.159839630126957,81.86919403076172,245.8600006103516,218.3358917236328,511.4622802734375,579.5678100585938,79.90867614746094
2025-01-10,26.88999938964844,24.07341766357422,81.42890167236328,248.2100067138672,213.53013610839844,503.4419860839844,570.7193603515625,79.37925720214844
2025-01-13,27.07999992370605,24.140634536743164,81.30965423583984,245.7400054931641,213.9437713623047,501.8240356445313,571.6043090820312,79.35139465332031
2025-01-14,27.239999771118164,24.41910743713379,81.42890167236328,247.02999877929688,216.37619018554688,501.3475341796875,572.3907470703125,79.22135162353516
2025-01-15,27.600000381469727,24.639965057373047,82.36454772949219,248.8800048828125,220.6304168701172,512.8817138671875,582.802490234375,80.58676147460938
2025-01-16,27.75,24.505529403686523,82.26362609863281,250.6000061035156,221.07357788085935,509.2884521484375,581.6817016601562,80.84683227539062
2025-01-17,27.25,24.75519561767578,82.41958618164062,249.2700042724609,222.02880859375,517.8844604492188,587.521728515625,80.98617553710938
2025-01-21,27.229999542236328,25.21611213684082,82.9791259765625,253.1300048828125,226.2928924560547,520.9217529296875,592.899658203125,81.71066284179688
2025-01-22,27.0,25.35054588317871,82.74981689453125,254.42999267578125,224.81573486328125,527.582275390625,596.2326049804688,81.28340148925781
2025-01-23,27.1299991607666,25.638622283935547,82.7314453125,254.07000732421875,225.8399200439453,528.7039184570312,599.48681640625,80.65178680419922
2025-01-24,27.149999618530277,25.840274810791016,82.86905670166016,255.6499938964844,225.2096710205078,525.7161865234375,597.7367553710938,81.0140380859375
2025-01-27,26.6299991607666,25.561803817749023,83.1075668334961,252.9900054931641,223.052978515625,510.41009521484375,589.2815551757812,81.97074127197266
2025-01-28,26.690000534057617,25.465776443481445,83.07084655761719,255.17999267578125,223.2991943359375,517.9539184570312,594.3449096679688,81.91499328613281
2025-01-29,26.899999618530277,25.667428970336918,82.99748229980469,254.1999969482422,222.787109375,516.981201171875,591.6806030273438,81.7478256225586
2025-01-30,27.170000076293945,26.47403717041016,83.34605407714844,258.04998779296875,225.05210876464844,519.1847534179688,594.8561401367188,82.05433654785156
2025-01-31,26.850000381469727,26.24357795715332,83.06169128417969,258.5599975585937,223.0332946777344,518.430419921875,591.6903076171875,81.51560974121094
2025-02-03,27.15999984741211,26.14755249023437,83.19165802001953,259.94000244140625,220.4236297607422,514.2813110351562,587.7085571289062,82.17931365966797
2025-02-04,27.479999542236328,26.72370147705078,83.48662567138672,262.5,223.4764404296875,520.5941772460938,591.6510620117188,82.43099212646484
2025-02-05,27.93000030517578,26.78131484985352,83.95674133300781,264.1300048828125,225.9088592529297,522.9566040039062,594.0498657226562,83.79193878173828
2025-02-06,28.09000015258789,27.107799530029297,83.88301086425781,263.42999267578125,225.17027282714844,525.686279296875,596.1146240234375,83.75466918945312
2025-02-07,28.899999618530277,27.117403030395508,83.56037902832031,263.8999938964844,222.5605926513672,519.0557250976562,590.6580810546875,83.21399688720703
2025-02-10,29.5,27.165416717529297,83.56037902832031,268.3699951171875,223.56509399414065,525.3389282226562,594.6693115234375,82.96233367919922
2025-02-11,28.8799991607666,27.184619903564453,83.20086669921875,267.3900146484375,222.26515197753903,524.0883178710938,595.1216430664062,82.43099212646484
2025-02-12,29.57999992370605,27.40547752380371,82.93354034423828,267.6700134277344,220.21682739257807,524.3959350585938,593.2044677734375,81.31239318847656
2025-02-13,30.15999984741211,27.98162651062012,83.61568450927734,270.3099975585937,222.698486328125,531.9397583007812,599.4671630859375,82.66403198242188
2025-02-14,29.270000457763672,27.991230010986328,83.873779296875,266.2900085449219,222.53106689453125,534.1732177734375,599.437744140625,83.10214233398438
2025-02-18,28.84000015258789,27.29024887084961,83.51428985595703,270.70001220703125,223.752197265625,535.3842163085938,601.197509765625,82.1233901977539
2025-02-19,28.809999465942383,27.46309280395508,83.53272247314453,270.8500061035156,222.98406982421875,535.5330810546875,602.61328125,82.22591400146484
2025-02-20,29.06999969482422,27.751169204711918,83.68942260742188,270.989990234375,220.8470916748047,533.2599487304688,600.1062622070312,82.53351593017578
2025-02-21,28.600000381469727,27.530309677124023,83.71708679199219,270.739990234375,214.48538208007807,522.1923217773438,589.8419799804688,83.53093719482422
2025-02-24,28.399999618530277,27.73196029663086,83.80004119873047,272.2099914550781,212.9392852783203,516.0281982421875,587.157958984375,83.7732925415039
2025-02-25,28.36000061035156,27.77997398376465,84.32546997070312,268.6199951171875,212.1317596435547,509.5266723632813,584.2379150390625,85.2181396484375
2025-02-26,28.600000381469727,27.74156379699707,84.60200500488281,269.0299987792969,212.3976593017578,510.7574462890625,584.5328369140625,85.72151184082031
2025-02-27,28.690000534057617,27.5975284576416,84.3162612915039,264.92999267578125,209.15773010253903,496.5731506347656,575.2025756835938,85.1156005859375
2025-02-28,28.3799991607666,27.4822998046875,84.83243560791016,263.2699890136719,211.38333129882807,504.4147033691406,584.1788940429688,86.15961456298828
2025-03-03,28.56999969482422,27.232635498046875,84.65287017822266,266.739990234375,205.6026763916016,493.3768615722656,573.944091796875,86.56172943115234
2025-03-04,28.489999771118164,27.751169204711918,84.52326965332031,269.0599975585937,203.2785797119141,491.8880004882813,567.1505126953125,85.49571990966797
2025-03-05,30.07999992370605,28.221689224243164,84.4955062866211,269.6199951171875,205.29739379882807,498.3002624511719,573.2460327148438,84.8131103515625
2025-03-06,29.899999618530277,28.509763717651367,83.99563598632812,268.25,202.1559295654297,484.5923156738281,563.0703735351562,84.5325698852539
2025-03-07,29.479999542236328,28.586584091186523,84.22705078125,268.3900146484375,202.8157501220703,488.15576171875,566.2262573242188,84.26139831542969
2025-03-10,29.07999992370605,28.000831604003903,84.11598205566406,266.0400085449219,197.71458435058597,469.2366027832031,551.14453125,85.14038848876953
2025-03-11,29.899999618530277,28.221689224243164,83.9493637084961,269.1600036621094,197.6948699951172,468.1149597167969,546.5629272460938,84.5325698852539
2025-03-12,30.21999931335449,28.17367935180664,83.93083953857422,270.3299865722656,198.03955078125,473.3956604003906,549.4633178710938,84.02762603759766
2025-03-13,30.780000686645508,28.57697868347168,83.89381408691406,275.1300048828125,195.085205078125,464.8790588378906,542.1386108398438,84.76634216308594
2025-03-14,30.459999084472656,28.865053176879883,83.97712707519531,275.239990234375,199.80230712890625,476.1153869628906,553.3369140625,84.31748962402344
2025-03-17,31.07999992370605,29.48921585083008,84.19929504394531,276.7300109863281,202.32334899902344,479.202392578125,557.6039428710938,84.73828887939453
2025-03-18,31.31999969482422,29.67166328430176,84.17152404785156,279.9599914550781,200.5664978027344,471.033203125,551.5770874023438,84.82244873046875
2025-03-19,32.0,29.71007537841797,84.63434600830078,281.1099853515625,203.68539428710935,477.3363342285156,557.5842895507812,85.26194763183594
2025-03-20,31.989999771118164,29.30677032470703,84.46773529052734,280.75,202.39242553710935,475.7183532714844,555.9718017578125,85.31803894042969
2025-03-21,31.899999618530277,29.09551239013672,84.21781921386719,278.489990234375,201.13894653320312,477.2866516113281,556.1552124023438,84.8131103515625
2025-03-24,31.84000015258789,29.201141357421875,84.1622543334961,277.25,206.14300537109372,487.7604064941406,566.1151733398438,83.9434585571289
2025-03-25,32.68000030517578,29.537229537963867,84.24557495117188,278.4700012207031,204.9980926513672,490.5438537597656,567.4760131835938,83.93411254882812
2025-03-26,32.75,29.066707611083984,83.76421356201172,278.239990234375,202.91554260253903,481.5175476074219,560.7013549804688,83.38240051269531
2025-03-27,31.959999084472656,28.970684051513672,83.57909393310547,281.9700012207031,201.9482879638672,478.7738342285156,559.2122802734375,83.13928985595703
2025-03-28,31.950000762939453,28.57697868347168,83.67166137695312,284.0599975585937,197.8424224853516,466.1687622070313,547.9507446289062,84.2894287109375
2025-03-31,31.600000381469727,28.634593963623047,83.85678100585938,288.1400146484375,196.8948974609375,466.14886474609375,551.6289672851562,85.12167358398438
2025-04-01,31.520000457763672,28.999488830566406,84.12641906738281,287.57000732421875,196.9146270751953,469.9065856933594,553.18701171875,85.85930633544922
2025-04-02,31.530000686645508,28.72101783752441,84.08922576904297,288.1600036621094,200.02366638183597,473.336181640625,556.6878662109375,85.8030014038086
2025-04-03,30.06999969482422,28.874656677246094,83.58714294433594,286.4200134277344,187.18289184570312,447.9967651367188,529.2537231445312,86.19715881347656
2025-04-04,27.520000457763672,27.069393157958984,82.36913299560547,279.7200012207031,178.83294677734375,420.1722412109375,498.2696838378906,87.13560485839844
2025-04-07,26.68000030517578,26.013118743896484,81.03955078125,273.7099914550781,177.21429443359375,421.1861877441406,497.3821716308594,84.5079345703125
2025-04-08,25.71999931335449,25.446571350097656,80.46309661865234,275.20001220703125,172.5458221435547,413.6012573242188,489.5918273925781,82.91255187988281
2025-04-09,27.739999771118164,27.117403030395508,82.53649139404297,285.3800048828125,187.2124938964844,463.24615478515625,541.0084838867188,83.40055847167969
2025-04-10,27.489999771118164,26.416423797607425,80.93729400634766,292.3500061035156,179.34622192382812,443.5432434082031,517.3018798828125,81.1013412475586
2025-04-11,28.51000022888184,27.26144027709961,81.22552490234375,297.92999267578125,181.9617156982422,451.7146911621094,526.5320434570312,81.54240417480469
2025-04-14,29.399999618530277,27.97202491760254,82.07160949707031,296.2300109863281,184.1034698486328,454.7765197753906,531.64013671875,82.124267578125
2025-04-15,29.01000022888184,28.183277130126957,82.32264709472656,297.7799987792969,184.3304901123047,455.2834777832031,530.151123046875,82.41516876220703
2025-04-16,29.31999969482422,28.260099411010746,82.35054779052734,307.4700012207031,182.5637969970703,441.5550537109375,518.3668823242188,82.8750228881836
2025-04-17,29.46999931335449,28.759428024291992,82.56439971923828,306.1199951171875,184.0541229248047,441.4755859375,519.1065063476562,82.14302062988281
2025-04-21,29.790000915527344,28.855453491210938,81.60672760009766,315.5899963378906,180.3627777099609,430.5505065917969,506.7503662109375,80.70719146728516
2025-04-22,30.3799991607666,29.681264877319336,82.45282745361328,311.1099853515625,185.03125,441.8533020019531,519.9348754882812,81.15763854980469
2025-04-23,30.3700008392334,29.95013427734375,82.81544494628906,303.6499938964844,187.77508544921875,451.873779296875,527.991455078125,81.94595336914062
2025-04-24,30.61000061035156,30.43986320495605,83.69872283935547,308.07000732421875,191.5355224609375,464.5881958007813,539.1051635742188,82.80931854248047
2025-04-25,30.3799991607666,30.411052703857425,84.03343963623047,304.7300109863281,191.59474182128903,469.7673950195313,543.0003662109375,83.41931915283203
2025-04-28,30.440000534057617,29.99814796447754,84.12641906738281,309.07000732421875,192.4040985107422,469.6182861328125,543.2074584960938,83.9448471069336
2025-04-29,30.18000030517578,30.1901969909668,84.23799896240234,306.0599975585937,193.53912353515625,472.7198181152344,546.6293334960938,84.64868927001953
2025-04-30,28.540000915527344,29.892518997192383,83.6429443359375,303.7699890136719,192.3251190185547,472.6601867675781,546.8462524414062,83.96363067626953
2025-05-01,28.81999969482422,29.83490562438965,83.68217468261719,297.4599914550781,193.51939392089844,478.8334655761719,550.7217407226562,83.53790283203125
2025-05-02,29.100000381469727,30.10377693176269,83.45802307128906,297.9800109863281,197.8719940185547,485.9411926269531,558.896728515625,82.63365936279297
2025-05-05,29.239999771118164,30.324634552001957,83.28990936279297,306.8800048828125,196.35206604003903,483.058349609375,555.6917724609375,82.172119140625
2025-05-06,29.65999984741211,30.3630428314209,83.63545989990234,315.4800109863281,194.2102813720703,478.5650939941406,551.047119140625,82.44526672363281
2025-05-07,28.739999771118164,30.487876892089844,83.96235656738281,310.75,194.8518218994141,480.4439086914063,553.3645629882812,82.79376983642578
2025-05-08,28.57999992370605,30.87197494506836,83.62612915039062,304.6300048828125,198.56288146972656,485.4044494628906,557.2202758789062,81.8707046508789
2025-05-09,28.940000534057617,30.919984817504883,83.75688171386719,306.8399963378906,198.19772338867188,485.0863037109375,556.51025390625,81.9931411743164
2025-05-12,28.920000076293945,31.064023971557617,84.24253845214844,298.19000244140625,205.16587829589844,504.8488159179688,574.901611328125,81.23019409179688
2025-05-13,29.40999984741211,31.26567649841309,84.31724548339844,299.4599914550781,205.9160003662109,512.5431518554688,578.6981811523438,80.9005355834961
2025-05-14,29.0,31.91864585876465,84.03707122802734,293.1600036621094,204.09005737304688,515.61474609375,579.437744140625,80.3636474609375
2025-05-15,29.270000457763672,31.755401611328125,84.31724548339844,297.8399963378906,205.4225006103516,516.181396484375,582.2678833007812,81.0700912475586
2025-05-16,28.61000061035156,31.313690185546875,84.47603607177734,294.239990234375,207.12013244628903,518.42822265625,585.9559326171875,81.2867202758789
2025-05-19,29.09000015258789,31.64977264404297,84.53206634521484,298.0299987792969,206.25157165527344,518.9252319335938,586.596923828125,81.05126190185547
2025-05-20,29.239999771118164,31.448118209838867,84.40132141113281,303.5799865722656,206.36013793945312,517.1954345703125,584.624755859375,80.46725463867188
2025-05-21,29.209999084472656,31.39050674438477,83.62612915039062,305.82000732421875,200.5664978027344,510.0081176757813,574.7733154296875,79.0920639038086
2025-05-22,29.229999542236328,31.342493057250977,83.90631866455078,303.1099853515625,200.5566253662109,510.9624938964844,575.0001831054688,79.50652313232422
2025-05-23,30.38999938964844,31.54414939880371,83.99037170410156,309.75,199.9249420166016,506.2305908203125,571.0753173828125,79.63839721679688
2025-05-27,29.649999618530277,31.448118209838867,84.5040512084961,304.5,204.9980926513672,518.1398315429688,582.9483642578125,80.74982452392578
2025-05-28,29.209999084472656,30.89117431640625,84.32659149169922,303.8099975585937,202.83657836914065,515.8433837890625,579.5758056640625,80.40133666992188
2025-05-29,29.15999984741211,30.80475807189941,84.61612701416016,305.6099853515625,203.4386444091797,516.8574829101562,581.8635864257812,81.14543914794922
2025-05-30,29.36000061035156,30.247812271118164,84.61612701416016,303.6000061035156,202.4023284912109,516.0422973632812,581.2128295898438,81.26787567138672
2025-06-02,30.3700008392334,30.276620864868164,84.58328247070312,311.6700134277344,203.0339813232422,520.1181030273438,584.4866333007812,80.51155853271484
2025-06-03,30.38999938964844,30.324634552001957,84.85533905029297,308.9100036621094,206.310791015625,524.1838989257812,587.8197631835938,80.36973571777344
2025-06-04,30.51000022888184,30.612707138061523,85.17430877685547,310.8999938964844,205.72848510742188,525.6452026367188,587.6619262695312,81.6744155883789
2025-06-05,30.76000022888184,30.89117431640625,84.96792602539062,309.3299865722656,205.8173065185547,521.688720703125,584.8218994140625,81.73111724853516
2025-06-06,30.229999542236328,30.574296951293945,84.83658599853516,305.17999267578125,209.1434631347656,526.788330078125,590.8274536132812,80.69120025634766
2025-06-09,30.68000030517578,30.487876892089844,85.0523681640625,306.6199951171875,210.58448791503903,527.5638427734375,591.3599853515625,80.77627563476562
2025-06-10,30.700000762939453,30.555089950561523,85.42762756347656,306.7099914550781,211.7194976806641,531.0530395507812,594.7127685546875,81.19225311279297
2025-06-11,30.020000457763672,31.24646759033203,85.68092346191406,308.3699951171875,210.8509826660156,529.263671875,593.0166625976562,81.43805694580078
2025-06-12,30.26000022888184,31.217662811279297,85.83100891113281,312.20001220703125,210.0120086669922,530.5062255859375,595.37353515625,82.4118423461914
2025-06-13,29.770000457763672,30.564695358276367,85.28690338134766,316.2900085449219,206.172607421875,523.8460083007812,588.7171630859375,81.61768341064453
2025-06-16,30.200000762939453,30.517608642578125,85.38070678710938,311.7799987792969,208.6033477783203,531.132568359375,594.3182983398438,80.795166015625
2025-06-17,29.959999084472656,29.870176315307617,85.4463882446289,311.94000244140625,206.4062042236328,525.953369140625,589.2398681640625,81.77839660644531
2025-06-18,30.350000381469727,29.762269973754883,85.39009094238281,310.260009765625,207.494873046875,525.8638916015625,589.1510009765625,81.92020416259766
2025-06-20,30.290000915527344,29.526840209960938,85.50265502929688,310.1300048828125,207.0594024658203,523.7166137695312,587.7673950195312,81.76895141601562
2025-06-23,30.649999618530277,29.45817375183105,85.74659729003906,311.0799865722656,209.5930938720703,529.1017456054688,593.5730590820312,82.03367614746094
2025-06-24,30.690000534057617,30.37046241760254,86.26255798339844,306.19000244140625,212.26531982421875,537.1927490234375,600.13037109375,82.6292724609375
2025-06-25,30.86000061035156,30.272369384765625,86.21565246582031,307.1199951171875,209.79103088378903,538.566162109375,600.4666748046875,82.73329162597656
2025-06-26,31.700000762939453,30.664751052856445,86.47834777832031,306.7799987792969,213.1956787109375,543.6019287109375,605.1646728515625,83.14923858642578
2025-06-27,31.670000076293945,30.4587516784668,86.40328216552734,301.2200012207031,213.2649383544922,545.4629516601562,608.1713256835938,82.61983489990234
2025-06-30,31.63999938964844,30.85113525390625,86.89114379882812,304.8299865722656,213.57177734375,548.995849609375,611.0791015625,83.43287658691406
2025-07-01,31.56999969482422,30.909992218017575,87.06067657470703,307.54998779296875,215.76893615722656,544.3681640625,610.8812866210938,83.63973236083984
2025-07-02,32.2400016784668,31.24351692199707,86.97589874267578,309.25,218.7578887939453,548.159912109375,613.6505737304688,83.10835266113281
2025-07-03,31.90999984741211,31.214088439941406,87.12664031982422,307.1400146484375,220.7868194580078,553.553955078125,618.4869995117188,82.52948760986328
2025-07-07,31.149999618530277,30.4293212890625,86.68389129638672,307.3699951171875,217.4712677001953,549.384033203125,613.8781127929688,81.74186706542969
2025-07-08,33.77000045776367,30.81189727783203,86.41070556640625,304.1600036621094,218.9756317138672,549.692626953125,613.5418090820312,81.6374740600586
2025-07-09,34.29999923706055,30.44894218444824,87.02302551269531,305.5199890136719,221.3509521484375,553.5838623046875,617.2210083007812,82.49152374267578
2025-07-10,34.79999923706055,30.50779914855957,86.89112854003906,306.20001220703125,222.48915100097656,552.7876586914062,618.9617309570312,82.5484619140625
2025-07-11,34.5099983215332,29.929033279418945,86.43894958496094,309.1400146484375,219.42100524902344,551.5436401367188,616.7858276367188,81.40972900390625
2025-07-14,34.279998779296875,29.63474464416504,86.44837951660156,308.010009765625,220.89569091796875,553.5440063476562,617.9627075195312,81.23893737792969
2025-07-15,34.310001373291016,29.320837020874023,86.21288299560547,306.7300109863281,216.57061767578125,554.051513671875,615.3220825195312,80.6695556640625
2025-07-16,34.18000030517578,29.203125,86.27880859375,308.260009765625,218.7480010986328,554.6187744140625,617.3792114257812,80.78343200683594
2025-07-17,34.150001525878906,29.65436553955078,86.37303161621094,307.5899963378906,221.61819458007807,559.107177734375,621.1573486328125,80.76445007324219
2025-07-18,34.65999984741211,29.585697174072266,86.56141662597656,308.3900146484375,220.0445251464844,558.56982421875,620.7024536132812,80.88780975341797
2025-07-21,34.939998626708984,29.72303009033203,86.89112854003906,313.1300048828125,219.15377807617188,561.4658203125,621.87939453125,81.60902404785156
2025-07-22,35.5,29.81131935119629,87.04183959960938,316.1000061035156,220.9748687744141,558.5599365234375,621.9683837890625,82.10247039794922
2025-07-23,36.09999847412109,29.83093643188477,87.07951354980469,312.17999267578125,224.34982299804688,561.1076049804688,627.2598266601562,81.64697265625
2025-07-24,36.16999816894531,29.90941429138184,87.06067657470703,310.2699890136719,221.2519989013672,562.3018188476562,627.4674682617188,81.50462341308594
2025-07-25,35.84000015258789,29.762269973754883,87.34327697753906,307.3999938964844,222.07345581054688,563.6553955078125,630.1180419921875,82.0170669555664
2025-07-28,34.790000915527344,29.21293258666992,87.2867660522461,305.4100036621094,221.81613159179688,565.4168090820312,629.9598388671875,81.48566436767578
2025-07-29,35.0,29.26198005676269,87.6164779663086,306.25,220.4008331298828,564.5410766601562,628.2982788085938,82.86161041259766
2025-07-30,28.239999771118164,28.918643951416016,87.46574401855469,300.9599914550781,219.28245544433597,565.2974243164062,627.507080078125,82.43460083007812
2025-07-31,27.450000762939453,29.26198005676269,87.48458862304688,302.9599914550781,217.1347503662109,562.3018188476562,625.1531372070312,82.48204040527344
2025-08-01,27.56999969482422,29.40912628173828,87.73153686523438,309.1099853515625,212.7107086181641,551.2251586914062,614.9066162109375,83.65464782714844
2025-08-04,27.71999931335449,29.664173126220703,88.16680145263672,310.9100036621094,217.4712677001953,561.396240234375,624.2530517578125,83.88327026367188
2025-08-05,27.209999084472656,29.683794021606445,88.16680145263672,311.1600036621094,218.5797576904297,557.5845336914062,621.088134765625,84.14046478271484
2025-08-06,27.459999084472656,29.517030715942383,88.22356414794922,310.5,218.292724609375,564.600830078125,625.845458984375,83.65464782714844
2025-08-07,27.479999542236328,30.154653549194336,88.35602569580078,313.1199951171875,217.5801239013672,566.5115356445312,625.3212280273438,83.51176452636719
2025-08-08,27.770000457763672,30.81189727783203,88.35602569580078,313.04998779296875,218.05520629882807,571.7960815429688,630.197265625,83.1497802734375
2025-08-11,27.690000534057617,30.870752334594727,88.46958923339844,308.54998779296875,218.00570678710935,570.1041870117188,628.9510498046875,83.24504852294922
2025-08-12,28.059999465942383,31.361230850219727,88.63990020751953,308.2699890136719,224.47845458984372,577.2697143554688,635.6469116210938,82.82591247558594
2025-08-13,27.950000762939453,31.92037582397461,89.07514953613281,309.2099914550781,228.84315490722656,577.558349609375,637.82275390625,83.51176452636719
2025-08-14,27.989999771118164,31.6555233001709,88.87645721435547,307.25,225.89378356933597,577.110595703125,637.8821411132812,82.89259338378906
2025-08-15,27.920000076293945,31.78304481506348,88.8007583618164,307.42999267578125,224.79519653320312,574.57275390625,636.388671875,82.30200958251953
2025-08-18,27.84000015258789,31.930185317993164,88.88591003417969,306.95001220703125,225.6166534423828,574.3438110351562,636.2501220703125,82.0638656616211
2025-08-19,27.56999969482422,31.57704162597656,88.92375183105469,305.2699890136719,223.88465881347656,566.5513916015625,632.7984008789062,82.5401382446289
2025-08-20,27.65999984741211,31.42989921569824,88.78182983398438,308.3599853515625,223.0928649902344,563.1876220703125,631.1170043945312,82.72113037109375
2025-08-21,27.770000457763672,31.292564392089844,88.49796295166016,307.2900085449219,223.64712524414065,560.5801391601562,628.5850830078125,82.31153869628906
2025-08-22,27.770000457763672,32.1754264831543,89.1413803100586,310.5799865722656,232.41604614257807,569.2284545898438,638.2381591796875,82.9211654663086
2025-08-25,27.86000061035156,32.08713912963867,88.7912826538086,309.8299865722656,229.971435546875,567.5863647460938,635.42919921875,82.68304443359375
2025-08-26,27.93000030517578,31.822280883789062,88.77236938476562,312.0799865722656,231.87168884277344,569.8654174804688,638.0897827148438,82.63541412353516
2025-08-27,27.65999984741211,31.930185317993164,88.66827392578125,312.7099914550781,233.51461791992188,570.7412109375,639.5436401367188,82.5401382446289
2025-08-28,27.93000030517578,31.959617614746094,89.18869018554688,315.0299987792969,233.791748046875,574.31396484375,641.8085327148438,83.0831298828125
2025-08-29,28.1299991607666,32.185237884521484,89.05621337890625,318.07000732421875,232.75254821777344,567.666015625,637.98095703125,82.49250793457031
2025-09-02,28.489999771118164,32.10676193237305,88.71602630615234,325.5899963378906,231.4955902099609,562.908935546875,633.2533569335938,81.8786392211914
2025-09-03,28.36000061035156,32.4206657409668,89.09613800048828,328.1400146484375,231.26795959472656,567.3375854492188,636.6853637695312,82.7774658203125
2025-09-04,28.07999992370605,32.76400375366211,89.44772338867188,326.69000244140625,234.15794372558597,572.4728393554688,642.00634765625,83.4085464477539
2025-09-05,27.940000534057617,33.185813903808594,90.04640197753906,331.04998779296875,235.3258209228516,573.298828125,640.14697265625,84.68028259277344
2025-09-08,28.030000686645508,32.59723663330078,90.03688049316406,334.82000732421875,235.80088806152344,576.0953979492188,641.7195434570312,85.8085708618164
2025-09-09,28.1299991607666,32.077335357666016,89.95136260986328,334.0599975585937,234.415283203125,577.7276000976562,643.203125,85.32093811035156
2025-09-10,28.32999992370605,32.263710021972656,90.44548797607422,335.260009765625,233.99957275390625,577.9166259765625,645.0625610351562,85.8085708618164
2025-09-11,28.799999237060547,33.37220001220703,90.7780990600586,334.760009765625,238.3246612548828,581.2803955078125,650.4231567382812,86.38227844238281
2025-09-12,28.600000381469727,32.587432861328125,90.51201629638672,335.4200134277344,235.88995361328125,583.8480224609375,650.2054443359375,86.00939178466797
2025-09-15,29.030000686645508,33.15638732910156,90.83511352539062,338.9100036621094,236.88958740234372,588.843994140625,653.6671142578125,86.2101821899414
2025-09-16,28.950000762939453,33.11714553833008,90.7780990600586,339.5899963378906,236.4994964599609,588.3463745117188,652.76708984375,86.3918685913086
2025-09-17,28.420000076293945,32.76400375366211,90.73057556152344,336.9700012207031,237.10494995117188,587.1720581054688,651.9561767578125,86.17194366455078
2025-09-18,28.34000015258789,32.96018981933594,90.35047912597656,335.6199951171875,243.01048278808597,592.466552734375,655.00244140625,85.2826919555664
2025-09-19,28.57999992370605,32.950382232666016,90.25546264648438,339.17999267578125,241.1643829345703,596.4771118164062,658.2465209960938,85.12012481689453
2025-09-22,28.6200008392334,32.862098693847656,90.45501708984376,345.04998779296875,242.5638427734375,600.0083618164062,661.3607788085938,84.81413269042969
2025-09-23,28.6200008392334,33.038673400878906,90.8065948486328,346.4599914550781,242.01795959472656,596.02294921875,657.7606201171875,85.40697479248047
2025-09-24,29.700000762939453,32.9896240234375,90.74957275390624,343.32000732421875,239.79470825195312,593.9305419921875,655.6678466796875,85.08189392089844
2025-09-25,29.51000022888184,32.57762145996094,90.52152252197266,344.75,237.5019378662109,591.3699340820312,652.6429443359375,85.08189392089844
2025-09-26,29.3700008392334,32.53838348388672,90.4930191040039,346.739990234375,239.53662109375,593.801025390625,656.3820190429688,85.0053939819336
2025-09-29,30.290000915527344,32.2244758605957,90.64505004882812,352.4599914550781,239.8145446777344,596.5509643554688,658.2266845703125,85.7033920288086
2025-09-30,30.0,32.33237838745117,90.45501708984376,355.4700012207031,240.1520233154297,598.1849975585938,660.7061157226562,85.45480346679688
2025-10-01,30.149999618530277,32.08713912963867,90.76322174072266,356.0299987792969,240.6780548095703,601.0545043945312,662.9574584960938,85.67548370361328
2025-10-02,30.559999465942383,31.78304481506348,90.8109130859375,354.7900085449219,242.19662475585935,603.5255126953125,663.7210693359375,85.92496490478516
2025-10-03,31.31999969482422,31.704565048217773,90.84909057617188,357.6400146484375,243.9930877685547,600.9848022460938,663.7112426757812,85.76183319091797
2025-10-06,31.1299991607666,31.4397087097168,90.73458099365234,364.3800048828125,244.96575927734372,605.498291015625,666.0914916992188,85.0805892944336
2025-10-07,31.299999237060547,31.6555233001709,90.6964340209961,366.260009765625,242.3355712890625,602.3099975585938,663.6219482421875,85.56993865966797
2025-10-08,31.3799991607666,32.16561508178711,90.74413299560548,372.2999877929688,244.8764495849609,609.2147216796875,667.5791625976562,85.63710021972656
2025-10-09,31.670000076293945,31.900758743286133,90.6964340209961,365.4299926757813,243.2983245849609,608.4774169921875,665.6452026367188,85.56993865966797
2025-10-10,30.270000457763672,30.90018081665039,90.295654296875,369.1199951171875,236.01315307617188,587.3545532226562,647.6542358398438,86.95164489746094
2025-10-13,31.59000015258789,31.50837516784668,90.91587829589844,378.0899963378906,242.58370971679688,599.8190307617188,657.5919189453125,86.90367126464844
2025-10-14,30.850000381469727,32.1754264831543,90.8777084350586,380.7900085449219,246.047607421875,595.8236694335938,656.78857421875,87.18193054199219
2025-10-15,30.739999771118164,32.77381134033203,91.19259643554688,387.3900146484375,248.45947265625,600.0282592773438,659.7044067382812,86.99002838134766
2025-10-16,30.84000015258789,32.76400375366211,91.32618713378906,396.4500122070313,243.22885131835935,597.806396484375,655.2116088867188,87.64249420166016
2025-10-17,30.81999969482422,32.724761962890625,91.35482025146484,388.989990234375,241.59117126464844,601.7320556640625,658.9308471679688,87.50817108154297
2025-10-20,31.229999542236328,33.2054328918457,91.7555694580078,403.1499938964844,246.30567932128903,609.3142700195312,665.7840576171875,87.8440170288086
2025-10-21,30.540000915527344,32.862098693847656,91.8700714111328,377.239990234375,245.1444396972656,609.1549682617188,665.7741088867188,88.27577209472656
2025-10-22,30.96999931335449,32.832672119140625,91.67923736572266,377.2799987792969,241.5216827392578,603.286376953125,662.3128051757812,88.3333511352539
2025-10-23,31.40999984741211,33.54876708984375,91.61243438720705,378.7900085449219,244.57867431640625,608.35791015625,666.2402954101562,87.7288589477539
2025-10-24,31.59000015258789,33.71553039550781,91.87962341308594,377.5199890136719,247.56619262695312,614.8541259765625,671.6851806640625,87.7672348022461
2025-10-27,31.899999618530277,33.93134307861328,92.58573150634766,367.010009765625,248.42970275878903,625.80419921875,679.6094970703125,88.06468963623047
2025-10-28,31.989999771118164,33.9705810546875,92.58573150634766,364.3800048828125,247.09971618652344,630.6165161132812,681.41455078125,88.29498291015625
2025-10-29,32.20000076293945,34.304107666015625,92.17543029785156,363.0,244.99554443359372,633.4562377929688,681.7418823242188,87.40262603759766
2025-10-30,31.56999969482422,34.66706466674805,92.07046508789062,370.1300048828125,243.0204162597656,623.7716064453125,674.2440185546875,86.89408111572266
2025-10-31,31.530000686645508,34.64744186401367,92.2422103881836,368.1199951171875,244.3900909423828,626.7805786132812,676.45556640625,86.63499450683594
2025-11-03,31.280000686645508,35.245826721191406,91.97195434570312,368.7799987792969,243.60601806640625,629.779541015625,677.7251586914062,86.4183349609375
2025-11-04,30.530000686645508,33.843055725097656,91.86654663085938,362.3200073242188,239.39767456054688,616.996337890625,669.6917114257812,86.6109390258789
2025-11-05,30.8799991607666,34.62782287597656,91.665283203125,366.510009765625,242.8516845703125,621.01171875,672.012451171875,85.66720581054688
2025-11-06,30.82999992370605,34.57877349853516,91.97195434570312,366.0700073242188,238.55404663085935,609.4439086914062,664.8021850585938,86.4375991821289
2025-11-07,30.670000076293945,35.11830139160156,92.01986694335938,368.30999755859375,239.8046112060547,607.5208740234375,665.4567260742188,86.25463104248047
2025-11-10,31.61000061035156,35.60877990722656,92.23070526123048,378.3800048828125,242.20654296875,620.9617919921875,675.8406982421875,86.23536682128906
2025-11-11,31.34000015258789,35.804969787597656,92.4415283203125,379.8699951171875,242.41497802734372,619.307861328125,677.3878784179688,86.63020324707031
2025-11-12,31.5,36.55049896240234,92.47988891601562,385.989990234375,241.8194580078125,618.8196411132812,677.7648315429688,86.78426361083984
2025-11-13,31.26000022888184,36.01097106933594,92.02945709228516,382.8699951171875,235.0206451416016,606.1858520507812,666.5180053710938,86.0716552734375
2025-11-14,31.31999969482422,35.67744445800781,91.97195434570312,375.9599914550781,235.7054748535156,606.6441040039062,666.4088745117188,85.58053588867188
2025-11-17,30.90999984741211,36.59954833984375,91.99112701416016,371.6499938964844,231.02073669433597,601.4630126953125,660.2003173828125,85.79238891601562
2025-11-18,30.799999237060547,36.128692626953125,91.96239471435548,374.3500061035156,231.72544860839844,594.1398315429688,654.65625,85.76350402832031
2025-11-19,31.1299991607666,36.403358459472656,92.11571502685548,374.9599914550781,231.6857452392578,597.6868286132812,657.185302734375,85.59017181396484
2025-11-20,30.770000457763672,35.89325714111328,91.8952865600586,374.8500061035156,227.3980255126953,583.5385131835938,647.1683349609375,85.92721557617188
2025-11-21,31.06999969482422,35.64801788330078,92.14447021484376,374.2699890136719,233.83953857421875,587.9224853515625,653.6149291992188,86.18722534179688
2025-11-24,31.11000061035156,35.912879943847656,92.33612060546876,380.2000122070313,238.10739135742188,602.9575805664062,663.235107421875,86.6783447265625
2025-11-25,31.18000030517578,36.560306549072266,92.57572174072266,380.0799865722656,243.2983245849609,606.6740112304688,669.4735107421875,86.89983367919922
2025-11-26,31.84000015258789,36.89383316040039,92.67155456542967,383.1199951171875,245.45211791992188,612.034423828125,674.09521484375,87.28502655029297
2025-11-28,32.279998779296875,37.13907241821289,92.70030975341795,387.8800048828125,246.89126586914065,616.996337890625,677.7747192382812,86.87093353271484
2025-12-01,32.290000915527344,36.97230911254883,92.3751220703125,389.75,243.7846527099609,614.923828125,674.6802978515625,85.78949737548828
2025-12-02,32.13999938964844,37.56088638305664,92.75993347167967,387.239990234375,243.3380279541016,619.736328125,675.9300537109375,85.82817077636719
2025-12-03,33.029998779296875,37.88460540771485,92.8753890991211,386.8800048828125,247.7646942138672,621.2507934570312,678.2706298828125,86.06977844238281
2025-12-04,32.84000015258789,37.77669525146485,92.79840850830078,387.1300048828125,249.93833923339844,620.6729125976562,678.7664794921875,85.60588836669922
2025-12-05,33.349998474121094,37.45298385620117,92.67337036132812,386.4400024414063,248.89617919921875,623.20361328125,680.0557861328125,85.20964050292969
2025-12-08,33.2400016784668,37.5118408203125,92.28853607177734,385.4200134277344,248.9954376220703,622.008056640625,678.0127563476562,84.92938995361328
2025-12-09,32.650001525878906,37.60993194580078,92.21159362792967,387.3999938964844,249.51153564453125,622.7752075195312,677.4275512695312,85.01637268066406
2025-12-10,33.06999969482422,38.01213073730469,92.5867691040039,389.0499877929688,252.90599060058597,625.3258666992188,681.92041015625,85.34494018554688
2025-12-11,33.61000061035156,38.53203201293945,92.65411376953124,393.239990234375,255.87364196777344,623.3032836914062,683.5072021484375,85.22898864746094
2025-12-12,32.83000183105469,39.02251052856445,92.60603332519533,395.4400024414063,251.9531707763672,611.3867797851562,676.1581420898438,84.40751647949219
2025-12-15,33.150001525878906,38.25736999511719,92.73108673095705,395.7999877929688,250.0475006103516,608.3179931640625,675.1365356445312,84.46550750732422
2025-12-16,32.88999938964844,38.16205978393555,92.98121643066406,395.8900146484375,248.8644256591797,609.5236206054688,673.2918701171875,84.92938995361328
2025-12-17,33.22999954223633,37.61183547973633,92.62525177001952,399.2900085449219,246.2154693603516,598.2247924804688,665.8832397460938,84.85208892822266
2025-12-18,33.2599983215332,38.014678955078125,93.0293197631836,398.5700073242188,247.6793670654297,606.8931884765625,670.9114990234375,85.25798034667969
2025-12-19,33.599998474121094,38.62385940551758,92.9839096069336,399.0199890136719,249.7507476806641,614.8042602539062,676.9923095703125,84.93976593017578
2025-12-22,33.72999954223633,39.09547805786133,93.02255249023438,408.2300109863281,252.52919006347656,617.7513427734375,681.2098999023438,84.75542449951172
2025-12-23,34.150001525878906,39.22320938110352,92.97427368164062,413.6400146484375,251.035400390625,620.6444702148438,684.3233032226562,84.89125061035156
2025-12-24,34.20000076293945,39.3312873840332,93.25435638427734,411.9299926757813,251.66281127929688,622.460205078125,686.7305297851562,85.40544128417969
2025-12-26,35.810001373291016,39.58675384521485,93.24469757080078,416.739990234375,250.3781280517578,622.4203491210938,686.660888671875,85.12409210205078
2025-12-29,34.18000030517578,39.449195861816406,93.29298400878906,398.6000061035156,248.8445281982422,619.4074096679688,684.2138671875,85.44424438476562
2025-12-30,35.25,39.9099235534668,93.17710876464844,398.8900146484375,247.00218200683597,617.9707641601562,683.3783569335938,85.24050903320312
2025-12-31,34.959999084472656,39.772098541259766,92.99358367919922,396.30999755859375,245.1399383544922,612.8628540039062,678.3152465820312,84.56138610839844
